window_length,origin,estimator,forward_regime,forward_volatility,forward_variance,realised_sample_variance,realised_volatility,variance_ratio_vs_informed,excess_volatility_pct,weight_l2_distance_to_informed,max_weight,effective_assets,condition_number,estimator_note,turnover
40,0,sample,regime_1,0.007936776853326269,6.299242681949564e-05,5.790020341995838e-05,0.007609218318589524,1.1813209397121893,8.688589084235932,0.1722972838693698,0.2947566739805917,5.007841919342961,15.48933139780978,"unbiased sample covariance, divisor n - 1, per-asset means subtracted",0.0
40,0,ewma,regime_1,0.008034679101939663,6.455606827114594e-05,5.8608133118128756e-05,0.007655594889891233,1.2106445025958592,10.029291672529617,0.17722875161547952,0.30523122599944014,5.165017372091726,12.201021473994738,"exponentially weighted second moment about zero (no mean subtracted), newest observation weight 1, normalised to sum to 1",0.0
40,0,shrinkage,regime_1,0.00757093588526003,5.731907017871807e-05,4.269327125605677e-05,0.0065340088197106665,1.0749263247307657,3.6786537687852894,0.1050599573169736,0.20746804685210948,6.501430320679656,6.75152058379114,"Ledoit-Wolf (2004) linear shrinkage toward tr(S)/p * I, divisor T as in the paper's own derivation, intensity solved in closed form (not cross-validated)",0.0
40,5,sample,regime_1,0.008387904428385651,7.035694069973161e-05,5.206849073536235e-05,0.007215849966245303,1.3194304696474812,14.866464629476672,0.18711803809093175,0.27251958808961846,5.5226076923037795,11.953177421915361,"unbiased sample covariance, divisor n - 1, per-asset means subtracted",0.17357178324705783
40,5,ewma,regime_1,0.007935464540427163,6.297159747237689e-05,4.435670359121628e-05,0.0066600828516780695,1.180930319043098,8.670617880046017,0.09324295095678069,0.21894228738687224,5.876947281667363,12.683649113766661,"exponentially weighted second moment about zero (no mean subtracted), newest observation weight 1, normalised to sum to 1",0.3148300136458423
40,5,shrinkage,regime_1,0.008068806032454212,6.510563078936949e-05,4.1000561496870274e-05,0.006403168082821993,1.2209506575296698,10.496636036110619,0.1326388364143669,0.1924156890056135,6.887960551610533,5.0586189640586605,"Ledoit-Wolf (2004) linear shrinkage toward tr(S)/p * I, divisor T as in the paper's own derivation, intensity solved in closed form (not cross-validated)",0.1073681050236864
40,10,sample,regime_1,0.00843922180514938,7.122046467650876e-05,5.2237678032550225e-05,0.00722756376883319,1.3356244632307652,15.569220090418746,0.16957004298282705,0.2511191738281741,5.5228487559935715,13.617192534504186,"unbiased sample covariance, divisor n - 1, per-asset means subtracted",0.37619356215001465
40,10,ewma,regime_1,0.008030764588287628,6.449317987249455e-05,4.2707272503691314e-05,0.0065350801451620555,1.2094651325359516,9.975685155217452,0.15601746077614348,0.26912155871714794,5.540186882320064,11.360668010295129,"exponentially weighted second moment about zero (no mean subtracted), newest observation weight 1, normalised to sum to 1",0.39142815943931625
40,10,shrinkage,regime_1,0.008116746889117508,6.588158006199875e-05,4.1204294918682744e-05,0.006419057167425972,1.2355023293764782,11.15315242387316,0.12297910771961154,0.1967685439392598,7.16614587934343,3.7944533076366915,"Ledoit-Wolf (2004) linear shrinkage toward tr(S)/p * I, divisor T as in the paper's own derivation, intensity solved in closed form (not cross-validated)",0.13858988501482417
40,15,sample,regime_1,0.007846299376535488,6.156441390622118e-05,3.455289667048806e-05,0.005878171201189028,1.15454087039585,7.449563535449033,0.1378224498865046,0.23856914586158917,5.8300718493195935,14.308583508708653,"unbiased sample covariance, divisor n - 1, per-asset means subtracted",0.18221024426301619
40,15,ewma,regime_1,0.007525585010111808,5.663442974441954e-05,2.1108367087601275e-05,0.004594384299076566,1.0620870022590652,3.0576053602578535,0.0849823251352221,0.17626913750453407,6.858709930645719,20.652779178850547,"exponentially weighted second moment about zero (no mean subtracted), newest observation weight 1, normalised to sum to 1",0.3833902793981241
40,15,shrinkage,regime_1,0.007770074357803726,6.037405552579899e-05,2.9627175320314242e-05,0.005443085092143448,1.1322176269274873,6.405715397599154,0.11637227281360377,0.2010383452816499,7.091697855656112,5.717956217025717,"Ledoit-Wolf (2004) linear shrinkage toward tr(S)/p * I, divisor T as in the paper's own derivation, intensity solved in closed form (not cross-validated)",0.08695644256908677
40,20,sample,regime_1,0.0075373971848210096,5.6812356321747686e-05,4.069180736175844e-05,0.006379013039785892,1.0654237270391937,3.219364803276803,0.09104057602547809,0.21572857499834916,6.218424478984045,18.543152347529723,"unbiased sample covariance, divisor n - 1, per-asset means subtracted",0.23210291698739294
40,20,ewma,regime_1,0.0075409854618785875,5.6866461736264214e-05,3.044394926382813e-05,0.005517603579800576,1.0664383864569573,3.268503739376283,0.10759320080357146,0.21208687154990022,6.651553534246031,23.567076971475053,"exponentially weighted second moment about zero (no mean subtracted), newest observation weight 1, normalised to sum to 1",0.21122497264397067
40,20,shrinkage,regime_1,0.007594195729479348,5.7671808777642376e-05,3.662351339033766e-05,0.006051736394650519,1.0815413658427404,3.997181011926476,0.09623004462965264,0.19251497080368088,7.090661849512202,7.27087472981412,"Ledoit-Wolf (2004) linear shrinkage toward tr(S)/p * I, divisor T as in the paper's own derivation, intensity solved in closed form (not cross-validated)",0.12303328719145729
40,25,sample,regime_1,0.007566460381839905,5.725132270995288e-05,3.924953100584954e-05,0.006264944613150985,1.0736558306808357,3.617364890294117,0.12095672708723001,0.22369860713597248,6.4574712900905356,20.022125776490743,"unbiased sample covariance, divisor n - 1, per-asset means subtracted",0.30070177719952174
40,25,ewma,regime_1,0.007591082916336027,5.7624539842688675e-05,3.8914651539154795e-05,0.006238160910008237,1.0806549135265164,3.954553220458634,0.10655633040389433,0.19323841410253315,6.806123046454608,30.102485810361696,"exponentially weighted second moment about zero (no mean subtracted), newest observation weight 1, normalised to sum to 1",0.06432173340262629
40,25,shrinkage,regime_1,0.007625849859588064,5.815358608097929e-05,3.707349617459124e-05,0.006088800881502962,1.0905763188592483,4.430662109327277,0.10542002865074643,0.17601171342039668,7.231172225420562,8.889155265113386,"Ledoit-Wolf (2004) linear shrinkage toward tr(S)/p * I, divisor T as in the paper's own derivation, intensity solved in closed form (not cross-validated)",0.19665762595989508
40,30,sample,regime_1,0.007519016485714799,5.6535608912450924e-05,4.237542512102209e-05,0.006509640936412859,1.060233777610032,2.967654028341915,0.1004212962016699,0.20842332881957734,6.539049548289009,27.488516674111537,"unbiased sample covariance, divisor n - 1, per-asset means subtracted",0.12133666393077716
40,30,ewma,regime_1,0.007776003410787328,6.046622904457615e-05,4.7970996953361936e-05,0.006926109799401244,1.1339461919838938,6.486909617280823,0.15969028522375606,0.21208179810011024,6.216322930121126,40.42755724766052,"exponentially weighted second moment about zero (no mean subtracted), newest observation weight 1, normalised to sum to 1",0.19959867066732526
40,30,shrinkage,regime_1,0.007476255212243898,5.589439199860405e-05,4.0864421939410386e-05,0.006392528602940341,1.048208792933771,2.382068397438175,0.07971068488667543,0.18192949015487722,6.788917322109402,12.730014951693834,"Ledoit-Wolf (2004) linear shrinkage toward tr(S)/p * I, divisor T as in the paper's own derivation, intensity solved in closed form (not cross-validated)",0.12962719659257188
40,35,sample,regime_1,0.007771588293616215,6.039758460547259e-05,4.476034159076056e-05,0.006690317002262341,1.1326588767080399,6.426447686091641,0.14266461893397514,0.21277850314242913,6.363671860395779,30.061601291871018,"unbiased sample covariance, divisor n - 1, per-asset means subtracted",0.14734147445810764
40,35,ewma,regime_1,0.007813375401244773,6.104883516077692e-05,4.6726294302300235e-05,0.006835663413473504,1.1448720260789116,6.998692799440831,0.13783690767084125,0.1967039011167119,6.375091946869677,37.775741199855375,"exponentially weighted second moment about zero (no mean subtracted), newest observation weight 1, normalised to sum to 1",0.22820976876341123
40,35,shrinkage,regime_1,0.0076911948247202,5.915447783180279e-05,4.159975186073883e-05,0.006449786962430529,1.1093464225579213,5.325515548603943,0.11990369878060421,0.18436534961775985,6.816214987375792,15.247485358631168,"Ledoit-Wolf (2004) linear shrinkage toward tr(S)/p * I, divisor T as in the paper's own derivation, intensity solved in closed form (not cross-validated)",0.10718330922704145
40,40,sample,regime_1,0.007793997753407189,6.07464009801163e-05,4.407548034671891e-05,0.006638936687958314,1.139200362856238,6.733329511274877,0.14683628661436413,0.2173260089246976,6.276976626999145,30.17195026790337,"unbiased sample covariance, divisor n - 1, per-asset means subtracted",0.04160981246537667
40,40,ewma,regime_1,0.007763667884279547,6.027453901739366e-05,5.9067826103863426e-05,0.00768555958300132,1.1303513559936316,6.317983238661529,0.1224666447233946,0.21185316389759348,5.917155384785051,35.20546672485412,"exponentially weighted second moment about zero (no mean subtracted), newest observation weight 1, normalised to sum to 1",0.30167163913776457
40,40,shrinkage,regime_1,0.007688453865961122,5.911232284901252e-05,4.1817209973337386e-05,0.006466622764112453,1.108555874131742,5.287980041965956,0.12045035611359688,0.19120284811665259,6.743529573670797,14.974359593117503,"Ledoit-Wolf (2004) linear shrinkage toward tr(S)/p * I, divisor T as in the paper's own derivation, intensity solved in closed form (not cross-validated)",0.028021670196578828
40,45,sample,regime_1,0.007682554537669144,5.902164422426075e-05,3.493330441298018e-05,0.00591044028926612,1.1068553433915864,5.207192881075695,0.10567989340054434,0.17375894389565136,6.719850687061401,36.41825216124679,"unbiased sample covariance, divisor n - 1, per-asset means subtracted",0.19694500935496345
40,45,ewma,regime_1,0.007899241891239656,6.239802245631547e-05,4.864794478200307e-05,0.006974807867031398,1.1701738486040294,8.174574119985746,0.15661531241344895,0.22265765751010533,5.990407205756002,42.38334038365738,"exponentially weighted second moment about zero (no mean subtracted), newest observation weight 1, normalised to sum to 1",0.37209474296634243
40,45,shrinkage,regime_1,0.007678862420648303,5.896492807524473e-05,3.339532657114228e-05,0.005778868969888683,1.1057917238767445,5.156631929552802,0.10528545527154771,0.16481787400710057,7.034852283821199,17.027104686312082,"Ledoit-Wolf (2004) linear shrinkage toward tr(S)/p * I, divisor T as in the paper's own derivation, intensity solved in closed form (not cross-validated)",0.13492979674742106
40,50,sample,regime_1,0.0077210087344160025,5.9613975876928196e-05,3.621045297677084e-05,0.00601751219165951,1.1179635641711327,5.733796118891554,0.1260720294651561,0.2131706910579072,6.374750913405477,35.692620583775174,"unbiased sample covariance, divisor n - 1, per-asset means subtracted",0.17579796945176068
40,50,ewma,regime_1,0.00782513141487534,6.123268166006893e-05,3.6527168815838544e-05,0.00604377107573066,1.1483197694073082,7.159683155900942,0.1806509319777335,0.2810857493207485,5.62165423094303,30.98060760493118,"exponentially weighted second moment about zero (no mean subtracted), newest observation weight 1, normalised to sum to 1",0.21298411525008518
40,50,shrinkage,regime_1,0.007649272398440723,5.851136822554709e-05,3.61749975026095e-05,0.006014565445866351,1.0972859435010198,4.751417341295183,0.10362225155327881,0.17637601954872015,6.8496917139176645,18.958002753823312,"Ledoit-Wolf (2004) linear shrinkage toward tr(S)/p * I, divisor T as in the paper's own derivation, intensity solved in closed form (not cross-validated)",0.12544459324538917
40,55,sample,regime_1,0.007578987330574199,5.7441048957004216e-05,3.824939868864516e-05,0.00618460982509367,1.077213839155362,3.7889126619679914,0.11579128697550084,0.21193634236266565,6.712118742167619,44.94085126442108,"unbiased sample covariance, divisor n - 1, per-asset means subtracted",0.19675168006647664
40,55,ewma,regime_1,0.007750262650554028,6.006657115257275e-05,4.483842336633459e-05,0.0066961498912684585,1.1264512555227582,6.134407970401279,0.14240146656893685,0.20247288210001801,6.7594923414959105,28.03840206865445,"exponentially weighted second moment about zero (no mean subtracted), newest observation weight 1, normalised to sum to 1",0.40138085407100127
40,55,shrinkage,regime_1,0.0075777129431969514,5.74217334494946e-05,4.0549570104000996e-05,0.0063678544348941424,1.0768516080962593,3.7714608211843137,0.09822874470581094,0.1723615490836942,7.204643554751384,19.20457984048818,"Ledoit-Wolf (2004) linear shrinkage toward tr(S)/p * I, divisor T as in the paper's own derivation, intensity solved in closed form (not cross-validated)",0.16111853426846956
40,60,sample,regime_1,0.007663993473117133,5.873679595598202e-05,3.619141355622716e-05,0.006015929982656643,1.101513475472723,4.953012127938594,0.1302984367416954,0.20724187006167005,6.431461762935465,39.05562425015698,"unbiased sample covariance, divisor n - 1, per-asset means subtracted",0.2741539233256992
40,60,ewma,regime_1,0.008127327923107126,6.605345916971679e-05,5.239030158321004e-05,0.007238114504704249,1.2387256436588154,11.298052258735215,0.18786491692379667,0.24366802689819314,5.919154832853068,26.286917869880707,"exponentially weighted second moment about zero (no mean subtracted), newest observation weight 1, normalised to sum to 1",0.532239548930825
40,60,shrinkage,regime_1,0.007620551210002581,5.80728007442718e-05,3.904452814533645e-05,0.006248562086219233,1.0890613207127613,4.3581008217743245,0.10849518010251119,0.1841821489423019,6.986705547956921,17.81313600030393,"Ledoit-Wolf (2004) linear shrinkage toward tr(S)/p * I, divisor T as in the paper's own derivation, intensity solved in closed form (not cross-validated)",0.19100819663134427
40,65,sample,regime_1,0.007598096020500169,5.7731063136740505e-05,3.314372258779076e-05,0.005757058501334754,1.0826525853766762,4.05059276028541,0.1258809632952845,0.2219011322195373,6.449890359026867,43.024820556615694,"unbiased sample covariance, divisor n - 1, per-asset means subtracted",0.07735705530195978
40,65,ewma,regime_1,0.00799401913907545,6.390434199590461e-05,4.789970365743655e-05,0.006920961180171187,1.198422431868066,9.472482015713247,0.16906671113204513,0.24121289483545894,6.058396112532319,33.34570750321991,"exponentially weighted second moment about zero (no mean subtracted), newest observation weight 1, normalised to sum to 1",0.1266951029422985
40,65,shrinkage,regime_1,0.007559816434566762,5.715082452434571e-05,3.5772380125257994e-05,0.005981001598834261,1.0717711499810267,3.5263806950202703,0.09914545344496675,0.1800011361401528,7.005723321715491,19.415682869774077,"Ledoit-Wolf (2004) linear shrinkage toward tr(S)/p * I, divisor T as in the paper's own derivation, intensity solved in closed form (not cross-validated)",0.05357686380143058
40,70,sample,regime_1,0.007645920577698324,5.846010148047067e-05,5.7588171133587246e-05,0.00758868704939051,1.0963245187309725,4.705516508490248,0.16987348407502173,0.2912782220011792,5.609070455663629,27.859234325276468,"unbiased sample covariance, divisor n - 1, per-asset means subtracted",0.3090210327744656
40,70,ewma,regime_1,0.0075980560074304935,5.773045509205061e-05,5.291505576365332e-05,0.007274273555734161,1.0826411824833329,4.050044809376829,0.15541340711117602,0.26895084906468386,5.379483652114566,20.530878091660373,"exponentially weighted second moment about zero (no mean subtracted), newest observation weight 1, normalised to sum to 1",0.4975438032626271
40,70,shrinkage,regime_1,0.007510521893478471,5.640793911241944e-05,5.695667786055933e-05,0.007546964811138272,1.057839537290029,2.8513265490547335,0.0965660464759794,0.21270933859516625,6.692072036664163,14.470662253645136,"Ledoit-Wolf (2004) linear shrinkage toward tr(S)/p * I, divisor T as in the paper's own derivation, intensity solved in closed form (not cross-validated)",0.22835201589421
40,75,sample,regime_1,0.0075048815790008,5.632324751482554e-05,4.658293101377019e-05,0.0068251689366469305,1.0562512835473683,2.7740864005790344,0.12341483503881617,0.2400123266175219,5.760030067858424,21.13395559096782,"unbiased sample covariance, divisor n - 1, per-asset means subtracted",0.2005069310699904
40,75,ewma,regime_1,0.007734990324813149,5.983007532495302e-05,4.670608775679862e-05,0.006834185229915753,1.1220161593147282,5.925264187290469,0.11845852766761544,0.23038104014660998,5.50697790879444,20.751426660906606,"exponentially weighted second moment about zero (no mean subtracted), newest observation weight 1, normalised to sum to 1",0.3099833607579265
40,75,shrinkage,regime_1,0.0073805892264275095,5.4473097329257824e-05,4.8629526180658e-05,0.006973487375815489,1.021554713401144,1.071989858770661,0.06801686962566254,0.1941807534252072,6.448526971409147,10.743506772396373,"Ledoit-Wolf (2004) linear shrinkage toward tr(S)/p * I, divisor T as in the paper's own derivation, intensity solved in closed form (not cross-validated)",0.1393848218420324
40,80,sample,regime_1,0.007631846891178284,5.824508697038765e-05,6.889323642940769e-05,0.008300194963337167,1.0922922698412627,4.512787248320116,0.16581072268637032,0.2787622900455652,5.484306903961665,28.072807892111022,"unbiased sample covariance, divisor n - 1, per-asset means subtracted",0.14238181199529426
40,80,ewma,regime_1,0.007542162167608909,5.6884210162511125e-05,7.348861411039204e-05,0.00857255003545573,1.0667712294450915,3.284617898556963,0.08374758856128475,0.21574487588501384,5.796011923808602,28.640902322970373,"exponentially weighted second moment about zero (no mean subtracted), newest observation weight 1, normalised to sum to 1",0.12188075366697781
40,80,shrinkage,regime_1,0.007408753841307217,5.488963348108445e-05,6.196881104471553e-05,0.007872027124236522,1.029366174288497,1.4576844940045186,0.08871903574250505,0.2159384475651288,6.326248831119145,12.740434977978678,"Ledoit-Wolf (2004) linear shrinkage toward tr(S)/p * I, divisor T as in the paper's own derivation, intensity solved in closed form (not cross-validated)",0.09028730249149032
40,85,sample,regime_1,0.00778576212506766,6.0618091868138085e-05,0.0001179923800593131,0.010862429749338456,1.1367941332761318,6.620548360817002,0.18150340106714527,0.2780503637240418,5.35647401727645,39.745304396786985,"unbiased sample covariance, divisor n - 1, per-asset means subtracted",0.13369076499873156
40,85,ewma,regime_1,0.007407442218728197,5.4870200223796915e-05,0.000102542740508802,0.010126338948939148,1.0290017350230218,1.4397227432637383,0.05846804304810629,0.20542850955017408,6.101611591501441,56.33810580401586,"exponentially weighted second moment about zero (no mean subtracted), newest observation weight 1, normalised to sum to 1",0.10045255425278354
40,85,shrinkage,regime_1,0.007488552311705044,5.607841572514295e-05,0.0001085122643088659,0.010416922017029113,1.0516598598721378,2.550468544621376,0.10487762878371727,0.21625999869139584,6.223016413751858,16.48829589364931,"Ledoit-Wolf (2004) linear shrinkage toward tr(S)/p * I, divisor T as in the paper's own derivation, intensity solved in closed form (not cross-validated)",0.09073988656853119
40,90,sample,regime_1,0.007808354115063056,6.097039398622217e-05,0.00010135144972783193,0.010067345714131006,1.1434009888968915,6.929929809052582,0.129042896037821,0.2283287814010828,5.599629422503147,46.21767458445168,"unbiased sample covariance, divisor n - 1, per-asset means subtracted",0.3902366826274219
40,90,ewma,regime_1,0.00837157477516554,7.008326421618798e-05,9.630825144618897e-05,0.00981367675472292,1.3142981104570137,14.642841488555813,0.25286252351079064,0.3683071639842228,4.332982849924965,58.31454285711046,"exponentially weighted second moment about zero (no mean subtracted), newest observation weight 1, normalised to sum to 1",0.5521857518194337
40,90,shrinkage,regime_1,0.007583331994678119,5.7506924141508816e-05,9.142912133050789e-05,0.00956185762969246,1.078449221546418,3.8484097878449974,0.0955410900839035,0.20656835371890958,6.042359942896958,18.42093997759379,"Ledoit-Wolf (2004) linear shrinkage toward tr(S)/p * I, divisor T as in the paper's own derivation, intensity solved in closed form (not cross-validated)",0.25150214653126346
40,95,sample,regime_1,0.0078027184579750756,6.088241533442494e-05,0.00010802851447153104,0.010393676658022946,1.141751091776504,6.852753440260195,0.14675692854931804,0.22263894279043286,5.285288373359985,40.99003799656883,"unbiased sample covariance, divisor n - 1, per-asset means subtracted",0.1520935573955099
40,95,ewma,regime_1,0.00800018391048033,6.400294260150834e-05,9.766185493156472e-05,0.009882401273555164,1.2002715265283141,9.55690423375033,0.1995478437095679,0.3284018214606678,4.7268836808592765,52.073482881052755,"exponentially weighted second moment about zero (no mean subtracted), newest observation weight 1, normalised to sum to 1",0.367168145528606
40,95,shrinkage,regime_1,0.00749727349136918,5.620910980438702e-05,9.335836625164649e-05,0.00966221332054134,1.054110815650518,2.669898979716434,0.08665261068104334,0.2133089119820807,5.974971458628617,17.730447803420613,"Ledoit-Wolf (2004) linear shrinkage toward tr(S)/p * I, divisor T as in the paper's own derivation, intensity solved in closed form (not cross-validated)",0.10273253851569181
40,100,sample,regime_1,0.007721713567555902,5.9624860419376905e-05,6.753427922751446e-05,0.008217924265136206,1.1181676861356777,5.743448314100186,0.1540403095929629,0.3011960627008087,5.510204921802213,34.82170113373182,"unbiased sample covariance, divisor n - 1, per-asset means subtracted",0.38793673651321114
40,100,ewma,regime_1,0.00870902607529576,7.584713518018148e-05,7.409291097697626e-05,0.008607723913844836,1.4223901749693986,19.264000225105594,0.2943689402695465,0.4140088353505509,4.24846085699253,35.7232311606958,"exponentially weighted second moment about zero (no mean subtracted), newest observation weight 1, normalised to sum to 1",0.5936356999908057
40,100,shrinkage,regime_1,0.007536988470652904,5.6806195206754804e-05,7.049287807676977e-05,0.00839600369680539,1.0653081853063135,3.2137677495746475,0.091259084426039,0.24326331869225568,6.410490554211906,14.11451483848146,"Ledoit-Wolf (2004) linear shrinkage toward tr(S)/p * I, divisor T as in the paper's own derivation, intensity solved in closed form (not cross-validated)",0.23748812491368154
40,105,sample,regime_1,0.007827110761232539,6.126366286860222e-05,5.0804757717543376e-05,0.007127745626601961,1.1489007717948307,7.186788915184428,0.18722785022188917,0.33699052495836074,5.096264716651757,33.73112938328397,"unbiased sample covariance, divisor n - 1, per-asset means subtracted",0.11182079599394686
40,105,ewma,regime_1,0.008915419714010442,7.948470867696604e-05,5.778745395232702e-05,0.0076018059665007905,1.490606974328584,22.090416263054145,0.3350412182517847,0.4445062831435678,3.7993177420619793,34.09632595864475,"exponentially weighted second moment about zero (no mean subtracted), newest observation weight 1, normalised to sum to 1",0.18148716782899066
40,105,shrinkage,regime_1,0.007472329176818996,5.583570332674046e-05,4.8376058016466155e-05,0.006955289930439,1.0471081819477068,2.3283040975323965,0.10016047418981791,0.26348650128979,6.046465788261412,14.186558703064298,"Ledoit-Wolf (2004) linear shrinkage toward tr(S)/p * I, divisor T as in the paper's own derivation, intensity solved in closed form (not cross-validated)",0.08750273461061173
40,110,sample,regime_1,0.00843748678279247,7.119118320979764e-05,7.58293312286315e-05,0.008708003860164022,1.3350753367481412,15.545460176855986,0.2825964521416418,0.4206996618416541,4.2262445761555885,35.3513589676688,"unbiased sample covariance, divisor n - 1, per-asset means subtracted",0.3000037775383849
40,110,ewma,regime_1,0.009060684470385008,8.209600307187604e-05,8.455866266776045e-05,0.009195578430297925,1.5395775713385969,24.079715156773183,0.36370383916206717,0.47504830155039124,3.4865882064254317,34.20619442014645,"exponentially weighted second moment about zero (no mean subtracted), newest observation weight 1, normalised to sum to 1",0.1384243047587428
40,110,shrinkage,regime_1,0.007665520401234085,5.876020302173597e-05,5.578996702907479e-05,0.007469268172255886,1.1019524370798315,4.973922336922865,0.14511801160229626,0.29733528141568694,5.830846428323739,13.973371253862988,"Ledoit-Wolf (2004) linear shrinkage toward tr(S)/p * I, divisor T as in the paper's own derivation, intensity solved in closed form (not cross-validated)",0.17097104781834455
40,115,sample,regime_1,0.008715271562857944,7.595595841436035e-05,7.922598780371412e-05,0.008900898145901576,1.4244309784715574,19.349527794271438,0.30543283997241705,0.41485590480619433,4.088589251415406,47.413334932139314,"unbiased sample covariance, divisor n - 1, per-asset means subtracted",0.15034176074439304
40,115,ewma,regime_1,0.008732636793176384,7.625894536153793e-05,8.071372612214101e-05,0.008984081818535548,1.4301130079349715,19.587332436799976,0.3197272284156173,0.4159570091710822,4.011413511659317,54.10870505590152,"exponentially weighted second moment about zero (no mean subtracted), newest observation weight 1, normalised to sum to 1",0.18587134194737437
40,115,shrinkage,regime_1,0.007808560077491099,6.097361048378779e-05,5.450368153887318e-05,0.007382660871181418,1.1434613090991548,6.93275031996301,0.16384685662540233,0.29613778722859385,5.745360993749728,18.372651720070664,"Ledoit-Wolf (2004) linear shrinkage toward tr(S)/p * I, divisor T as in the paper's own derivation, intensity solved in closed form (not cross-validated)",0.0806326801044314
40,120,sample,regime_1,0.008709478436784233,7.585501464080953e-05,7.306523828991112e-05,0.0085478206748803,1.4225379414915589,19.270194998229083,0.28918641159117564,0.3793524736831189,4.299146852059971,58.72670342776638,"unbiased sample covariance, divisor n - 1, per-asset means subtracted",0.22802174723241886
40,120,ewma,regime_1,0.007976640303948715,6.362679053857906e-05,5.2775016456178714e-05,0.007264641522895587,1.1932174038203958,9.234491064882766,0.21124574508975522,0.2941187249441901,5.225988941528055,85.28528742751652,"exponentially weighted second moment about zero (no mean subtracted), newest observation weight 1, normalised to sum to 1",0.4454823894400667
40,120,shrinkage,regime_1,0.007856474123021014,6.17241856456988e-05,5.17615045342397e-05,0.007194546860938477,1.157537130596461,7.588899548069605,0.16646191958224976,0.281885292266606,5.804732311804831,23.97125166142892,"Ledoit-Wolf (2004) linear shrinkage toward tr(S)/p * I, divisor T as in the paper's own derivation, intensity solved in closed form (not cross-validated)",0.08246602757839942
40,125,sample,regime_1,0.00898379901197483,8.070864468755993e-05,8.056895366779152e-05,0.008976021037619705,1.5135599118670193,23.026822761014976,0.2909943288108561,0.3388731746663766,4.285061870974067,49.860206178966834,"unbiased sample covariance, divisor n - 1, per-asset means subtracted",0.21786940388363726
40,125,ewma,regime_1,0.00853678756636309,7.287674195321147e-05,6.965098122451323e-05,0.008345716339806502,1.3666852609762623,16.905314719916053,0.22703196499665218,0.23352047046740748,4.996133397844286,84.32221820008111,"exponentially weighted second moment about zero (no mean subtracted), newest observation weight 1, normalised to sum to 1",0.51973667331367
40,125,shrinkage,regime_1,0.008111715268094588,6.579992459063886e-05,5.5782164450600065e-05,0.0074687458418800185,1.2339710132638935,11.084247905087485,0.18249906043039962,0.2620625306007096,5.672008659151767,20.021555250474606,"Ledoit-Wolf (2004) linear shrinkage toward tr(S)/p * I, divisor T as in the paper's own derivation, intensity solved in closed form (not cross-validated)",0.16672304871102003
40,130,sample,regime_1,0.007671093254441049,5.8845671718330965e-05,3.32748867123908e-05,0.005768438845336821,1.1035552640556345,5.050238650639649,0.13906045131857797,0.21906174612938634,6.1610210423461425,42.41689934999812,"unbiased sample covariance, divisor n - 1, per-asset means subtracted",0.5306775737467093
40,130,ewma,regime_1,0.007962218635200911,6.339692559474066e-05,3.768632373996854e-05,0.0061389187761338344,1.1889066590980155,9.036996432312616,0.20878908852371775,0.3124146284349138,5.442506795755933,54.87264696325583,"exponentially weighted second moment about zero (no mean subtracted), newest observation weight 1, normalised to sum to 1",0.5074570954767551
40,130,shrinkage,regime_1,0.007560574019948091,5.716227951111405e-05,3.088670302896163e-05,0.005557580681282245,1.0719859697048697,3.536755295154448,0.09825663694310992,0.19571090997231244,6.614104897516863,18.294653507985274,"Ledoit-Wolf (2004) linear shrinkage toward tr(S)/p * I, divisor T as in the paper's own derivation, intensity solved in closed form (not cross-validated)",0.3308225900629415
40,135,sample,regime_1,0.007622065128180218,5.809587681822092e-05,3.620926114306582e-05,0.006017413160409199,1.0894940751046591,4.378832868769855,0.12440441194099504,0.2274595527541343,6.251288711510059,35.60700720681045,"unbiased sample covariance, divisor n - 1, per-asset means subtracted",0.07717507776007543
40,135,ewma,regime_1,0.007753967097695966,6.012400575215161e-05,4.296300969465577e-05,0.0065546174331272584,1.1275283484142722,6.185137774279492,0.17921217625993024,0.2822833457994481,5.453525733233507,37.97475546337307,"exponentially weighted second moment about zero (no mean subtracted), newest observation weight 1, normalised to sum to 1",0.20200155546503626
40,135,shrinkage,regime_1,0.007543873757719161,5.6910031272403824e-05,3.535734664865427e-05,0.0059462043900840025,1.067255462540131,3.308056923946201,0.09129441288069612,0.1996096358039565,6.668071409171296,16.803025962044618,"Ledoit-Wolf (2004) linear shrinkage toward tr(S)/p * I, divisor T as in the paper's own derivation, intensity solved in closed form (not cross-validated)",0.039022310974832525
40,140,sample,regime_1,0.007491586292409798,5.612386517662239e-05,4.451083800469157e-05,0.0066716443254037135,1.0525121907227168,2.592016781166584,0.11233374695924231,0.2208847919346988,6.075001997507687,34.92816248972265,"unbiased sample covariance, divisor n - 1, per-asset means subtracted",0.21836589508656243
40,140,ewma,regime_1,0.007552944381980562,5.704696883729173e-05,4.7397613695217874e-05,0.006884592485777054,1.069823504779539,3.4322727575653023,0.12406023396777487,0.2417685856080902,5.839328093815439,22.823800954822115,"exponentially weighted second moment about zero (no mean subtracted), newest observation weight 1, normalised to sum to 1",0.13697351908450903
40,140,shrinkage,regime_1,0.0074292111539684645,5.519317837024945e-05,4.019238095206095e-05,0.006339746126783071,1.035058667050218,1.737833034236469,0.07761670422423049,0.19326986850365455,6.54087804420729,17.543369809774006,"Ledoit-Wolf (2004) linear shrinkage toward tr(S)/p * I, divisor T as in the paper's own derivation, intensity solved in closed form (not cross-validated)",0.14696610912378116
40,145,sample,regime_1,0.007519772549309974,5.654697919335583e-05,2.6661970372441442e-05,0.005163523058188221,1.0604470088125997,2.9780077886826906,0.08609995858811736,0.17521674749969068,6.646828673425412,39.970647866259355,"unbiased sample covariance, divisor n - 1, per-asset means subtracted",0.25040253822945036
40,145,ewma,regime_1,0.007549289650123406,5.699177422146038e-05,2.6308945085169066e-05,0.005129224608570877,1.068788419155234,3.382223769622694,0.09071088389644012,0.19351272446387127,6.627319865694883,31.39665892760221,"exponentially weighted second moment about zero (no mean subtracted), newest observation weight 1, normalised to sum to 1",0.3316655928923473
40,145,shrinkage,regime_1,0.007522816177687939,5.659276324328338e-05,2.5941054951351288e-05,0.005093236196304986,1.0613056145151425,3.0196881433419254,0.08507090174583766,0.17098117545341754,6.754586840133812,18.94533969295888,"Ledoit-Wolf (2004) linear shrinkage toward tr(S)/p * I, divisor T as in the paper's own derivation, intensity solved in closed form (not cross-validated)",0.15465385652686625
40,150,sample,regime_1,0.0077801652827658024,6.053097182715428e-05,5.045380889007073e-05,0.007103084463109722,1.1351603380109063,6.54390353328087,0.13777608778531342,0.2051148639979316,6.30122748517785,47.34918410045591,"unbiased sample covariance, divisor n - 1, per-asset means subtracted",0.17099742985213945
40,150,ewma,regime_1,0.007758509960654529,6.0194476809575546e-05,4.1496551558091074e-05,0.0064417817068021695,1.1288499189582535,6.247349094377563,0.12754960486908185,0.2292225942821979,6.045978514961268,36.092557612162615,"exponentially weighted second moment about zero (no mean subtracted), newest observation weight 1, normalised to sum to 1",0.17515276615473221
40,150,shrinkage,regime_1,0.007684561992383522,5.9052493014785406e-05,4.6744331336717305e-05,0.0068369826193078265,1.107433862493827,5.2346835645846745,0.1156561391964859,0.18986983792113893,6.571050763101905,19.45946625235457,"Ledoit-Wolf (2004) linear shrinkage toward tr(S)/p * I, divisor T as in the paper's own derivation, intensity solved in closed form (not cross-validated)",0.12247028968487356
40,155,sample,regime_1,0.00775773009801648,6.018237627367079e-05,5.119026526329856e-05,0.007154737260256211,1.1286229930059166,6.236669422846486,0.11876135365639368,0.22650953766352178,6.25044082927247,31.797660052505627,"unbiased sample covariance, divisor n - 1, per-asset means subtracted",0.147981777832357
40,155,ewma,regime_1,0.007980915711437008,6.36950155930621e-05,5.830100134190455e-05,0.007635509239199737,1.1944968542169452,9.2930397700121,0.12329396045854017,0.23114353629007386,5.801236638696698,23.09482616004633,"exponentially weighted second moment about zero (no mean subtracted), newest observation weight 1, normalised to sum to 1",0.3432897206705116
40,155,shrinkage,regime_1,0.007680379015753155,5.89882218256214e-05,4.78484432667117e-05,0.006917256917789862,1.1062285604374829,5.177400635187923,0.10633033332407263,0.2055557312348137,6.515239518927747,12.80355383874262,"Ledoit-Wolf (2004) linear shrinkage toward tr(S)/p * I, divisor T as in the paper's own derivation, intensity solved in closed form (not cross-validated)",0.09842920634773487
40,160,sample,regime_1,0.007890429360183344,6.225887548804335e-05,6.016293659753089e-05,0.0077564770738738666,1.1675643725825966,8.053892691684016,0.13356101352575656,0.21398770198056477,6.408604065385769,27.235923230436473,"unbiased sample covariance, divisor n - 1, per-asset means subtracted",0.10862279165360587
40,160,ewma,regime_1,0.008241363470043494,6.792007184536734e-05,7.324398305315452e-05,0.008558269863304997,1.273730941143175,12.859689045432642,0.18585942776309292,0.2663354932842655,5.995090521064965,34.83367160707699,"exponentially weighted second moment about zero (no mean subtracted), newest observation weight 1, normalised to sum to 1",0.31461863116130256
40,160,shrinkage,regime_1,0.007751998246663798,6.009347681627861e-05,5.611791930032081e-05,0.0074911894449627165,1.1269558276679728,6.158175741106842,0.11616277068493365,0.19611251693080597,6.600769167908551,11.147201240647854,"Ledoit-Wolf (2004) linear shrinkage toward tr(S)/p * I, divisor T as in the paper's own derivation, intensity solved in closed form (not cross-validated)",0.05505986718930608
40,165,sample,regime_1,0.007596875446340869,5.7712516547216776e-05,8.356025564509809e-05,0.009141129888864839,1.0823047741290255,4.0338778537561515,0.09384771375635786,0.20548567538385404,6.533549930810517,21.738054584098666,"unbiased sample covariance, divisor n - 1, per-asset means subtracted",0.19620687036491982
40,165,ewma,regime_1,0.007754858918775723,6.013783685011537e-05,8.267604001137429e-05,0.009092636581947741,1.1277877282551316,6.197350638098853,0.1253524984727707,0.23733498089776134,6.416886032018458,25.30373623033304,"exponentially weighted second moment about zero (no mean subtracted), newest observation weight 1, normalised to sum to 1",0.25426155792110994
40,165,shrinkage,regime_1,0.007572042763109099,5.733583160635288e-05,8.271897541265916e-05,0.00909499727392258,1.0752406581585157,3.69381168413645,0.09039212690961673,0.18625375992132776,6.712121496466131,9.474901148472414,"Ledoit-Wolf (2004) linear shrinkage toward tr(S)/p * I, divisor T as in the paper's own derivation, intensity solved in closed form (not cross-validated)",0.1285911000834833
40,170,sample,regime_1,0.007803136857951838,6.088894482392647e-05,6.752423066268544e-05,0.008217312861433805,1.1418735417766586,6.858483134314541,0.1801476142966659,0.31266713849672284,5.285483536120977,28.93812160120008,"unbiased sample covariance, divisor n - 1, per-asset means subtracted",0.3543378644956598
40,170,ewma,regime_1,0.007973759698343576,6.358084372692825e-05,6.832433719187274e-05,0.008265853688027193,1.1923557457853489,9.195043192690221,0.2149292962796489,0.32700979964738525,5.031980498288483,36.75511195180448,"exponentially weighted second moment about zero (no mean subtracted), newest observation weight 1, normalised to sum to 1",0.3574098971539904
40,170,shrinkage,regime_1,0.007565112836567589,5.723093222999972e-05,6.463988710645483e-05,0.008039893476063898,1.0732734402546265,3.598911203478705,0.10906101958184468,0.24442399180474064,6.253646171438356,11.281219118842193,"Ledoit-Wolf (2004) linear shrinkage toward tr(S)/p * I, divisor T as in the paper's own derivation, intensity solved in closed form (not cross-validated)",0.22280814877828858
40,175,sample,regime_1,0.007915174925914151,6.264999410782009e-05,6.030600437519538e-05,0.007765694069121921,1.1748991688236996,8.392765848265892,0.20753726175514134,0.32405343484429167,5.079400911811403,26.30734839378859,"unbiased sample covariance, divisor n - 1, per-asset means subtracted",0.07263070007490738
40,175,ewma,regime_1,0.008125442730213954,6.60228195619868e-05,6.136816272926641e-05,0.007833783423689119,1.2381510474410873,11.27223586506596,0.2505748490345709,0.38062421098318283,4.58317812162361,32.87015556027487,"exponentially weighted second moment about zero (no mean subtracted), newest observation weight 1, normalised to sum to 1",0.19618356666964978
40,175,shrinkage,regime_1,0.007593670077830732,5.766382525094179e-05,5.641982561929753e-05,0.007511313175423957,1.0813916477299395,3.989982581493856,0.11727239302188124,0.24466279035071367,6.327963630850898,10.349410623577086,"Ledoit-Wolf (2004) linear shrinkage toward tr(S)/p * I, divisor T as in the paper's own derivation, intensity solved in closed form (not cross-validated)",0.04982690060815077
40,180,sample,regime_1,0.007825564617409877,6.12394615812574e-05,5.744680721034567e-05,0.007579367203820229,1.1484469158481414,7.165615560595784,0.1792277255708871,0.3209353121289749,5.3590783559822,22.31865652760449,"unbiased sample covariance, divisor n - 1, per-asset means subtracted",0.18064820662862902
40,180,ewma,regime_1,0.00823183984198947,6.776318718416523e-05,6.976934182173069e-05,0.008352804428557554,1.270788823419583,12.729269642785447,0.2533989097267989,0.3631838814777338,4.655334070415698,29.43414640335539,"exponentially weighted second moment about zero (no mean subtracted), newest observation weight 1, normalised to sum to 1",0.39337612464010174
40,180,shrinkage,regime_1,0.007570916858882668,5.73187820841138e-05,5.521599971770492e-05,0.0074307469151966765,1.074920921983073,3.6783932158997557,0.10527827556841986,0.2382435206352438,6.444962995428562,10.05137084410895,"Ledoit-Wolf (2004) linear shrinkage toward tr(S)/p * I, divisor T as in the paper's own derivation, intensity solved in closed form (not cross-validated)",0.09460311183992888
40,185,sample,regime_1,0.007919761164195542,6.272261689789992e-05,6.225290182834888e-05,0.007890050812786245,1.1762610916286023,8.455571162969866,0.20838920383687182,0.3295629512972171,5.0031584060019565,22.053707723364358,"unbiased sample covariance, divisor n - 1, per-asset means subtracted",0.2779698002843998
40,185,ewma,regime_1,0.00836250484050367,6.993148720744731e-05,7.317500369946649e-05,0.008554238931633047,1.311451778482759,14.518635098518295,0.2734203341276824,0.3496699179321415,4.411336804177884,28.786280537322167,"exponentially weighted second moment about zero (no mean subtracted), newest observation weight 1, normalised to sum to 1",0.14427594414149694
40,185,shrinkage,regime_1,0.007607409278062596,5.7872675923952874e-05,5.557074547096857e-05,0.007454578825860558,1.085308303838585,4.178131286685338,0.12202249553750188,0.22687440982373974,6.554791772799777,9.198151634175167,"Ledoit-Wolf (2004) linear shrinkage toward tr(S)/p * I, divisor T as in the paper's own derivation, intensity solved in closed form (not cross-validated)",0.2064661317760094
40,190,sample,regime_1,0.007958776250254632,6.334211940161719e-05,7.263381226902107e-05,0.008522547287579053,1.1878788577124904,8.989855386292266,0.21566077070267117,0.3060099447461229,5.302130843311208,23.29467946909436,"unbiased sample covariance, divisor n - 1, per-asset means subtracted",0.15407331296976237
40,190,ewma,regime_1,0.008044074782122499,6.470713910037911e-05,7.236859404162253e-05,0.008506973259721846,1.2134775913172102,10.157958918872968,0.21754854862143747,0.2889169773852288,5.524796415287646,21.286402190206587,"exponentially weighted second moment about zero (no mean subtracted), newest observation weight 1, normalised to sum to 1",0.2636828400701082
40,190,shrinkage,regime_1,0.007671745202044322,5.885567444509007e-05,6.68606639281722e-05,0.008176837036909333,1.1037428489951482,5.059166615538513,0.13370645508626733,0.20905651367609393,6.796065080129303,8.780276375500588,"Ledoit-Wolf (2004) linear shrinkage toward tr(S)/p * I, divisor T as in the paper's own derivation, intensity solved in closed form (not cross-validated)",0.0942266420222568
40,195,sample,regime_1,0.008021527865296233,6.434490929372393e-05,9.589350390154356e-05,0.009792522856830285,1.2066845579766177,9.849194716056875,0.21320361524002657,0.3043540633071378,5.389980181584615,29.77969947822778,"unbiased sample covariance, divisor n - 1, per-asset means subtracted",0.20982116372541224
40,195,ewma,regime_1,0.008120218465590934,6.593794792892397e-05,0.0001092016955779405,0.010449961510835363,1.2365594174248,11.200693227371561,0.23446426976282828,0.3353541288392126,5.123771732237963,24.020120638822586,"exponentially weighted second moment about zero (no mean subtracted), newest observation weight 1, normalised to sum to 1",0.18002148047197658
40,195,shrinkage,regime_1,0.007739827936000079,5.990493647888725e-05,8.64495581155284e-05,0.009297825450906702,1.123420059008368,5.991511877525735,0.1372841400902679,0.19707040967229636,6.8913185509617545,9.07527055718242,"Ledoit-Wolf (2004) linear shrinkage toward tr(S)/p * I, divisor T as in the paper's own derivation, intensity solved in closed form (not cross-validated)",0.14349209890186465
40,200,sample,regime_1,0.00803624087645047,6.45811674243334e-05,8.226031727956073e-05,0.009069747365806874,1.2111151965622047,10.050679078422986,0.18019429568549403,0.2540166977220403,5.764196086872603,23.015438928343862,"unbiased sample covariance, divisor n - 1, per-asset means subtracted",0.260309437222218
40,200,ewma,regime_1,0.008386308188983994,7.033016504061999e-05,8.638886569705854e-05,0.00929456108146364,1.3189283355278705,14.844605251090059,0.18257207109817128,0.23638015141969013,5.9444832205555365,26.35833836600776,"exponentially weighted second moment about zero (no mean subtracted), newest observation weight 1, normalised to sum to 1",0.5655133179480613
40,200,shrinkage,regime_1,0.00784251585450591,6.150505492817656e-05,7.846918764191985e-05,0.008858283560708578,1.1534276889030182,7.397750856478291,0.1437068148094112,0.23145852690302504,6.649011716840108,8.569405033111693,"Ledoit-Wolf (2004) linear shrinkage toward tr(S)/p * I, divisor T as in the paper's own derivation, intensity solved in closed form (not cross-validated)",0.10924956045545797
40,205,sample,regime_1,0.008408174037191884,7.069739063970767e-05,7.409907193156648e-05,0.008608081780023147,1.3258150568641307,15.1440426971422,0.22242345811552588,0.29682097397278334,5.0259429154539665,31.231802683000474,"unbiased sample covariance, divisor n - 1, per-asset means subtracted",0.22548792960742445
40,205,ewma,regime_1,0.008297372557053892,6.884639135055103e-05,6.617892862643758e-05,0.008135043246746607,1.2911025631553412,13.62669418562441,0.19421331670061365,0.26451353724413973,5.510811425742012,43.23969732153409,"exponentially weighted second moment about zero (no mean subtracted), newest observation weight 1, normalised to sum to 1",0.31240605647573005
40,205,shrinkage,regime_1,0.007968958773137406,6.350430392796364e-05,7.030446032885248e-05,0.008384775508554328,1.1909203658229712,9.12929789121577,0.1552134013612892,0.25737127253164693,6.164681906620738,11.187995115087597,"Ledoit-Wolf (2004) linear shrinkage toward tr(S)/p * I, divisor T as in the paper's own derivation, intensity solved in closed form (not cross-validated)",0.1212625186810035
40,210,sample,regime_1,0.008124962926250241,6.601502255294088e-05,3.6068552001774206e-05,0.006005709949853906,1.2380048271648076,11.265665286502792,0.17863354684692967,0.29004429585592595,5.544765602083271,27.068446239252093,"unbiased sample covariance, divisor n - 1, per-asset means subtracted",0.41081128019563684
40,210,ewma,regime_1,0.008669617075278349,7.51622602319579e-05,4.0235305769002827e-05,0.006343130596874293,1.4095464545688627,18.72432162656743,0.2737553749111164,0.3050724789783937,4.56347409530169,30.7867796232642,"exponentially weighted second moment about zero (no mean subtracted), newest observation weight 1, normalised to sum to 1",0.3327550754834082
40,210,shrinkage,regime_1,0.007748051918407401,6.0032308530336605e-05,4.350296508949366e-05,0.006595677758160541,1.1258087155359595,6.104133545114987,0.12046982125421876,0.236993116648831,6.60143957578485,8.12621392154571,"Ledoit-Wolf (2004) linear shrinkage toward tr(S)/p * I, divisor T as in the paper's own derivation, intensity solved in closed form (not cross-validated)",0.2040630308991307
40,215,sample,regime_1,0.008829236367826709,7.795541483895378e-05,4.5647083490069796e-05,0.006756262538568924,1.4619275453077991,20.910195819368305,0.28973234229750633,0.34388568157734184,4.259044056143861,33.23759452353591,"unbiased sample covariance, divisor n - 1, per-asset means subtracted",0.3079148179008858
40,215,ewma,regime_1,0.008848849457517377,7.830213672180557e-05,6.028044955257867e-05,0.007764048528479112,1.46842975265477,21.178783318482374,0.29703143225236517,0.354443665091395,4.061147111648877,35.16169633764388,"exponentially weighted second moment about zero (no mean subtracted), newest observation weight 1, normalised to sum to 1",0.16508606923442726
40,215,shrinkage,regime_1,0.008009831390527473,6.415739890467928e-05,3.887808949764584e-05,0.006235229706886976,1.2031681043301063,9.689019702525648,0.16814534714857732,0.27220946054132206,5.820717305567758,10.250378650041482,"Ledoit-Wolf (2004) linear shrinkage toward tr(S)/p * I, divisor T as in the paper's own derivation, intensity solved in closed form (not cross-validated)",0.19916243129629213
40,220,sample,regime_1,0.008696492954547474,7.562898970849384e-05,4.942462165500038e-05,0.007030264693096582,1.4182992099658367,19.092367932031507,0.27631263989247334,0.3302839844272243,4.442880367833802,23.91668154297586,"unbiased sample covariance, divisor n - 1, per-asset means subtracted",0.05133498279632194
40,220,ewma,regime_1,0.00843870772471571,7.12117880631766e-05,5.175408730385502e-05,0.00719403136661601,1.3354617474007426,15.56218011965429,0.26871031079023266,0.31093174495682685,4.486364698293285,36.13410873940175,"exponentially weighted second moment about zero (no mean subtracted), newest observation weight 1, normalised to sum to 1",0.26744921423376744
40,220,shrinkage,regime_1,0.007889751287836302,6.224817538391458e-05,4.3518587385270325e-05,0.00659686193468306,1.1673637094600178,8.044606966753221,0.1631920474774921,0.26468966299065344,5.816978159891243,8.62990615673462,"Ledoit-Wolf (2004) linear shrinkage toward tr(S)/p * I, divisor T as in the paper's own derivation, intensity solved in closed form (not cross-validated)",0.05600023620079958
40,225,sample,regime_1,0.008548739307830518,7.308094375324658e-05,3.248542389129461e-05,0.005699598572820248,1.3705147350017612,17.068985431742824,0.2577765465498728,0.310430124464589,4.705600612273503,33.44826565985087,"unbiased sample covariance, divisor n - 1, per-asset means subtracted",0.15078513203258975
40,225,ewma,regime_1,0.009087563805311508,8.258381591560779e-05,3.7198402909858606e-05,0.006099049344763379,1.548725711139785,24.44780878503987,0.28676486909271137,0.3573790553936163,4.296580247490555,52.141639896295196,"exponentially weighted second moment about zero (no mean subtracted), newest observation weight 1, normalised to sum to 1",0.29622380391774183
40,225,shrinkage,regime_1,0.007854216845306496,6.168872225309632e-05,3.3025545825613335e-05,0.00574678569511804,1.156872072106262,7.557987713896064,0.15344691174504707,0.26001599719843876,5.923672521679904,12.895010871202034,"Ledoit-Wolf (2004) linear shrinkage toward tr(S)/p * I, divisor T as in the paper's own derivation, intensity solved in closed form (not cross-validated)",0.08119624190281031
40,230,sample,regime_1,0.008405487059703242,7.065221271083865e-05,4.2351515863520366e-05,0.00650780422750411,1.3249678179803401,15.107246426119513,0.22852729769142488,0.3176014340314192,4.977853756222894,34.260334231024885,"unbiased sample covariance, divisor n - 1, per-asset means subtracted",0.12251175098750078
40,230,ewma,regime_1,0.008288650481550567,6.870172680530843e-05,4.073019191834894e-05,0.0063820209901213065,1.2883896139143363,13.50725148264036,0.2094301604513239,0.3120682858841659,5.101251911586449,51.0500622301714,"exponentially weighted second moment about zero (no mean subtracted), newest observation weight 1, normalised to sum to 1",0.1793318735169536
40,230,shrinkage,regime_1,0.007894790309471678,6.232771403052792e-05,3.84109419432711e-05,0.006197656165299193,1.1688553279529827,8.11361283173284,0.15658002732720855,0.274139822778871,5.819134614640025,14.800646509657788,"Ledoit-Wolf (2004) linear shrinkage toward tr(S)/p * I, divisor T as in the paper's own derivation, intensity solved in closed form (not cross-validated)",0.05626489595289487
40,235,sample,regime_1,0.008453720661950529,7.14653930302893e-05,4.704666935325004e-05,0.006859057468286006,1.340217697809253,15.767771759209936,0.23097304521942388,0.32333012033460246,4.895838073952772,42.80049525293553,"unbiased sample covariance, divisor n - 1, per-asset means subtracted",0.11454524990017796
40,235,ewma,regime_1,0.008621589102354683,7.433179864984103e-05,5.6535267952605233e-05,0.007518993812512764,1.3939724926481332,18.06661224275612,0.2819599380366067,0.3176600715911767,4.253714471594978,68.22167881610774,"exponentially weighted second moment about zero (no mean subtracted), newest observation weight 1, normalised to sum to 1",0.3224225371400424
40,235,shrinkage,regime_1,0.007903615221337913,6.246713356696434e-05,3.708826080179061e-05,0.006090013202103146,1.1714699155488737,8.234463806537784,0.15659034973718697,0.2793586919241471,5.749604559378291,16.248133298165463,"Ledoit-Wolf (2004) linear shrinkage toward tr(S)/p * I, divisor T as in the paper's own derivation, intensity solved in closed form (not cross-validated)",0.06465000561790732
40,240,sample,regime_1,0.008042194908237795,6.467689894208592e-05,4.645595946097861e-05,0.006815860874532183,1.2129104861267033,10.132215365291874,0.20515936604700802,0.2873047800867061,5.14276138262733,33.83546506152612,"unbiased sample covariance, divisor n - 1, per-asset means subtracted",0.1452243219766467
40,240,ewma,regime_1,0.007886411507000755,6.219548645775392e-05,3.965540308207749e-05,0.0062972536142414885,1.1663756139871622,7.998871012023168,0.17415481840467523,0.25755693825576914,5.388253997604645,36.38377690696763,"exponentially weighted second moment about zero (no mean subtracted), newest observation weight 1, normalised to sum to 1",0.3534163911910064
40,240,shrinkage,regime_1,0.007641113593940211,5.8386616955497886e-05,3.82503279307999e-05,0.006184684950003508,1.094946435483856,4.6396882393987315,0.13308330819444592,0.252027508531669,5.908393314414527,14.843035236441008,"Ledoit-Wolf (2004) linear shrinkage toward tr(S)/p * I, divisor T as in the paper's own derivation, intensity solved in closed form (not cross-validated)",0.11961799009482733
40,245,sample,straddling,0.01053457147997232,0.00011097719626664621,7.830321675305921e-05,0.008848910483955594,1.4890374914736657,22.02612390278016,0.25749635231823426,0.29938747066028754,5.018255984587218,32.99987266136822,"unbiased sample covariance, divisor n - 1, per-asset means subtracted",0.11007851838729393
40,245,ewma,straddling,0.010005525671929234,0.00010011054397163496,6.208312463170946e-05,0.00787928452536837,1.3432340902487674,15.897976265712565,0.221195863405007,0.24277614744605047,5.334936684323442,35.164423008489415,"exponentially weighted second moment about zero (no mean subtracted), newest observation weight 1, normalised to sum to 1",0.13602012358026289
40,245,shrinkage,straddling,0.009943838988754105,9.887993383426625e-05,6.401597219930427e-05,0.008000998200181292,1.3267223680790454,15.183434923562068,0.18480049785671313,0.2563661861995775,5.854848787891481,14.223971097193814,"Ledoit-Wolf (2004) linear shrinkage toward tr(S)/p * I, divisor T as in the paper's own derivation, intensity solved in closed form (not cross-validated)",0.0657335073544886
40,250,sample,straddling,0.012158735895893776,0.0001478348585860958,0.00014325241590027393,0.011968810128842128,1.7462993244791942,32.14761914159463,0.2663869993178388,0.25647686609771964,5.3479639861091774,30.83198926209265,"unbiased sample covariance, divisor n - 1, per-asset means subtracted",0.16040882215113278
40,250,ewma,straddling,0.011301369827485815,0.00012772095997760677,0.00011990372026147413,0.010950055719560248,1.508703889352563,22.82930795834368,0.22755080910236136,0.23079653383194013,5.61062851979827,23.02115294640533,"exponentially weighted second moment about zero (no mean subtracted), newest observation weight 1, normalised to sum to 1",0.1529059644326185
40,250,shrinkage,straddling,0.011808626211659913,0.00013944365300670153,0.0001355839670768469,0.011644052863021831,1.6471782053127808,28.342440576481987,0.22582250121470052,0.2408091900021114,6.008517468222725,13.803625128726456,"Ledoit-Wolf (2004) linear shrinkage toward tr(S)/p * I, divisor T as in the paper's own derivation, intensity solved in closed form (not cross-validated)",0.11315179719922605
40,255,sample,straddling,0.013003908046026004,0.00016910162446949983,0.00015328016097496998,0.012380636533513532,1.8721622198602041,36.82697905969439,0.22906112637213324,0.21317542924345767,5.833452724044849,31.519235499453586,"unbiased sample covariance, divisor n - 1, per-asset means subtracted",0.25619179379042495
40,255,ewma,straddling,0.01329994494747312,0.00017688853560581577,0.00016555850245451777,0.0128669538918315,1.958372869134297,39.94187611770457,0.23650623075435367,0.20276017087462878,5.842611321669382,32.15405707827434,"exponentially weighted second moment about zero (no mean subtracted), newest observation weight 1, normalised to sum to 1",0.26000398775388806
40,255,shrinkage,straddling,0.01297236800483135,0.0001682823316527721,0.00015478951618909988,0.012441443492983437,1.8630916443214272,36.49511508920118,0.2172561271552126,0.19381441301267396,6.15183516432258,15.267026098845616,"Ledoit-Wolf (2004) linear shrinkage toward tr(S)/p * I, divisor T as in the paper's own derivation, intensity solved in closed form (not cross-validated)",0.1817142310796851
40,260,sample,regime_2,0.014697432966666913,0.00021601453580966738,0.0001860839041603358,0.013641257425924334,2.311245181081322,52.02779946711462,0.2740686543975891,0.20228252161909835,5.906493176400209,32.565749007655505,"unbiased sample covariance, divisor n - 1, per-asset means subtracted",0.09901858158250025
40,260,ewma,regime_2,0.014634139809869554,0.0002141580479748089,0.0001857371611130235,0.013628542149218437,2.291381709644227,51.37310559158872,0.2972368545697887,0.21638229148002763,5.745882271873896,40.51145447235224,"exponentially weighted second moment about zero (no mean subtracted), newest observation weight 1, normalised to sum to 1",0.10969107642457579
40,260,shrinkage,regime_2,0.014689669812950756,0.00021578639921351672,0.00018754000181111713,0.013694524519351416,2.308804236047206,51.94749869764903,0.26026690092716787,0.18417426029207648,6.198690574813712,15.330459893747141,"Ledoit-Wolf (2004) linear shrinkage toward tr(S)/p * I, divisor T as in the paper's own derivation, intensity solved in closed form (not cross-validated)",0.07334033595497232
40,265,sample,regime_2,0.012548398710134672,0.0001574623101885095,0.00016151278161848437,0.012708767903242406,1.6847662786257631,29.798546934307524,0.3061263080390902,0.24333272526499475,5.467936594502854,49.05409567522559,"unbiased sample covariance, divisor n - 1, per-asset means subtracted",0.2579466185700775
40,265,ewma,regime_2,0.01249343267296018,0.00015608585995378893,0.00016927918559421612,0.013010733476411547,1.6700389642805875,29.229987397685186,0.3198110022109452,0.2910769213768026,5.489693279738146,95.59124626668388,"exponentially weighted second moment about zero (no mean subtracted), newest observation weight 1, normalised to sum to 1",0.2952469412697137
40,265,shrinkage,regime_2,0.012580350897139244,0.00015826522869515216,0.0001563436017886867,0.012503743510992486,1.6933570964719935,30.129055036605614,0.2548499533718904,0.19579603914542906,6.605572502258544,16.73434828363054,"Ledoit-Wolf (2004) linear shrinkage toward tr(S)/p * I, divisor T as in the paper's own derivation, intensity solved in closed form (not cross-validated)",0.16408136634606457
40,270,sample,regime_2,0.011630209014041349,0.00013526176171028864,9.92740657312276e-05,0.009963637173804935,1.44723175116757,20.30094559759579,0.3044212478973958,0.2634795714773642,5.116741795849347,64.98228724244552,"unbiased sample covariance, divisor n - 1, per-asset means subtracted",0.14929456927804577
40,270,ewma,regime_2,0.011424683558215314,0.0001305233944053553,0.00012235738258004907,0.011061527135981228,1.396533641622896,18.17502450276438,0.36441261940718606,0.2942481492505686,4.450822565444577,114.67207065190358,"exponentially weighted second moment about zero (no mean subtracted), newest observation weight 1, normalised to sum to 1",0.44784961346075525
40,270,shrinkage,regime_2,0.011440010118956491,0.0001308738315218269,8.055775597741726e-05,0.008975397260144938,1.4002831397466269,18.333559895180507,0.21138308195578187,0.18672068933491406,6.74193499043688,19.262661279575987,"Ledoit-Wolf (2004) linear shrinkage toward tr(S)/p * I, divisor T as in the paper's own derivation, intensity solved in closed form (not cross-validated)",0.144331639046149
40,275,sample,regime_2,0.011312951265820187,0.00012798286634282258,9.610364152848233e-05,0.00980324647902328,1.369351289194982,17.01928427378889,0.2356221894328141,0.2529208762560325,5.183526818928866,50.909202822732496,"unbiased sample covariance, divisor n - 1, per-asset means subtracted",0.24506021089577576
40,275,ewma,regime_2,0.010976626868922845,0.00012048633741955893,0.0001006271917897501,0.010031310571891895,1.2891422593545259,13.54040071069531,0.1544479089092457,0.2543577197992976,4.994923126741898,95.7233022182949,"exponentially weighted second moment about zero (no mean subtracted), newest observation weight 1, normalised to sum to 1",0.5357517659247738
40,275,shrinkage,regime_2,0.011182120447136377,0.00012503981769426545,8.25286177775055e-05,0.009084526282503976,1.337862172126217,15.665992068810652,0.1770968146362556,0.2226364488277945,6.249925114505354,18.354221645713697,"Ledoit-Wolf (2004) linear shrinkage toward tr(S)/p * I, divisor T as in the paper's own derivation, intensity solved in closed form (not cross-validated)",0.14198818104186126
40,280,sample,regime_2,0.010735819102001935,0.00011525781179090962,6.310713206618773e-05,0.007943999752403555,1.2331997061458677,11.049525264445315,0.10917182360576576,0.220071151704997,5.868676256730209,67.39240047890713,"unbiased sample covariance, divisor n - 1, per-asset means subtracted",0.4911122018789456
40,280,ewma,regime_2,0.010414691166628486,0.00010846579209624942,6.547004558174794e-05,0.0080913562263534,1.1605285651494834,7.727831369125937,0.1340036323859923,0.3129517874064679,4.677010895250954,103.19422227582928,"exponentially weighted second moment about zero (no mean subtracted), newest observation weight 1, normalised to sum to 1",0.603340775969561
40,280,shrinkage,regime_2,0.010922011531303101,0.00011929033588991792,6.460089682678086e-05,0.008037468309535091,1.276345653970598,12.975468751875407,0.14481505391164948,0.20803867333109602,6.569690535107057,23.501740608909444,"Ledoit-Wolf (2004) linear shrinkage toward tr(S)/p * I, divisor T as in the paper's own derivation, intensity solved in closed form (not cross-validated)",0.19017742912378627
40,285,sample,regime_2,0.010599799597196086,0.00011235575150071832,6.911461109882661e-05,0.008313519777977714,1.2021491435725138,9.64256215414312,0.10596324703668394,0.24684858378537644,5.6864539747329035,78.36787135839054,"unbiased sample covariance, divisor n - 1, per-asset means subtracted",0.10018638581682597
40,285,ewma,regime_2,0.010385439672001527,0.00010785735718078318,7.57870723801247e-05,0.008705577084841917,1.1540186223759472,7.425258779113353,0.11080438630477214,0.3025783046092043,4.720449907525218,113.52310913256515,"exponentially weighted second moment about zero (no mean subtracted), newest observation weight 1, normalised to sum to 1",0.23014436150348977
40,285,shrinkage,regime_2,0.01077084670142244,0.00011601113866554264,6.306001218766052e-05,0.007941033445821805,1.2412599188637228,11.41184492071401,0.13552520287710318,0.22137832213092,6.33329490367271,27.580351187899666,"Ledoit-Wolf (2004) linear shrinkage toward tr(S)/p * I, divisor T as in the paper's own derivation, intensity solved in closed form (not cross-validated)",0.0905294150041065
40,290,sample,regime_2,0.010280442968937702,0.00010568750763758062,0.0001027172248703739,0.010134950659493804,1.1308023407419314,6.339190364697211,0.12339267434755506,0.2598870028053088,5.016982492166816,99.31374166560448,"unbiased sample covariance, divisor n - 1, per-asset means subtracted",0.3452767140503029
40,290,ewma,regime_2,0.01028591473182753,0.0001058000418704266,0.00011335732581232453,0.010646939739301831,1.13200639954472,6.395789368974558,0.18103243615805464,0.2888421663357951,4.468621053386733,142.75859416282216,"exponentially weighted second moment about zero (no mean subtracted), newest observation weight 1, normalised to sum to 1",0.39894807116994285
40,290,shrinkage,regime_2,0.010518868181046801,0.00011064658781023886,9.586739899721081e-05,0.009791189866262977,1.183861965219014,8.805421060672058,0.12183103091177783,0.2405279415825999,6.216799900833356,38.34378342396929,"Ledoit-Wolf (2004) linear shrinkage toward tr(S)/p * I, divisor T as in the paper's own derivation, intensity solved in closed form (not cross-validated)",0.19904952655253452
40,295,sample,regime_2,0.010082385225751344,0.00010165449184044897,0.0001133697995096407,0.010647525511105418,1.0876511319984676,4.290514046027583,0.10735903020371917,0.25783920778790653,4.857418070006253,100.52090461360521,"unbiased sample covariance, divisor n - 1, per-asset means subtracted",0.08328664286116973
40,295,ewma,regime_2,0.009910266316371485,9.821337846140725e-05,0.00011303663100757304,0.010631868650786325,1.050832976752321,2.5101447054056703,0.0848242753035818,0.283492819479541,4.585552088516382,112.51701213808985,"exponentially weighted second moment about zero (no mean subtracted), newest observation weight 1, normalised to sum to 1",0.26153618799816747
40,295,shrinkage,regime_2,0.010241283213414764,0.00010488388185737101,0.00010813528192273518,0.010398811562997724,1.1222039554298489,5.934128373713876,0.09812044184485141,0.23841709445138762,5.7593024558542965,40.351868827123965,"Ledoit-Wolf (2004) linear shrinkage toward tr(S)/p * I, divisor T as in the paper's own derivation, intensity solved in closed form (not cross-validated)",0.12665909838547737
40,300,sample,regime_2,0.009966278552090896,9.932670817786702e-05,0.00011906049204685774,0.010911484410787459,1.0627450359685098,3.0895259455833157,0.0823155397610506,0.283105847662213,4.829842192169572,105.40086230674925,"unbiased sample covariance, divisor n - 1, per-asset means subtracted",0.10127950767819167
40,300,ewma,regime_2,0.009934048367350231,9.86853169648538e-05,0.00011449148754846372,0.010700069511384667,1.0558824776471065,2.756142280990015,0.06968061159248289,0.3014146305752619,4.957854127518155,109.3922323235554,"exponentially weighted second moment about zero (no mean subtracted), newest observation weight 1, normalised to sum to 1",0.1458545511359731
40,300,shrinkage,regime_2,0.010135287809068073,0.00010272405897264391,0.0001137388973088083,0.010664843988957753,1.0990949539193529,4.837729559512716,0.08229664781342158,0.23593133404450492,5.81411567804726,47.35802358539695,"Ledoit-Wolf (2004) linear shrinkage toward tr(S)/p * I, divisor T as in the paper's own derivation, intensity solved in closed form (not cross-validated)",0.07270925884689922
40,305,sample,regime_2,0.01006061012441397,0.00010121587607546089,0.00010479783526020472,0.010237081383881087,1.082958167382104,4.065276023374098,0.10654752219492902,0.28570342267821197,5.127653536034931,109.46836166758753,"unbiased sample covariance, divisor n - 1, per-asset means subtracted",0.14699275353121205
40,305,ewma,regime_2,0.01073185827663197,0.0001151727820697141,0.00011687307868858221,0.01081078529472222,1.2322899315669247,11.008555146300525,0.15737073442046012,0.2796619923577959,5.908014140880162,145.6304581266977,"exponentially weighted second moment about zero (no mean subtracted), newest observation weight 1, normalised to sum to 1",0.3172926866513156
40,305,shrinkage,regime_2,0.010279911538952767,0.00010567658124869423,0.00010448290324086568,0.010221687886101085,1.1306854339626462,6.3336933414167795,0.11156434380770192,0.23704883641464483,5.981587027094521,50.459922167624214,"Ledoit-Wolf (2004) linear shrinkage toward tr(S)/p * I, divisor T as in the paper's own derivation, intensity solved in closed form (not cross-validated)",0.11723067056355471
40,310,sample,regime_2,0.009988777864018788,9.977568321671172e-05,6.958062790287367e-05,0.00834150033884035,1.0675488395230535,3.3222550820032115,0.06779948762366902,0.27005418661926767,5.198769276955929,105.04748436745045,"unbiased sample covariance, divisor n - 1, per-asset means subtracted",0.1556802838197816
40,310,ewma,regime_2,0.010508424452833008,0.00011042698448089872,6.161887528735183e-05,0.007849769123187753,1.1815123217805095,8.69739287492175,0.2140885079572125,0.2463087102912543,5.4412275695917085,136.52612867709612,"exponentially weighted second moment about zero (no mean subtracted), newest observation weight 1, normalised to sum to 1",0.5354064753421783
40,310,shrinkage,regime_2,0.01024386344976792,0.00010493673837749112,6.590301065163459e-05,0.008118066928255433,1.1227694931931222,5.960817908938498,0.10241406493605362,0.23328516440235583,5.987186839186401,45.95246729534892,"Ledoit-Wolf (2004) linear shrinkage toward tr(S)/p * I, divisor T as in the paper's own derivation, intensity solved in closed form (not cross-validated)",0.1298783694058524
40,315,sample,regime_2,0.00988507943579849,9.771479545204623e-05,7.17334384256305e-05,0.008469559517804365,1.045498393255727,2.249615806404215,0.08537913839604351,0.2557190955315185,5.3061691053500395,110.88750372991161,"unbiased sample covariance, divisor n - 1, per-asset means subtracted",0.1738527236874809
40,315,ewma,regime_2,0.01027110758608595,0.00010549565104495237,6.737233267481087e-05,0.008208065099328274,1.128749573211688,6.242626718831068,0.19790105221246795,0.29263875730924316,5.169486519753773,130.53287554416005,"exponentially weighted second moment about zero (no mean subtracted), newest observation weight 1, normalised to sum to 1",0.21999966582138006
40,315,shrinkage,regime_2,0.010204271792645452,0.00010412716281817962,6.811722144018325e-05,0.00825331578459126,1.1141074482841231,5.551288399721721,0.12148260495069782,0.2386253679304705,6.241100061091938,49.782638975797425,"Ledoit-Wolf (2004) linear shrinkage toward tr(S)/p * I, divisor T as in the paper's own derivation, intensity solved in closed form (not cross-validated)",0.11849489647144118
40,320,sample,regime_2,0.009858908882652537,9.719808435644511e-05,6.515423123601088e-05,0.008071817096293182,1.0399698484971853,1.9789119620907236,0.08613344599216456,0.2649180355459435,5.4401490609204455,107.23526794358452,"unbiased sample covariance, divisor n - 1, per-asset means subtracted",0.20755376434791695
40,320,ewma,regime_2,0.010234194810350157,0.0001047387434161981,6.895073462433263e-05,0.008303657906268335,1.120651048253981,5.86080711264112,0.11849105405661454,0.24062553940282644,5.579559562113249,123.68565701735145,"exponentially weighted second moment about zero (no mean subtracted), newest observation weight 1, normalised to sum to 1",0.3131384997723916
40,320,shrinkage,regime_2,0.010071603998399736,0.00010143720710058157,6.11569994593276e-05,0.007820294077547698,1.0853262962828585,4.178994825389748,0.10801757023849624,0.22282094868319022,6.059461582170603,48.40882454671865,"Ledoit-Wolf (2004) linear shrinkage toward tr(S)/p * I, divisor T as in the paper's own derivation, intensity solved in closed form (not cross-validated)",0.14695178091203154
40,325,sample,regime_2,0.010104675737723159,0.00010210447176453108,9.312906945355715e-05,0.00965034038019163,1.0924656873117014,4.521083390467262,0.12568673051053922,0.21962980437270319,6.116650626005074,148.2792716955513,"unbiased sample covariance, divisor n - 1, per-asset means subtracted",0.1417648077151821
40,325,ewma,regime_2,0.010480000600325659,0.00010983041258282618,9.461032079560346e-05,0.009726783681957951,1.175129307232805,8.403381277191023,0.1803305909411599,0.21293201668661854,6.303379745225233,136.4580369949193,"exponentially weighted second moment about zero (no mean subtracted), newest observation weight 1, normalised to sum to 1",0.23122808000288897
40,325,shrinkage,regime_2,0.010241841411531349,0.00010489531549895847,9.309092357449487e-05,0.009648363777060588,1.1223262895539028,5.939902282091181,0.14126124122378675,0.20076976375741667,6.407211034847375,53.875046964916244,"Ledoit-Wolf (2004) linear shrinkage toward tr(S)/p * I, divisor T as in the paper's own derivation, intensity solved in closed form (not cross-validated)",0.12005872456170177
40,330,sample,regime_2,0.010258382087095569,0.00010523440304484324,0.0001286064932479452,0.011340480291766535,1.1259543530703386,6.11099627608529,0.20122198343298855,0.2100803624418375,5.524580385087368,129.66482782656695,"unbiased sample covariance, divisor n - 1, per-asset means subtracted",0.18452478124378532
40,330,ewma,regime_2,0.010547112838158564,0.0001112415892208492,0.00013609869162525964,0.011666134390845137,1.190228176353164,9.097579091067098,0.26387699144556254,0.2299318042019357,5.539944534161242,110.76869153261407,"exponentially weighted second moment about zero (no mean subtracted), newest observation weight 1, normalised to sum to 1",0.23437761014907857
40,330,shrinkage,regime_2,0.010227555498704636,0.00010460289147908344,0.0001246918782555227,0.011166551762093914,1.119197501927481,5.7921311784331575,0.1609600826316837,0.20149420066479584,6.136043310098861,50.21713081172657,"Ledoit-Wolf (2004) linear shrinkage toward tr(S)/p * I, divisor T as in the paper's own derivation, intensity solved in closed form (not cross-validated)",0.09636516449659066
40,335,sample,regime_2,0.010836122925393814,0.0001174215600542454,0.0001526253024405599,0.01235416134104456,1.2563507072021776,12.087051312904883,0.33085561348259956,0.28630779423119085,4.592589940831536,116.80247217414366,"unbiased sample covariance, divisor n - 1, per-asset means subtracted",0.37207548342752417
40,335,ewma,regime_2,0.01111291174970264,0.00012349680755667898,0.00016415549928201813,0.012812318263375217,1.321352751908317,14.950108825886588,0.38288557949412905,0.29219128245599574,4.027522821253272,106.2965191229557,"exponentially weighted second moment about zero (no mean subtracted), newest observation weight 1, normalised to sum to 1",0.36098151277407375
40,335,shrinkage,regime_2,0.010458999749987836,0.00010939067577024561,0.00013403817855365974,0.01157748584769853,1.1704243479798944,8.186151977963174,0.22713864155150884,0.23021447867740083,5.865326479447516,47.34876615482638,"Ledoit-Wolf (2004) linear shrinkage toward tr(S)/p * I, divisor T as in the paper's own derivation, intensity solved in closed form (not cross-validated)",0.2358986903159785
40,340,sample,regime_2,0.010731706960803746,0.0001151695342925636,0.00017665130839652872,0.013291023602286196,1.2322551820105572,11.006989960567658,0.30509735766826424,0.2598859751796993,4.858266360512118,112.31983990047007,"unbiased sample covariance, divisor n - 1, per-asset means subtracted",0.13269615765678902
40,340,ewma,regime_2,0.010730918260651527,0.00011515260671678438,0.00017028654176841706,0.013049388559178437,1.2320740655972544,10.998831777512619,0.3040302289766444,0.26227210583132343,4.89197837738401,70.70349513505775,"exponentially weighted second moment about zero (no mean subtracted), newest observation weight 1, normalised to sum to 1",0.41050847947954827
40,340,shrinkage,regime_2,0.010388095827444377,0.00010791253492016729,0.00016149877903866847,0.01270821698896696,1.1546089959995391,7.452733608761153,0.21902755637261756,0.23014605556760195,5.81550759331143,41.51664571984406,"Ledoit-Wolf (2004) linear shrinkage toward tr(S)/p * I, divisor T as in the paper's own derivation, intensity solved in closed form (not cross-validated)",0.13101864211187023
40,345,sample,regime_2,0.01128037732697614,0.00012724691263895738,0.00017009329512859817,0.013041982024546659,1.3614769605291732,16.682344873985677,0.34703617813576754,0.26882280419324184,4.592652036356071,90.53117051763243,"unbiased sample covariance, divisor n - 1, per-asset means subtracted",0.32722154359645467
40,345,ewma,regime_2,0.010784967985652047,0.00011631553445153958,0.00015848914037673052,0.012589247013889691,1.244516798271814,11.557913133574438,0.30604277550251774,0.30004449398546235,4.37955361892858,85.0691320353162,"exponentially weighted second moment about zero (no mean subtracted), newest observation weight 1, normalised to sum to 1",0.40050247231247765
40,345,shrinkage,regime_2,0.01078651791865239,0.00011634896880940906,0.0001553349183285063,0.012463342983666394,1.2448745288209122,11.573945382464279,0.2638609773504832,0.24957779971026745,5.2688248000864455,35.77934914538181,"Ledoit-Wolf (2004) linear shrinkage toward tr(S)/p * I, divisor T as in the paper's own derivation, intensity solved in closed form (not cross-validated)",0.2493290592426154
40,350,sample,regime_2,0.01029921745743512,0.00010607388023553636,0.0001306719348239663,0.01143118256454538,1.1349363301597264,6.533390547739826,0.24358976755477632,0.32995250548512967,4.577693417192792,65.27024867970101,"unbiased sample covariance, divisor n - 1, per-asset means subtracted",0.5669037700614906
40,350,ewma,regime_2,0.010337547760448058,0.00010686489369954465,0.00013406417280035563,0.011578608413810169,1.1433997701315184,6.929872820064564,0.24987969785323932,0.3384037514865924,3.7561165473023146,50.292981800335184,"exponentially weighted second moment about zero (no mean subtracted), newest observation weight 1, normalised to sum to 1",0.5102103587733903
40,350,shrinkage,regime_2,0.010097773288559946,0.00010196502538715473,0.0001202033498263519,0.010963728828567035,1.0909736823106382,4.449685605588982,0.1752335233691678,0.24666096885818267,5.496148086889002,31.745236044191227,"Ledoit-Wolf (2004) linear shrinkage toward tr(S)/p * I, divisor T as in the paper's own derivation, intensity solved in closed form (not cross-validated)",0.34460172260942623
40,355,sample,regime_2,0.009997481518333573,9.994963670942137e-05,0.00010710832791559532,0.010349315335595652,1.0694100530300543,3.4122842330665426,0.17261273440477012,0.27907439328951317,4.770474887640934,59.87579959216132,"unbiased sample covariance, divisor n - 1, per-asset means subtracted",0.2228880898543804
40,355,ewma,regime_2,0.009810394936261601,9.624384880542726e-05,0.00010018684432340184,0.010009337856391992,1.0297600155771927,1.477091778252726,0.11131403187978604,0.2859603266408858,4.69429788230472,41.560394130354155,"exponentially weighted second moment about zero (no mean subtracted), newest observation weight 1, normalised to sum to 1",0.3677570309719179
40,355,shrinkage,regime_2,0.009913960867000774,9.828662007242276e-05,0.00010325865557964056,0.01016162662075519,1.0516166245743517,2.548360521967963,0.11658783035770816,0.21969119151875716,5.617861296838258,27.88209515924079,"Ledoit-Wolf (2004) linear shrinkage toward tr(S)/p * I, divisor T as in the paper's own derivation, intensity solved in closed form (not cross-validated)",0.16233839738162015
40,360,sample,regime_2,0.010051730083117105,0.00010103727766384141,7.244351337321721e-05,0.008511375527681598,1.0810472556156476,3.9734223547367664,0.19099796743077083,0.26900905731256786,4.813630442066878,52.33428977458241,"unbiased sample covariance, divisor n - 1, per-asset means subtracted",0.1573554505318987
40,360,ewma,regime_2,0.009907011249396172,9.81488718956623e-05,6.44694401662364e-05,0.00802928640454657,1.0501427894523447,2.4764748345855514,0.11925141681272627,0.24316810270881506,4.9717063849107435,45.59559077663982,"exponentially weighted second moment about zero (no mean subtracted), newest observation weight 1, normalised to sum to 1",0.18129347130279794
40,360,shrinkage,regime_2,0.010022453517646546,0.00010044957451338564,6.929638904712126e-05,0.008324445269633362,1.0747591321367995,3.6705904360923025,0.13797596596477965,0.23691580586638336,5.635885048649371,22.433435576731757,"Ledoit-Wolf (2004) linear shrinkage toward tr(S)/p * I, divisor T as in the paper's own derivation, intensity solved in closed form (not cross-validated)",0.1443815776055914
40,365,sample,regime_2,0.009938411741397934,9.87720279415563e-05,4.727019838446676e-05,0.006875332601734025,1.0568102408010966,2.801276295632471,0.1321189037486919,0.2994581413659988,4.760366613169285,49.92350771094195,"unbiased sample covariance, divisor n - 1, per-asset means subtracted",0.2961811288544505
40,365,ewma,regime_2,0.010413439745528144,0.00010843972733374527,4.9823029437132745e-05,0.007058543010928866,1.1602496855060005,7.714886877627114,0.19976780618211265,0.33372384443792863,4.720064417027816,54.955850394006944,"exponentially weighted second moment about zero (no mean subtracted), newest observation weight 1, normalised to sum to 1",0.29593980922911467
40,365,shrinkage,regime_2,0.009944182898284614,9.888677351453618e-05,4.704594482597181e-05,0.006859004652715422,1.0580379598136442,2.8609721815638034,0.10665775247606549,0.2742282066396019,5.363828595898733,21.3454503141179,"Ledoit-Wolf (2004) linear shrinkage toward tr(S)/p * I, divisor T as in the paper's own derivation, intensity solved in closed form (not cross-validated)",0.1863267525883183
40,370,sample,regime_2,0.010685152166145136,0.00011417247681367607,0.00010808221573759009,0.010396259699410654,1.22158717633815,10.525434916047738,0.1991839807125653,0.3351508070057652,4.477246485945161,68.44518194489441,"unbiased sample covariance, divisor n - 1, per-asset means subtracted",0.20933379779744568
40,370,ewma,regime_2,0.0110676399855912,0.00012249265485065719,0.00012149953400557314,0.011022682704567575,1.3106088309302049,14.48182523572048,0.20477123025711524,0.3489677071408358,4.645015786529925,124.17537158856591,"exponentially weighted second moment about zero (no mean subtracted), newest observation weight 1, normalised to sum to 1",0.15733622658348512
40,370,shrinkage,regime_2,0.010493893679227966,0.00011012180455094065,0.00011258434918320209,0.01061057723138577,1.1782470524326178,8.547088972142314,0.13780915544940028,0.2814048631142409,5.506233948179023,21.055193436683016,"Ledoit-Wolf (2004) linear shrinkage toward tr(S)/p * I, divisor T as in the paper's own derivation, intensity solved in closed form (not cross-validated)",0.12031793272993044
40,375,sample,regime_2,0.010653648558229999,0.00011350022760227613,0.00011165170296281973,0.010566536942765105,1.2143944531979682,10.19956684116179,0.19147282769833912,0.3150694182401043,4.261989827990548,61.17645001810378,"unbiased sample covariance, divisor n - 1, per-asset means subtracted",0.15351858897685292
40,375,ewma,regime_2,0.010952451758556433,0.00011995619952350589,0.00012024821877621465,0.010965774882616124,1.2834700546902953,13.290337394249807,0.21058003769005168,0.3468139440456308,4.024105166108699,77.74852829638508,"exponentially weighted second moment about zero (no mean subtracted), newest observation weight 1, normalised to sum to 1",0.25967754173525304
40,375,shrinkage,regime_2,0.01042593528888122,0.00010870012664793872,0.00010989025770589573,0.010482855417580447,1.1630358251416073,7.844138697548475,0.11966555892238016,0.2673234306683878,5.444241404662904,19.17859152376519,"Ledoit-Wolf (2004) linear shrinkage toward tr(S)/p * I, divisor T as in the paper's own derivation, intensity solved in closed form (not cross-validated)",0.13165856814485621
40,380,sample,regime_2,0.010414683190447017,0.00010846562595737965,0.00014038968942226286,0.011848615506558682,1.16052678754845,7.727748864832873,0.17708973294129504,0.311965149423897,4.3461168858082075,54.976290383714634,"unbiased sample covariance, divisor n - 1, per-asset means subtracted",0.1834543877119711
40,380,ewma,regime_2,0.010432029414144076,0.00010882723769756719,0.0001424923965263345,0.011937017907598803,1.1643958484373305,7.907175314588355,0.19781287514298124,0.3506440404213937,4.035788545912336,58.64230109602571,"exponentially weighted second moment about zero (no mean subtracted), newest observation weight 1, normalised to sum to 1",0.3390903453813896
40,380,shrinkage,regime_2,0.01035267746297495,0.00010717793065238944,0.00013308496034084675,0.011536245504532519,1.1467491056104993,7.086371943889258,0.11866320724697747,0.25188189281163503,5.559931459970103,19.327712928120608,"Ledoit-Wolf (2004) linear shrinkage toward tr(S)/p * I, divisor T as in the paper's own derivation, intensity solved in closed form (not cross-validated)",0.10928077864119981
40,385,sample,regime_2,0.010077087614074049,0.00010154769478172462,0.000152640015936862,0.012354756814153081,1.086508458027917,4.235716432896308,0.11523273046620072,0.29220055275032747,4.769024695683292,39.801213870287214,"unbiased sample covariance, divisor n - 1, per-asset means subtracted",0.1942107846532447
40,385,ewma,regime_2,0.010140869152197292,0.0001028372271619866,0.0001569404503744789,0.01252758757201397,1.1003057957327966,4.895462043541077,0.14206741482126126,0.3009589632281951,4.46361467759649,40.2870452605544,"exponentially weighted second moment about zero (no mean subtracted), newest observation weight 1, normalised to sum to 1",0.17923555167654304
40,385,shrinkage,regime_2,0.010118994038731524,0.00010239404035588412,0.0001497645047105551,0.012237830882576989,1.0955639233116476,4.669189512083616,0.10688455368138705,0.2433295442527103,5.611931965970885,14.904190361345417,"Ledoit-Wolf (2004) linear shrinkage toward tr(S)/p * I, divisor T as in the paper's own derivation, intensity solved in closed form (not cross-validated)",0.14979249760054258
40,390,sample,regime_2,0.010020647818059739,0.00010041338269358539,0.00010022224150476385,0.010011105908178369,1.0743718981537052,3.651912580217509,0.13379295912257755,0.2885392564892582,5.059713854716987,41.933940350483354,"unbiased sample covariance, divisor n - 1, per-asset means subtracted",0.23393457486407332
40,390,ewma,regime_2,0.011194142880625873,0.00012530883483186694,0.00011764340779111338,0.010846354585348635,1.3407405180698322,15.790350119076502,0.18733781168957817,0.2649047400907586,5.556310572961252,41.07661137338114,"exponentially weighted second moment about zero (no mean subtracted), newest observation weight 1, normalised to sum to 1",0.5405122787197878
40,390,shrinkage,regime_2,0.010253986232953642,0.00010514423366560284,9.668224393597792e-05,0.009832712948926046,1.1249895867759347,6.06552629275614,0.14034181741899523,0.2586779874135161,5.853751968389718,16.08170666792047,"Ledoit-Wolf (2004) linear shrinkage toward tr(S)/p * I, divisor T as in the paper's own derivation, intensity solved in closed form (not cross-validated)",0.18018190191985145
40,395,sample,regime_2,0.010557035927532123,0.00011145100757520403,0.00010978102779285012,0.010477644190983492,1.1924688457623702,9.200221875340997,0.17790682921386095,0.3129713378956074,4.804532536086451,37.22308170677534,"unbiased sample covariance, divisor n - 1, per-asset means subtracted",0.28023153226030684
40,395,ewma,regime_2,0.011428290537379511,0.00013060582460675807,0.00013354306729866677,0.011556083562291628,1.397415602668034,18.212334494672522,0.17059565374809382,0.2750710670070177,5.140302807785161,36.05661128623866,"exponentially weighted second moment about zero (no mean subtracted), newest observation weight 1, normalised to sum to 1",0.371216929305961
40,395,shrinkage,regime_2,0.010501500117695883,0.00011028150472196665,0.00010274855777163502,0.010136496326228064,1.1799557626789827,8.625768705173375,0.14546315855616798,0.2623682525269216,5.907579123953164,14.828480605365382,"Ledoit-Wolf (2004) linear shrinkage toward tr(S)/p * I, divisor T as in the paper's own derivation, intensity solved in closed form (not cross-validated)",0.16966185965852715
40,400,sample,regime_2,0.010505990622757064,0.00011037583896545937,8.607231872436515e-05,0.009277516840424768,1.1809650908932452,8.672217741851806,0.1551175806875019,0.2983040444678261,5.271750533987075,35.6345099085765,"unbiased sample covariance, divisor n - 1, per-asset means subtracted",0.3239037997952713
40,400,ewma,regime_2,0.011779058996120109,0.00013874623083407806,9.616337899745387e-05,0.009806292826417835,1.484513790734023,21.840625028519245,0.2820021078392616,0.37780920563189535,4.162260781089397,40.99217993037588,"exponentially weighted second moment about zero (no mean subtracted), newest observation weight 1, normalised to sum to 1",0.807086354158769
40,400,shrinkage,regime_2,0.010747868873149566,0.00011551668531441733,9.228086852087572e-05,0.00960629317275273,1.2359695206005947,11.174166090895167,0.1534263091843376,0.22735442634395803,6.489147349427485,14.722182680955862,"Ledoit-Wolf (2004) linear shrinkage toward tr(S)/p * I, divisor T as in the paper's own derivation, intensity solved in closed form (not cross-validated)",0.18660569164941124
40,405,sample,regime_2,0.01032810088248491,0.00010666966783878557,7.398379037341792e-05,0.008601383050034333,1.141310953153482,6.8321558873301935,0.17175079370581517,0.34961643271257586,4.681138986853281,44.59617055159742,"unbiased sample covariance, divisor n - 1, per-asset means subtracted",0.2744070298731275
40,405,ewma,regime_2,0.011186542392342482,0.00012513873069567547,8.161584627860352e-05,0.009034148896194014,1.3389204907111134,15.711731933763451,0.22392435871813593,0.32570362449590556,4.937431835066098,57.493824399236914,"exponentially weighted second moment about zero (no mean subtracted), newest observation weight 1, normalised to sum to 1",0.17340337238765285
40,405,shrinkage,regime_2,0.010495631356992451,0.00011015827758188319,7.5258348420199e-05,0.008675156968043806,1.178637295231277,8.565063221612723,0.14174606211146187,0.24795951398819324,6.277579736347742,17.053940634099458,"Ledoit-Wolf (2004) linear shrinkage toward tr(S)/p * I, divisor T as in the paper's own derivation, intensity solved in closed form (not cross-validated)",0.1875286261741788
40,410,sample,regime_2,0.010476458304006037,0.00010975617859557706,8.561066348624495e-05,0.009252603065421371,1.174335041492035,8.366740353857406,0.1458005486657271,0.3372126980408141,4.69338856395529,37.21562472111692,"unbiased sample covariance, divisor n - 1, per-asset means subtracted",0.1226812089941712
40,410,ewma,regime_2,0.010054108661580791,0.00010108510097887388,9.880297923932631e-05,0.009939968774564954,1.0815589406557207,3.998025974328989,0.11458579920619831,0.23435994944575,5.508184661989323,40.35215591425781,"exponentially weighted second moment about zero (no mean subtracted), newest observation weight 1, normalised to sum to 1",0.38572274580789734
40,410,shrinkage,regime_2,0.010544110633085274,0.00011117826904274195,9.697982254398081e-05,0.00984783339339069,1.1895506827948392,9.066524781659702,0.12219458823291449,0.26722786584704256,5.738066031363567,16.724706515315596,"Ledoit-Wolf (2004) linear shrinkage toward tr(S)/p * I, divisor T as in the paper's own derivation, intensity solved in closed form (not cross-validated)",0.13619495383568908
40,415,sample,regime_2,0.01045163420364445,0.00010923665752679054,0.0001370353144761551,0.011706208373173405,1.1687764314558982,8.109963992959424,0.16242411983990226,0.3334329860080258,4.911138851651612,48.270009699113274,"unbiased sample covariance, divisor n - 1, per-asset means subtracted",0.1045160122792665
40,415,ewma,regime_2,0.010186720299070758,0.00010376927045150023,0.00014636129617023966,0.012097987277652414,1.1102781827917196,5.369738672529678,0.13373545961821381,0.2511623345739787,5.461405844378135,55.520910080595264,"exponentially weighted second moment about zero (no mean subtracted), newest observation weight 1, normalised to sum to 1",0.19374671360534412
40,415,shrinkage,regime_2,0.010547375194876495,0.00011124712350149598,0.0001502646850931107,0.01225824967493772,1.1902873903288702,9.100292865274673,0.13703858018896184,0.2536890516389503,6.1543805540012615,20.83480295752446,"Ledoit-Wolf (2004) linear shrinkage toward tr(S)/p * I, divisor T as in the paper's own derivation, intensity solved in closed form (not cross-validated)",0.09471940547810324
40,420,sample,regime_2,0.010796019593821959,0.00011655403907018765,0.00016835158767019456,0.012975037097064292,1.2470686758500973,11.672229128378087,0.1798728919486301,0.3640526465347668,4.699316699753376,48.06440143224416,"unbiased sample covariance, divisor n - 1, per-asset means subtracted",0.2523023894659152
40,420,ewma,regime_2,0.01050510918462292,0.00011035731898084882,0.0001745942697686317,0.013213412495212268,1.1807669365189368,8.663100292552706,0.18187879444906252,0.2897640063491911,5.103869890965158,69.81235017575868,"exponentially weighted second moment about zero (no mean subtracted), newest observation weight 1, normalised to sum to 1",0.2723596281855613
40,420,shrinkage,regime_2,0.010662860989471641,0.00011369660448079615,0.00017145223315348417,0.013093976980027275,1.2164955854780437,10.294858696044562,0.1509204445435738,0.2733417795598253,5.909855134395571,19.997490113874335,"Ledoit-Wolf (2004) linear shrinkage toward tr(S)/p * I, divisor T as in the paper's own derivation, intensity solved in closed form (not cross-validated)",0.13879978928360523
40,425,sample,regime_2,0.011041808687754036,0.00012192153909696053,0.0001991205678414505,0.014111008746416766,1.3044981841229266,14.214630591834698,0.1943443162435537,0.35868116567625874,4.776515273906927,53.75030243139606,"unbiased sample covariance, divisor n - 1, per-asset means subtracted",0.07378228572578918
40,425,ewma,regime_2,0.010857649658615033,0.00011788855610922314,0.00019980210388734324,0.01413513720794189,1.261347326423221,12.309720257118473,0.188615325504681,0.25083058346844234,5.4840988894723,86.92453133389371,"exponentially weighted second moment about zero (no mean subtracted), newest observation weight 1, normalised to sum to 1",0.14899357201025515
40,425,shrinkage,regime_2,0.010840764772012533,0.00011752218084210793,0.00020328580576204158,0.014257833136982687,1.2574272982296852,12.135065801455935,0.16356811308859356,0.274222450480388,5.871108044090281,23.223141118825,"Ledoit-Wolf (2004) linear shrinkage toward tr(S)/p * I, divisor T as in the paper's own derivation, intensity solved in closed form (not cross-validated)",0.04712834612540355
40,430,sample,regime_2,0.010268039771453448,0.00010543264074814976,0.00011718556759141516,0.0108252282928082,1.1280753952250182,6.210893755067248,0.14564509693968383,0.36645379465850114,4.39042980560853,47.48091107176336,"unbiased sample covariance, divisor n - 1, per-asset means subtracted",0.22033930871760285
40,430,ewma,regime_2,0.010688516315781663,0.00011424438103273084,0.00011422602761626464,0.010687657723573704,1.2223565147494142,10.560233119753049,0.20378210837855068,0.39823090280620116,3.582753411108314,65.72551351372007,"exponentially weighted second moment about zero (no mean subtracted), newest observation weight 1, normalised to sum to 1",0.7422907443075855
40,430,shrinkage,regime_2,0.010152614466215628,0.00010307558049961084,0.0001162991940606318,0.010784210405061272,1.1028560546814077,5.016953616137987,0.11126737934238443,0.2787967971960672,5.431852808458667,20.709146975331,"Ledoit-Wolf (2004) linear shrinkage toward tr(S)/p * I, divisor T as in the paper's own derivation, intensity solved in closed form (not cross-validated)",0.1674190783820576
40,435,sample,regime_2,0.01054867328554071,0.00011127450808508025,0.00011119942386074941,0.01054511374337657,1.1905803913836734,9.113720098971667,0.22964402422198624,0.39331536604628187,3.630281755628559,73.82932038551415,"unbiased sample covariance, divisor n - 1, per-asset means subtracted",0.3771109352781443
40,435,ewma,regime_2,0.011273161776159888,0.00012708417643147237,0.00010814119217338038,0.010399095738254378,1.3597357662436713,16.607708417740174,0.3150442886358211,0.39211822430454857,3.149732340831696,90.7456880196478,"exponentially weighted second moment about zero (no mean subtracted), newest observation weight 1, normalised to sum to 1",0.3836364558843505
40,435,shrinkage,regime_2,0.010082815309790097,0.00010166316457133757,0.00010078389032611443,0.010039118005388443,1.0877439257884687,4.294962763714949,0.14079776646212244,0.2822852990463174,4.869536132707881,29.426394002751323,"Ledoit-Wolf (2004) linear shrinkage toward tr(S)/p * I, divisor T as in the paper's own derivation, intensity solved in closed form (not cross-validated)",0.22619360744892003
40,440,sample,regime_2,0.010498544308457097,0.00011021943259663692,0.00017730844385418858,0.013315721679810997,1.1792916226478034,8.595194306553132,0.22508497391106724,0.36785848395100146,3.743860383494818,85.75092491366443,"unbiased sample covariance, divisor n - 1, per-asset means subtracted",0.09808963198954643
40,440,ewma,regime_2,0.011828198007983312,0.00013990626811606038,0.00022754108839499848,0.015084465134534883,1.4969255970405146,22.348910785528233,0.3613296816743273,0.45092277685249793,3.0756991385662205,92.02565377419776,"exponentially weighted second moment about zero (no mean subtracted), newest observation weight 1, normalised to sum to 1",0.18695577452060796
40,440,shrinkage,regime_2,0.010070109564780464,0.000101407106646683,0.00014839771618495353,0.012181860128278994,1.0850042368031079,4.163536652856981,0.14324387386965956,0.2833714310357293,4.905662110106593,33.8259112268295,"Ledoit-Wolf (2004) linear shrinkage toward tr(S)/p * I, divisor T as in the paper's own derivation, intensity solved in closed form (not cross-validated)",0.05333411349804226
40,445,sample,regime_2,0.010667259340378366,0.00011379042183488951,0.00020766823880762845,0.014410698761948653,1.2174993832397885,10.340354505493066,0.25159824734599745,0.3639483209861516,3.5245024330726475,68.87678427426053,"unbiased sample covariance, divisor n - 1, per-asset means subtracted",0.12359419090037871
40,445,ewma,regime_2,0.011835106003822688,0.00014006973412171984,0.0002751583138891427,0.016587896608344976,1.4986745997936624,22.420365944301214,0.3527528980196615,0.4398870636941578,3.145426575062714,88.72015752607071,"exponentially weighted second moment about zero (no mean subtracted), newest observation weight 1, normalised to sum to 1",0.025075123006636404
40,445,shrinkage,regime_2,0.010115265131510122,0.00010231858868074448,0.0001738083239867489,0.01318363849575484,1.0947566289325108,4.630618316652924,0.1494169833000699,0.29483777758945706,4.782007483000626,29.577689073081334,"Ledoit-Wolf (2004) linear shrinkage toward tr(S)/p * I, divisor T as in the paper's own derivation, intensity solved in closed form (not cross-validated)",0.0656718904395992
40,450,sample,regime_2,0.0101668137468633,0.0001033641017634086,0.00018588980060351787,0.013634140992505464,1.105943084811545,5.163828610960386,0.17767915961542588,0.3417533758815409,4.016814215813127,83.26631201514006,"unbiased sample covariance, divisor n - 1, per-asset means subtracted",0.18002678234435354
40,450,ewma,regime_2,0.010263590053574877,0.00010534128078784113,0.00017781230014758177,0.013334627859358572,1.1270978903213984,6.164866614214626,0.18712346136857938,0.33831048669894537,4.359883127348901,85.16472710624919,"exponentially weighted second moment about zero (no mean subtracted), newest observation weight 1, normalised to sum to 1",0.464676220761048
40,450,shrinkage,regime_2,0.009955999254955725,9.912192116467896e-05,0.00017687656164827234,0.01329949478921182,1.0605539195438447,2.9831986075323114,0.12265825204825934,0.2785970136963955,5.000558437924706,33.24263163538251,"Ledoit-Wolf (2004) linear shrinkage toward tr(S)/p * I, divisor T as in the paper's own derivation, intensity solved in closed form (not cross-validated)",0.1007151563626761
40,455,sample,regime_2,0.010989273281555868,0.00012076412725671768,0.0002581049601560358,0.0160656453389223,1.2921144687018276,13.671213097328527,0.27700136527294966,0.4049053867397131,3.733958180473834,60.07482244668738,"unbiased sample covariance, divisor n - 1, per-asset means subtracted",0.3703698867451325
40,455,ewma,regime_2,0.010913522421387125,0.0001191049716421195,0.00024250321722599428,0.01557251480095602,1.2743623512133875,12.887658812351477,0.2962973903666499,0.392078080588325,4.020741280427541,66.69343721120399,"exponentially weighted second moment about zero (no mean subtracted), newest observation weight 1, normalised to sum to 1",0.2654506890036317
40,455,shrinkage,regime_2,0.01042833278977165,0.00010875012477422654,0.00022170986321145325,0.014889924889382527,1.1635707795510997,7.868938047572316,0.20353904015927105,0.3424847196918564,4.692763619354795,27.959304346597765,"Ledoit-Wolf (2004) linear shrinkage toward tr(S)/p * I, divisor T as in the paper's own derivation, intensity solved in closed form (not cross-validated)",0.23037029173472057
40,460,sample,regime_2,0.010039797551653263,0.00010079753487818285,0.0001671733624415396,0.01292955383768286,1.0784821302828755,3.849994236055476,0.14938229576761913,0.29356386820583574,4.465871314547418,55.12277295147376,"unbiased sample covariance, divisor n - 1, per-asset means subtracted",0.3085641635605444
40,460,ewma,regime_2,0.01003615642997393,0.00010072443588690709,0.00016863718656182902,0.0129860381395493,1.077700008419202,3.812331079655551,0.13379462806136744,0.30736899945321733,4.499056802170718,79.17021093812453,"exponentially weighted second moment about zero (no mean subtracted), newest observation weight 1, normalised to sum to 1",0.5456415134517008
40,460,shrinkage,regime_2,0.009928761979278486,9.858031444116602e-05,0.00016995143844252087,0.013036542426675905,1.0547590042847,2.7014607629657794,0.12890395192505624,0.27690332931595724,4.796807503148309,26.841173119812808,"Ledoit-Wolf (2004) linear shrinkage toward tr(S)/p * I, divisor T as in the paper's own derivation, intensity solved in closed form (not cross-validated)",0.2428328714680555
40,465,sample,regime_2,0.009989416533262694,9.978844267502205e-05,0.00015193396542155575,0.012326149659222695,1.0676853592087423,3.3288613703229775,0.11766544503723815,0.2721887978661804,4.330815410984986,46.80716731641224,"unbiased sample covariance, divisor n - 1, per-asset means subtracted",0.12037724448221303
40,465,ewma,regime_2,0.010170251857161998,0.00010343402283810707,0.00018505596172533806,0.013603527547123137,1.1066912045912958,5.199391851440649,0.12212794969141227,0.31289976702914946,4.395693930293131,60.62233697744124,"exponentially weighted second moment about zero (no mean subtracted), newest observation weight 1, normalised to sum to 1",0.37272316224524876
40,465,shrinkage,regime_2,0.009859990432290234,9.721941132485495e-05,0.00015826237203534415,0.012580237360055818,1.0401980361641845,1.9900993314637683,0.08435237310953123,0.2519172998537517,4.904581957760336,24.55964776903561,"Ledoit-Wolf (2004) linear shrinkage toward tr(S)/p * I, divisor T as in the paper's own derivation, intensity solved in closed form (not cross-validated)",0.11932785453847561
40,470,sample,regime_2,0.009947554667401203,9.895384386093546e-05,0.00013446772523280535,0.011596021957240568,1.058755578256902,2.895849199902223,0.12219329364296283,0.2962640747583692,4.397698034200185,66.49785642666768,"unbiased sample covariance, divisor n - 1, per-asset means subtracted",0.12773165404434655
40,470,ewma,regime_2,0.010460377021900554,0.00010941948744030511,0.0001966647310339909,0.014023720299335369,1.1707326181309485,8.200398249310915,0.12924617775995287,0.3402077981499348,4.329247717123323,65.14343253348925,"exponentially weighted second moment about zero (no mean subtracted), newest observation weight 1, normalised to sum to 1",0.3073778133959765
40,470,shrinkage,regime_2,0.009803037892973319,9.609955193107077e-05,0.00014595462818313206,0.012081168328565414,1.028216112736342,1.4009917474351985,0.09292665966541598,0.27699728687344577,5.0704347553663665,31.099561755666894,"Ledoit-Wolf (2004) linear shrinkage toward tr(S)/p * I, divisor T as in the paper's own derivation, intensity solved in closed form (not cross-validated)",0.12603861674973738
40,475,sample,regime_2,0.009919988719122651,9.840617618752065e-05,0.00013125627685394513,0.01145671317847947,1.052895813930073,2.6107116206721015,0.09759347854187252,0.3091556444044167,4.529389060986043,67.48411719554899,"unbiased sample covariance, divisor n - 1, per-asset means subtracted",0.19882644952969925
40,475,ewma,regime_2,0.010556043856975521,0.00011143006191039064,0.0001279153312035688,0.01130996601248513,1.1922447378490622,9.18996006268442,0.2206480873690694,0.37629698805497475,3.5216092565156503,88.00431124523548,"exponentially weighted second moment about zero (no mean subtracted), newest observation weight 1, normalised to sum to 1",0.33647909069578086
40,475,shrinkage,regime_2,0.009852022982398755,9.706235684571324e-05,0.00014167961141053003,0.01190292448982728,1.038517633469417,1.9076853563761986,0.0960172037834522,0.28722417446902754,5.057469908965273,30.254990405002324,"Ledoit-Wolf (2004) linear shrinkage toward tr(S)/p * I, divisor T as in the paper's own derivation, intensity solved in closed form (not cross-validated)",0.13234031492574932
40,480,sample,regime_2,0.010147217327329214,0.00010296601948805024,8.682490884981975e-05,0.009317988455123764,1.101683807827488,4.9611265101269675,0.15596843640740832,0.33567446604596357,3.829609454472406,72.69031840044013,"unbiased sample covariance, divisor n - 1, per-asset means subtracted",0.21473588042674013
40,480,ewma,regime_2,0.011193955636019465,0.00012530464278117192,8.546277713266213e-05,0.009244608003190947,1.3406956652689253,15.788413292044279,0.2594191311392295,0.38156951228853514,3.26467207363429,97.73662114888867,"exponentially weighted second moment about zero (no mean subtracted), newest observation weight 1, normalised to sum to 1",0.18810594335220562
40,480,shrinkage,regime_2,0.009859292624508442,9.720565105568655e-05,7.712076115897106e-05,0.008781842697234508,1.0400508083135833,1.9828813239547216,0.08983360714578727,0.3046182235054853,4.661252113954224,33.03216760541596,"Ledoit-Wolf (2004) linear shrinkage toward tr(S)/p * I, divisor T as in the paper's own derivation, intensity solved in closed form (not cross-validated)",0.17365850084785878
40,485,sample,regime_2,0.010597358463688008,0.00011230400640789985,9.220635738086171e-05,0.009602414143373619,1.2015954975135898,9.617311475587176,0.2083717750482528,0.3590489655585,4.010747522686433,73.8504859623048,"unbiased sample covariance, divisor n - 1, per-asset means subtracted",0.2906413114672657
40,485,ewma,regime_2,0.011618873894562022,0.00013499823057773485,7.980401828579978e-05,0.008933309481138543,1.4444121026754126,20.183697009012526,0.2609189480519312,0.3696539543212997,3.9089307893683065,82.27179886553891,"exponentially weighted second moment about zero (no mean subtracted), newest observation weight 1, normalised to sum to 1",0.27347411188316073
40,485,shrinkage,regime_2,0.010352919558638306,0.00010718294338763558,8.934327145139203e-05,0.00945215697348452,1.1468027393168525,7.0888761411217915,0.17568020407289392,0.32764512154483394,4.953836004079685,33.41026718460177,"Ledoit-Wolf (2004) linear shrinkage toward tr(S)/p * I, divisor T as in the paper's own derivation, intensity solved in closed form (not cross-validated)",0.27775730814712885
40,490,sample,regime_2,0.011193885681140917,0.00012530307664245164,8.797817684939493e-05,0.009379668269688163,1.3406789083846877,15.787689690428142,0.22295480396679937,0.34856996856891603,3.7346246969067503,65.93737684258575,"unbiased sample covariance, divisor n - 1, per-asset means subtracted",0.12637987360388142
40,490,ewma,regime_2,0.011939909433299586,0.00014256143727539645,8.514633964136903e-05,0.00922747742567648,1.5253345506392595,23.50443516891445,0.23059652957834628,0.3344547906485339,4.019616024655294,111.05034420334097,"exponentially weighted second moment about zero (no mean subtracted), newest observation weight 1, normalised to sum to 1",0.13016103499674295
40,490,shrinkage,regime_2,0.010996456537154718,0.00012092205637353272,9.13608355535058e-05,0.0095582862247113,1.2938042295728869,13.745515497222428,0.19267280343040502,0.3290375549041239,4.616156157168791,34.33327154440822,"Ledoit-Wolf (2004) linear shrinkage toward tr(S)/p * I, divisor T as in the paper's own derivation, intensity solved in closed form (not cross-validated)",0.12023069611621688
40,495,sample,regime_2,0.011630340209330221,0.00013526481338476334,0.00011078585084299922,0.010525485777055575,1.4472644025254866,20.302302659819716,0.26311309201131783,0.3662510410024957,3.3468534394263765,79.83813203463815,"unbiased sample covariance, divisor n - 1, per-asset means subtracted",0.14481113014113842
40,495,ewma,regime_2,0.011800975922296229,0.00013926303271861532,0.00010328199051278444,0.010162774744762595,1.4900433068878012,22.067330063690726,0.22739556098536098,0.33230599465631383,3.8670520336782093,133.0292867772909,"exponentially weighted second moment about zero (no mean subtracted), newest observation weight 1, normalised to sum to 1",0.09537845053586724
40,495,shrinkage,regime_2,0.011274545754896026,0.00012711538197924402,0.00011134542678909488,0.010552034248859074,1.3600696496633211,16.62202406335267,0.22235764221427895,0.3448297643046263,4.23459964753058,36.71493167524922,"Ledoit-Wolf (2004) linear shrinkage toward tr(S)/p * I, divisor T as in the paper's own derivation, intensity solved in closed form (not cross-validated)",0.1069157835986954
40,500,sample,regime_2,0.010920323690886108,0.00011925346951372838,8.248381720199156e-05,0.009082060184891508,1.2759512025787385,12.958010011629483,0.1784861476374781,0.3100666174344389,4.105780282236652,70.47508498253197,"unbiased sample covariance, divisor n - 1, per-asset means subtracted",0.2941565737086552
40,500,ewma,regime_2,0.011058309847073351,0.00012228621667387943,8.367006381765322e-05,0.009147134186052657,1.3084000478986353,14.385315836371039,0.17158388125585416,0.27063251813384326,4.664331501951819,62.45045074644344,"exponentially weighted second moment about zero (no mean subtracted), newest observation weight 1, normalised to sum to 1",0.3334265350423514
40,500,shrinkage,regime_2,0.010876037250082779,0.00011828818626518817,8.599383139031407e-05,0.009273285900386879,1.2656231649390268,12.49991844170497,0.17753342997108842,0.2900460033018979,4.604298667687741,34.36012242156559,"Ledoit-Wolf (2004) linear shrinkage toward tr(S)/p * I, divisor T as in the paper's own derivation, intensity solved in closed form (not cross-validated)",0.2226419421254568
40,505,sample,regime_2,0.011297679736213696,0.00012763756742205357,9.098376566663495e-05,0.009538541065940584,1.365656767140396,16.86131811426721,0.2013937125216496,0.2652021149853545,4.351546821875527,87.1079539225249,"unbiased sample covariance, divisor n - 1, per-asset means subtracted",0.2469136736056648
40,505,ewma,regime_2,0.011336093502558509,0.00012850701589874926,9.565530246205744e-05,0.009780352880241972,1.374959421679033,17.258663717400125,0.22202913483806264,0.292406957788394,4.525785253907031,89.12981019785211,"exponentially weighted second moment about zero (no mean subtracted), newest observation weight 1, normalised to sum to 1",0.2825587684535693
40,505,shrinkage,regime_2,0.01130611286579626,0.0001278281881341237,8.932413360683007e-05,0.00945114456596819,1.3676963113800233,16.948549002543146,0.2002998260129647,0.26055550774509223,4.746458890400917,40.56762779169574,"Ledoit-Wolf (2004) linear shrinkage toward tr(S)/p * I, divisor T as in the paper's own derivation, intensity solved in closed form (not cross-validated)",0.18511435172181961
40,510,sample,regime_2,0.011382878422625253,0.00012956992118426757,8.856328256783081e-05,0.00941080669059942,1.3863319652437154,17.742599140825632,0.18465925204472666,0.3170238030301193,4.099552759444565,96.76942390830108,"unbiased sample covariance, divisor n - 1, per-asset means subtracted",0.16457516548889164
40,510,ewma,regime_2,0.01120199264873437,0.00012548463930229885,8.663738811895934e-05,0.009307920719417379,1.3426215360928802,15.871546813395042,0.20710567538270047,0.37267598658981094,3.82790106747972,105.48938833624433,"exponentially weighted second moment about zero (no mean subtracted), newest observation weight 1, normalised to sum to 1",0.3159097833737415
40,510,shrinkage,regime_2,0.011381659768547162,0.00012954217908696503,7.89826985821585e-05,0.008887221083227224,1.3860351389747643,17.729993585949224,0.1745093152777962,0.26637847512026436,4.58824314569748,42.68099694597156,"Ledoit-Wolf (2004) linear shrinkage toward tr(S)/p * I, divisor T as in the paper's own derivation, intensity solved in closed form (not cross-validated)",0.11533070527939915
40,515,sample,regime_2,0.01126229087683982,0.00012683919579454947,7.69808221208436e-05,0.008773871558259991,1.3571145985781528,16.49526164519106,0.1788485130474648,0.28045825995124146,4.342773922929458,83.74314295904114,"unbiased sample covariance, divisor n - 1, per-asset means subtracted",0.07427732937781396
40,515,ewma,regime_2,0.010462518812125546,0.00010946429989408096,7.355682575515799e-05,0.00857652760475695,1.171212088493689,8.222552570787611,0.15568050600187164,0.30979716077300334,4.407724861634676,76.66310467162944,"exponentially weighted second moment about zero (no mean subtracted), newest observation weight 1, normalised to sum to 1",0.29822114800417654
40,515,shrinkage,regime_2,0.011282707502313449,0.0001272994885827602,7.348983147666051e-05,0.00857262103890406,1.3620394962691855,16.706447819697836,0.1607527001839602,0.2508057404798918,4.848125585297404,42.26641121854714,"Ledoit-Wolf (2004) linear shrinkage toward tr(S)/p * I, divisor T as in the paper's own derivation, intensity solved in closed form (not cross-validated)",0.06299803448488035
40,520,sample,regime_2,0.010969799999721683,0.00012033651203389385,8.599880221682495e-05,0.009273553915130107,1.2875392042669407,13.469784712360333,0.1578405313784478,0.2794683980901973,4.6889705402512485,82.78054608733247,"unbiased sample covariance, divisor n - 1, per-asset means subtracted",0.12600708671181987
40,520,ewma,regime_2,0.010345713057395897,0.00010703377866597194,9.1824747758541e-05,0.009582523037203772,1.1452067529965793,7.0143332921613455,0.18060783158461008,0.34641397239167704,4.262040345697261,84.31044955401767,"exponentially weighted second moment about zero (no mean subtracted), newest observation weight 1, normalised to sum to 1",0.19498307674332704
40,520,shrinkage,regime_2,0.011015765686981795,0.0001213470936704855,7.748480595696556e-05,0.008802545424873737,1.2983519115178996,13.945246128037269,0.13190111265698093,0.23297204129117827,5.234124606798763,40.54932593733154,"Ledoit-Wolf (2004) linear shrinkage toward tr(S)/p * I, divisor T as in the paper's own derivation, intensity solved in closed form (not cross-validated)",0.10583441229347341
40,525,sample,regime_2,0.010922391733814549,0.0001192986411869004,0.00010888008340484464,0.010434561965163878,1.276434516405509,12.979401503349663,0.143647771435817,0.257761257741113,5.055975197525938,61.75744348616203,"unbiased sample covariance, divisor n - 1, per-asset means subtracted",0.12418348187341977
40,525,ewma,regime_2,0.010527803193231867,0.00011083464007542307,9.907158729961213e-05,0.00995347111813824,1.1858740283890659,8.897843339024213,0.17406401613183536,0.24658343044786876,5.094641012107966,44.067831647931804,"exponentially weighted second moment about zero (no mean subtracted), newest observation weight 1, normalised to sum to 1",0.23289575762093712
40,525,shrinkage,regime_2,0.010995177132370824,0.0001208939201722103,0.00010326930681313951,0.010162150698210469,1.293503186592253,13.732281547160262,0.1303273173574124,0.23132569108509238,5.4749309853218415,31.81809157552751,"Ledoit-Wolf (2004) linear shrinkage toward tr(S)/p * I, divisor T as in the paper's own derivation, intensity solved in closed form (not cross-validated)",0.09684931444153355
40,530,sample,regime_2,0.010334996460554371,0.0001068121518396714,8.020439034226453e-05,0.008955690388923934,1.1428354591743117,6.903482598758748,0.18035187166039474,0.3035857188117091,4.494950139308197,55.702400480841085,"unbiased sample covariance, divisor n - 1, per-asset means subtracted",0.3525534979176005
40,530,ewma,regime_2,0.010252881201379188,0.00010512157292959473,7.863569716602147e-05,0.008867677100911008,1.1247471284769959,6.054096030139067,0.18150587207776883,0.32015113053802136,4.742522411691295,47.84653579559603,"exponentially weighted second moment about zero (no mean subtracted), newest observation weight 1, normalised to sum to 1",0.35507057867638614
40,530,shrinkage,regime_2,0.010214413530501556,0.00010433424377209327,7.488936130187666e-05,0.008653863952124315,1.116323108702681,5.656192847493857,0.13499573351152885,0.2595546269603066,5.282356199330652,25.57494859434527,"Ledoit-Wolf (2004) linear shrinkage toward tr(S)/p * I, divisor T as in the paper's own derivation, intensity solved in closed form (not cross-validated)",0.21949119729643132
40,535,sample,regime_2,0.01060623072579859,0.0001124921302088741,0.00015090552371796866,0.012284360940560509,1.2036083260800505,9.709084677616865,0.24424522017206782,0.350168795543149,3.959851927069413,54.1061200700687,"unbiased sample covariance, divisor n - 1, per-asset means subtracted",0.2044574905742613
40,535,ewma,regime_2,0.010662402197224865,0.00011368682061538562,0.0001563928885286716,0.012505714235047578,1.2163909031162865,10.290113025433367,0.2519770992616419,0.3452809038996841,3.8602364865733954,60.325031301166376,"exponentially weighted second moment about zero (no mean subtracted), newest observation weight 1, normalised to sum to 1",0.2679755435495763
40,535,shrinkage,regime_2,0.010357640347149002,0.00010728071356088889,0.0001376161479104334,0.011730990917669036,1.1478488302242917,7.137707191459519,0.17457885669905848,0.28598022155476766,4.801173155993712,25.38259941335704,"Ledoit-Wolf (2004) linear shrinkage toward tr(S)/p * I, divisor T as in the paper's own derivation, intensity solved in closed form (not cross-validated)",0.1653483950346024
40,540,sample,regime_2,0.010491876939490009,0.00011007948171340224,0.0001377060444244371,0.011734821874423025,1.1777942196917854,8.52622815208246,0.24516620072090015,0.29046860323941265,4.344937397728764,72.33486795441007,"unbiased sample covariance, divisor n - 1, per-asset means subtracted",0.18853268263158865
40,540,ewma,regime_2,0.010618583532357114,0.0001127543162336457,0.00012314488428756594,0.011097066472161278,1.2064135826060935,9.836860051901208,0.2925280747348313,0.2982924822675013,4.0307865113944885,103.51341498935679,"exponentially weighted second moment about zero (no mean subtracted), newest observation weight 1, normalised to sum to 1",0.39563524866961725
40,540,shrinkage,regime_2,0.010288745737723155,0.00010585828885551639,0.00012713641916429022,0.011275478666748042,1.1326296125294235,6.425072822593059,0.17281577693108513,0.2525110317663675,5.174518359694826,29.855755278147626,"Ledoit-Wolf (2004) linear shrinkage toward tr(S)/p * I, divisor T as in the paper's own derivation, intensity solved in closed form (not cross-validated)",0.13206172796542381
60,0,sample,regime_1,0.0073765627528859685,5.4413678047264625e-05,3.7121648771866646e-05,0.0060927537921588995,1.0204404010054275,1.0168501293436272,0.05151850286710886,0.20307013704796603,6.214563735046767,14.493358424257776,"unbiased sample covariance, divisor n - 1, per-asset means subtracted",0.0
60,0,ewma,regime_1,0.007488814143136017,5.6082337270434037e-05,2.95724809251386e-05,0.005438058562128455,1.0517334021025662,2.554054142318818,0.09578974712246557,0.2115855973129158,6.623120051388229,20.65717423214708,"exponentially weighted second moment about zero (no mean subtracted), newest observation weight 1, normalised to sum to 1",0.0
60,0,shrinkage,regime_1,0.007386742382087091,5.4563963019321675e-05,3.453284288273819e-05,0.005876465169022802,1.0232587522482488,1.1562530073276678,0.055111184025171574,0.19083242580635823,6.764865263944097,8.729456857727213,"Ledoit-Wolf (2004) linear shrinkage toward tr(S)/p * I, divisor T as in the paper's own derivation, intensity solved in closed form (not cross-validated)",0.0
60,5,sample,regime_1,0.007439543394796882,5.534680592306591e-05,4.5063182475958286e-05,0.006712911624322064,1.0379397029813922,1.8793258213555264,0.07163644562280322,0.21179104383505634,6.348175891901038,13.830965501206952,"unbiased sample covariance, divisor n - 1, per-asset means subtracted",0.07938357554664378
60,5,ewma,regime_1,0.00746993222221319,5.579988740445888e-05,3.9770112057696144e-05,0.00630635489468331,1.0464365123343489,2.2954794863560446,0.08448216263892369,0.18723635670525307,6.809527739361493,26.485784907405275,"exponentially weighted second moment about zero (no mean subtracted), newest observation weight 1, normalised to sum to 1",0.08911681197485125
60,5,shrinkage,regime_1,0.007500521764152379,5.625782673452352e-05,4.0897139998853186e-05,0.006395087176798545,1.0550244227711587,2.7143817958886762,0.07956754199037656,0.17969200099435206,7.034387211453404,8.165659072756977,"Ledoit-Wolf (2004) linear shrinkage toward tr(S)/p * I, divisor T as in the paper's own derivation, intensity solved in closed form (not cross-validated)",0.07830029480162531
60,10,sample,regime_1,0.007570415864308758,5.731119635857772e-05,5.145231172299749e-05,0.007173026677978933,1.0747786639868167,3.671532446801251,0.11195407138667543,0.22450341165567653,5.960363512920046,17.473188094550654,"unbiased sample covariance, divisor n - 1, per-asset means subtracted",0.21824522659288526
60,10,ewma,regime_1,0.0077259586205468455,5.969043660640212e-05,4.895441517393644e-05,0.006996743183362989,1.1193974613132773,5.8015813356906865,0.15078316768237982,0.20745825941447962,6.266972949355806,32.89812108702375,"exponentially weighted second moment about zero (no mean subtracted), newest observation weight 1, normalised to sum to 1",0.2038941411774232
60,10,shrinkage,regime_1,0.007439354771977708,5.5343999423347495e-05,4.667787955266845e-05,0.006832121160567079,1.0378870716247028,1.8767427642198742,0.07483838050143303,0.20261074647222058,6.557171840743997,9.580119966178044,"Ledoit-Wolf (2004) linear shrinkage toward tr(S)/p * I, divisor T as in the paper's own derivation, intensity solved in closed form (not cross-validated)",0.16282833192320634
60,15,sample,regime_1,0.007648955057776761,5.8506513475888685e-05,4.654569326647495e-05,0.006822440418682669,1.0971949005341413,4.747071583607587,0.13859749752109488,0.22769348424560598,5.944730184930368,19.132719309020718,"unbiased sample covariance, divisor n - 1, per-asset means subtracted",0.12137815559683615
60,15,ewma,regime_1,0.007758843721068308,6.0199655887961114e-05,4.662145988981172e-05,0.0068279909116673344,1.1289470441851133,6.251919709015752,0.1336682641009665,0.20450018728141559,6.38110277542038,34.1056589582308,"exponentially weighted second moment about zero (no mean subtracted), newest observation weight 1, normalised to sum to 1",0.23387434851581318
60,15,shrinkage,regime_1,0.007534660214286184,5.6771104544747116e-05,4.1306579308598075e-05,0.006427019473177133,1.064650116774729,3.1818839125710596,0.09925071979194477,0.19396122235104651,6.748227018772727,11.195539078418465,"Ledoit-Wolf (2004) linear shrinkage toward tr(S)/p * I, divisor T as in the paper's own derivation, intensity solved in closed form (not cross-validated)",0.10413760889225541
60,20,sample,regime_1,0.007455002621907156,5.557706409264257e-05,3.4974524622536854e-05,0.0059139263288053275,1.042257822015608,2.091029087555385,0.08083571775571788,0.19854540393992862,6.604880516849431,22.758271211006058,"unbiased sample covariance, divisor n - 1, per-asset means subtracted",0.20425690900449262
60,20,ewma,regime_1,0.007641433997478855,5.839151353782568e-05,5.5047045411032516e-05,0.00741936961008363,1.095038262954695,4.644075941005621,0.1050873962037525,0.21116396578180835,6.109302258623061,32.8838750170882,"exponentially weighted second moment about zero (no mean subtracted), newest observation weight 1, normalised to sum to 1",0.27893290408720234
60,20,shrinkage,regime_1,0.007487494698116084,5.6062576854316464e-05,3.458333400882028e-05,0.00588075964555773,1.0513628275031146,2.5359852687394158,0.0808094747758656,0.1877286172173077,7.029077921801944,12.693064851620049,"Ledoit-Wolf (2004) linear shrinkage toward tr(S)/p * I, divisor T as in the paper's own derivation, intensity solved in closed form (not cross-validated)",0.12101383633127531
60,25,sample,regime_1,0.007586811984298196,5.755971608509073e-05,3.1702517124506643e-05,0.005630498834429028,1.0794392489441578,3.8960658034825624,0.10418031873079918,0.19522365193370625,6.913989962273576,27.31998697749224,"unbiased sample covariance, divisor n - 1, per-asset means subtracted",0.2057100791203627
60,25,ewma,regime_1,0.007839240199555812,6.145368690633185e-05,4.608932609885371e-05,0.006788911996693852,1.1524643648512136,7.352893060746779,0.1451796033447191,0.2174027583021805,6.1876520843768965,39.3403120256952,"exponentially weighted second moment about zero (no mean subtracted), newest observation weight 1, normalised to sum to 1",0.3809443327027268
60,25,shrinkage,regime_1,0.007626272566325041,5.816003325588192e-05,3.131287091227774e-05,0.005595790463578648,1.090697225182421,4.4364507814403265,0.09989154479754835,0.1739123614538985,7.249063158263524,14.862307399497952,"Ledoit-Wolf (2004) linear shrinkage toward tr(S)/p * I, divisor T as in the paper's own derivation, intensity solved in closed form (not cross-validated)",0.15421493613229093
60,30,sample,regime_1,0.00752150408307643,5.657302367173542e-05,3.7090351579313845e-05,0.006090184855922999,1.0609354308218333,3.001719928447466,0.08004979763318365,0.18041419712154178,6.716569001308166,27.602028169005468,"unbiased sample covariance, divisor n - 1, per-asset means subtracted",0.1872169066070153
60,30,ewma,regime_1,0.007787608105495502,6.0646840004779244e-05,3.6144544389103036e-05,0.006012033299068048,1.1373332580170983,6.645827767292323,0.17247685254816783,0.27754549072653817,5.718717247761931,29.58457244310595,"exponentially weighted second moment about zero (no mean subtracted), newest observation weight 1, normalised to sum to 1",0.20304899973364915
60,30,shrinkage,regime_1,0.007533275355311513,5.67502375789438e-05,3.6952077332091856e-05,0.0060788220349087254,1.0642587906281376,3.1629192407881312,0.07992980265024788,0.17189033269268267,6.913309034840612,16.059648575229595,"Ledoit-Wolf (2004) linear shrinkage toward tr(S)/p * I, divisor T as in the paper's own derivation, intensity solved in closed form (not cross-validated)",0.14116943233774554
60,35,sample,regime_1,0.007585470634406867,5.753936474544892e-05,3.879492588717968e-05,0.006228557287781792,1.0790575925310948,3.877696958061927,0.10882084072976005,0.1833124603155486,6.8380228013718485,28.53521624052197,"unbiased sample covariance, divisor n - 1, per-asset means subtracted",0.15790094192274165
60,35,ewma,regime_1,0.007721631283463147,5.9623589677756726e-05,4.445378735928369e-05,0.006667367348457987,1.1181438554347398,5.742321491195734,0.13916377539183492,0.19987885405144995,6.824494366300276,26.31776117383236,"exponentially weighted second moment about zero (no mean subtracted), newest observation weight 1, normalised to sum to 1",0.37122926735782086
60,35,shrinkage,regime_1,0.0076045782834524255,5.7829610869156235e-05,4.0902081660210714e-05,0.006395473529005551,1.084500688485919,4.1393628022525775,0.10432916823154087,0.1656084445312325,7.1280935418195535,17.124870675312277,"Ledoit-Wolf (2004) linear shrinkage toward tr(S)/p * I, divisor T as in the paper's own derivation, intensity solved in closed form (not cross-validated)",0.11922661657499146
60,40,sample,regime_1,0.007541601620381428,5.6875755000539776e-05,3.3924479246729984e-05,0.00582447244364071,1.0666126665766686,3.2769415976610317,0.09806497997842105,0.17232878741717525,6.736526036151544,27.399942815677765,"unbiased sample covariance, divisor n - 1, per-asset means subtracted",0.1472534867666105
60,40,ewma,regime_1,0.007971633782184816,6.35469451572702e-05,4.862182003647772e-05,0.006972934822331105,1.191720033015017,9.165930262835055,0.16579986113284598,0.23707725973903906,6.153786743234937,24.689334736570338,"exponentially weighted second moment about zero (no mean subtracted), newest observation weight 1, normalised to sum to 1",0.46063687642097995
60,40,shrinkage,regime_1,0.007541641391687639,5.687635488081627e-05,3.500628991216446e-05,0.005916611353821075,1.066623916359662,3.2774862377886294,0.09434153419027176,0.16604952916758117,6.892962555640395,16.900722651201306,"Ledoit-Wolf (2004) linear shrinkage toward tr(S)/p * I, divisor T as in the paper's own derivation, intensity solved in closed form (not cross-validated)",0.1327971298346618
60,45,sample,regime_1,0.007522810312275632,5.659267499448059e-05,3.273612796075038e-05,0.005721549437062515,1.061303959551778,3.0196078206366384,0.09119458873125609,0.17111598664203065,6.803166012174707,30.24690890272359,"unbiased sample covariance, divisor n - 1, per-asset means subtracted",0.03565163626720946
60,45,ewma,regime_1,0.007849703709751974,6.16178483308939e-05,4.447628566305104e-05,0.006669054330491771,1.1555429464858573,7.496183489734065,0.14860766465598746,0.23581811557349622,6.271529292176679,30.03113780257259,"exponentially weighted second moment about zero (no mean subtracted), newest observation weight 1, normalised to sum to 1",0.10165614838940397
60,45,shrinkage,regime_1,0.007525119142698125,5.662741811180177e-05,3.364956460037242e-05,0.0058008244759148175,1.0619555104456655,3.051225632966892,0.08943686151455764,0.16697144161071437,6.902454804874257,18.514169279424483,"Ledoit-Wolf (2004) linear shrinkage toward tr(S)/p * I, divisor T as in the paper's own derivation, intensity solved in closed form (not cross-validated)",0.030187467908570093
60,50,sample,regime_1,0.007531801440282129,5.672803293583595e-05,6.366975234233785e-05,0.007979332825640114,1.0638423785102604,3.142735008834241,0.12818468403838817,0.24606687760524662,6.145483314068207,29.32649907925161,"unbiased sample covariance, divisor n - 1, per-asset means subtracted",0.26335857254441225
60,50,ewma,regime_1,0.00756185707965036,5.718168249305828e-05,5.397812377899308e-05,0.007346980589262033,1.0723498412053163,3.554325897343169,0.1475460613475336,0.2625681418443531,5.485931779347245,21.43216773444358,"exponentially weighted second moment about zero (no mean subtracted), newest observation weight 1, normalised to sum to 1",0.48194469707365983
60,50,shrinkage,regime_1,0.0074658534596429415,5.573896788086248e-05,6.244044567416449e-05,0.00790192670645359,1.0452940653372214,2.2396236953766024,0.09416751920745127,0.21119839476273491,6.5749147049194425,19.067212183903415,"Ledoit-Wolf (2004) linear shrinkage toward tr(S)/p * I, divisor T as in the paper's own derivation, intensity solved in closed form (not cross-validated)",0.1999595791637001
60,55,sample,regime_1,0.007440829994174548,5.5365951002207596e-05,5.517982061879848e-05,0.007428312097562843,1.0382987379324875,1.8969448969147207,0.10121256991413485,0.22812928590149786,6.262773142998699,28.824310948112082,"unbiased sample covariance, divisor n - 1, per-asset means subtracted",0.08914104812964468
60,55,ewma,regime_1,0.0075323502276340975,5.673629995173944e-05,4.829213998303885e-05,0.006949254635069782,1.06399741300391,3.150250266487964,0.08633397824387856,0.2119777095882189,5.837262992828129,19.899910936938728,"exponentially weighted second moment about zero (no mean subtracted), newest observation weight 1, normalised to sum to 1",0.29630752612683475
60,55,shrinkage,regime_1,0.007394807161974186,5.468317296278471e-05,5.5048817894549145e-05,0.007419489058860397,1.0254943416602638,1.2666945081285519,0.07221055555233384,0.19970788205082562,6.5367874545799065,17.30509309353202,"Ledoit-Wolf (2004) linear shrinkage toward tr(S)/p * I, divisor T as in the paper's own derivation, intensity solved in closed form (not cross-validated)",0.08658380205971228
60,60,sample,regime_1,0.007465427335887933,5.57326053074228e-05,6.129817064461128e-05,0.007829314825999226,1.045174745577462,2.233788229599609,0.1139212446546452,0.23970624540458169,6.1608336398529415,32.46298492470209,"unbiased sample covariance, divisor n - 1, per-asset means subtracted",0.052990775520894165
60,60,ewma,regime_1,0.0074442160879809914,5.5416353164555013e-05,6.853354042765832e-05,0.008278498681986868,1.0392439488537686,1.9433150752793837,0.0657169881351618,0.20817415477476792,5.983086227462853,27.51288256754149,"exponentially weighted second moment about zero (no mean subtracted), newest observation weight 1, normalised to sum to 1",0.09115036893443328
60,60,shrinkage,regime_1,0.0073991131525008216,5.4746875443510647e-05,5.985105968675388e-05,0.007736346662783014,1.0266889785109568,1.3256620265052366,0.07672126626097392,0.2055073101131773,6.514345605618574,18.149584509781572,"Ledoit-Wolf (2004) linear shrinkage toward tr(S)/p * I, divisor T as in the paper's own derivation, intensity solved in closed form (not cross-validated)",0.03907544112088815
60,65,sample,regime_1,0.0074607082360212814,5.566216738303578e-05,0.00010542815406307041,0.010267821290958974,1.0438537963899241,2.169163468725932,0.10662075117885801,0.23067351986015028,6.1773545595898005,40.702266237703746,"unbiased sample covariance, divisor n - 1, per-asset means subtracted",0.036027917193314156
60,65,ewma,regime_1,0.007389565331991603,5.4605675795772176e-05,0.00010079626879932507,0.010039734498447908,1.0240410078107423,1.1949113251620957,0.05787248017027632,0.21458479281119622,6.150546376179967,54.14762764995241,"exponentially weighted second moment about zero (no mean subtracted), newest observation weight 1, normalised to sum to 1",0.08103578267975428
60,65,shrinkage,regime_1,0.007400177553271093,5.4762627819937336e-05,0.0001036771764699087,0.010182198999720478,1.026984388817602,1.340238248072123,0.07258687033270746,0.19919610079915445,6.504619163839956,22.039768622147683,"Ledoit-Wolf (2004) linear shrinkage toward tr(S)/p * I, divisor T as in the paper's own derivation, intensity solved in closed form (not cross-validated)",0.027830813295190868
60,70,sample,regime_1,0.007503661973083785,5.630494300630364e-05,8.28475519349649e-05,0.009102063059272051,1.055908012136822,2.7573847534483553,0.10479958650265889,0.22648920724142305,5.942722821443071,40.54218320448853,"unbiased sample covariance, divisor n - 1, per-asset means subtracted",0.26164299317340256
60,70,ewma,regime_1,0.008277337379674576,6.851431409695797e-05,9.483723303264258e-05,0.009738440996003548,1.2848749921110363,13.352326491829714,0.2365741460937087,0.3553854971092139,4.5079889195588985,53.66196739721251,"exponentially weighted second moment about zero (no mean subtracted), newest observation weight 1, normalised to sum to 1",0.530856572213933
60,70,shrinkage,regime_1,0.0074450614292425775,5.542893968519553e-05,8.18269023704894e-05,0.009045822371155064,1.0394799886627026,1.954891430607808,0.07263854633979734,0.21284546653032754,6.394703279163632,21.03225763609368,"Ledoit-Wolf (2004) linear shrinkage toward tr(S)/p * I, divisor T as in the paper's own derivation, intensity solved in closed form (not cross-validated)",0.21767701328960784
60,75,sample,regime_1,0.00769311495059395,5.918401764305215e-05,0.00010254055660557431,0.01012623111555204,1.1099003938739338,5.351810324926731,0.13681939809835322,0.22380903602336769,5.467345630678915,32.16310958826672,"unbiased sample covariance, divisor n - 1, per-asset means subtracted",0.16902871267778224
60,75,ewma,regime_1,0.007929072882814837,6.28701967809896e-05,9.655610519658372e-05,0.00982629661655823,1.1790287133091208,8.583088614623623,0.18503894316995495,0.31099709723451835,4.906328979322236,47.50916369097402,"exponentially weighted second moment about zero (no mean subtracted), newest observation weight 1, normalised to sum to 1",0.33643534352557974
60,75,shrinkage,regime_1,0.007498786500574831,5.6231798981203326e-05,9.375835053570767e-05,0.009682889575726229,1.0545363144133253,2.690618578978543,0.0919323939455112,0.19540903458570258,5.966228213402611,17.774376769083965,"Ledoit-Wolf (2004) linear shrinkage toward tr(S)/p * I, divisor T as in the paper's own derivation, intensity solved in closed form (not cross-validated)",0.1269538049637377
60,80,sample,regime_1,0.00750793346396204,5.636906489928104e-05,6.515557088732303e-05,0.008071900079121584,1.057110514384993,2.8158798233518523,0.12143188159421535,0.23519397762842262,6.089405518661832,31.09909140388017,"unbiased sample covariance, divisor n - 1, per-asset means subtracted",0.2019218583141476
60,80,ewma,regime_1,0.008517080870173305,7.254066654907205e-05,7.29565195377474e-05,0.008541458864722549,1.3603827110940396,16.635445345488332,0.2669730867069994,0.38894196451347385,4.588111681859668,33.40387713979749,"exponentially weighted second moment about zero (no mean subtracted), newest observation weight 1, normalised to sum to 1",0.5521867431018808
60,80,shrinkage,regime_1,0.007434752381458059,5.5275542973596276e-05,6.497056254892136e-05,0.008060431908336014,1.0366032817846766,1.8137162559483722,0.08325066206181485,0.20162024990722177,6.465488961277561,16.604184856445734,"Ledoit-Wolf (2004) linear shrinkage toward tr(S)/p * I, divisor T as in the paper's own derivation, intensity solved in closed form (not cross-validated)",0.14896305389061948
60,85,sample,regime_1,0.0074934544005035965,5.6151858852426716e-05,5.04832748440875e-05,0.0071051583264616636,1.0530371667726464,2.6175992104983115,0.10949406638139486,0.22006739649622334,6.156709395535319,28.923546470590153,"unbiased sample covariance, divisor n - 1, per-asset means subtracted",0.081780418793837
60,85,ewma,regime_1,0.008648831050495557,7.480227854001606e-05,5.554448923798376e-05,0.007452817536877161,1.4027955809785744,18.439671604516626,0.30172646975271605,0.41456682245990106,4.161717072986675,31.824014063504286,"exponentially weighted second moment about zero (no mean subtracted), newest observation weight 1, normalised to sum to 1",0.1727867393633266
60,85,shrinkage,regime_1,0.007431538667557008,5.522776696739498e-05,4.9541252285737744e-05,0.007038554701480819,1.035707320168479,1.7697066994141863,0.08112738055701106,0.2079997826945431,6.441570363437629,16.02364075088931,"Ledoit-Wolf (2004) linear shrinkage toward tr(S)/p * I, divisor T as in the paper's own derivation, intensity solved in closed form (not cross-validated)",0.049319752060558
60,90,sample,regime_1,0.007580052042064741,5.745718896040985e-05,5.34793443250329e-05,0.007312957289977352,1.0775165187781799,3.803493138630931,0.12594880301853498,0.2761430841799262,5.936607530587911,29.896458185169838,"unbiased sample covariance, divisor n - 1, per-asset means subtracted",0.18582899277021836
60,90,ewma,regime_1,0.0087606940890072,7.67497609211657e-05,7.732670996377216e-05,0.008793560710188573,1.4393174588094597,19.971557412974338,0.32589684423572507,0.4432619669564356,3.824718522674127,31.635835619063833,"exponentially weighted second moment about zero (no mean subtracted), newest observation weight 1, normalised to sum to 1",0.15196604204953987
60,90,shrinkage,regime_1,0.007467319953374612,5.576086728606662e-05,4.960402172851405e-05,0.007043012262414006,1.0457047532125912,2.2597062978664706,0.09155021180958371,0.24370540222386589,6.298636836385376,16.114842651920235,"Ledoit-Wolf (2004) linear shrinkage toward tr(S)/p * I, divisor T as in the paper's own derivation, intensity solved in closed form (not cross-validated)",0.11331577270234645
60,95,sample,regime_1,0.007600308500692978,5.776468930570594e-05,5.154569011796152e-05,0.007179532722814314,1.08328318971321,4.080891123837427,0.13923525785673685,0.2903966807316844,5.805097962246399,31.99020407999792,"unbiased sample covariance, divisor n - 1, per-asset means subtracted",0.06251289756675103
60,95,ewma,regime_1,0.008451292593958533,7.142434650869833e-05,7.346067753081687e-05,0.008570920459951595,1.339447936777555,15.73452107204465,0.28423655028253947,0.3917621156898912,4.37243986720748,47.62903551501443,"exponentially weighted second moment about zero (no mean subtracted), newest observation weight 1, normalised to sum to 1",0.16520752379148507
60,95,shrinkage,regime_1,0.007475036901260019,5.5876176675198985e-05,4.7853463249854496e-05,0.006917619767655237,1.0478671940456425,2.365384483508026,0.09983796647911505,0.2540667384198889,6.235825130802434,17.843511254372693,"Ledoit-Wolf (2004) linear shrinkage toward tr(S)/p * I, divisor T as in the paper's own derivation, intensity solved in closed form (not cross-validated)",0.04508286216343246
60,100,sample,regime_1,0.007773401303004638,6.04257678175542e-05,4.811251104505479e-05,0.006936318262958728,1.1331874072038686,6.4512755773207475,0.17462009832726585,0.31627820900172454,5.3571703442081136,42.147893319399785,"unbiased sample covariance, divisor n - 1, per-asset means subtracted",0.14775957819547147
60,100,ewma,regime_1,0.007828564945754051,6.128642910988914e-05,4.994005450825728e-05,0.007066827754251357,1.1493277157769675,7.206702951679622,0.18663058492623305,0.2872474152450192,5.464114368852974,77.02915241133763,"exponentially weighted second moment about zero (no mean subtracted), newest observation weight 1, normalised to sum to 1",0.36567011402591654
60,100,shrinkage,regime_1,0.0075139676121289654,5.6459709276123066e-05,4.2900212777796304e-05,0.0065498254005581175,1.058810402861071,2.89851324781476,0.11144803783240363,0.2639661745600812,6.078094682583433,22.434921313300595,"Ledoit-Wolf (2004) linear shrinkage toward tr(S)/p * I, divisor T as in the paper's own derivation, intensity solved in closed form (not cross-validated)",0.08526076934223827
60,105,sample,regime_1,0.007857409097425336,6.173887772430243e-05,4.83356101764096e-05,0.006952381619014422,1.1578126567347395,7.60170336638446,0.17405311666007997,0.29573121931841223,5.3443323677437835,40.92004517710535,"unbiased sample covariance, divisor n - 1, per-asset means subtracted",0.1250391185569204
60,105,ewma,regime_1,0.008369884558183641,7.005496751732096e-05,6.509267073676975e-05,0.008068002896427947,1.3137674517003328,14.619695153159995,0.2100195438718961,0.23973664849159512,5.1361299322132306,78.0344979101667,"exponentially weighted second moment about zero (no mean subtracted), newest observation weight 1, normalised to sum to 1",0.4928723507537608
60,105,shrinkage,regime_1,0.007594486953250819,5.7676232083096896e-05,4.178626848034142e-05,0.006464229921679877,1.081624317772361,4.00116911709989,0.11748588991439768,0.25174121919974385,6.009216696780794,21.967818947720595,"Ledoit-Wolf (2004) linear shrinkage toward tr(S)/p * I, divisor T as in the paper's own derivation, intensity solved in closed form (not cross-validated)",0.10077482511967817
60,110,sample,regime_1,0.0076605938807701906,5.8684698606093685e-05,3.232969809495289e-05,0.005685921041920376,1.1005364740547119,4.9064570965349,0.14566473595069135,0.280489564742093,5.859753328456429,45.48813945762281,"unbiased sample covariance, divisor n - 1, per-asset means subtracted",0.2116942759190979
60,110,ewma,regime_1,0.007825531728472503,6.123894683332984e-05,3.673041106315267e-05,0.006060561942852549,1.148437262584468,7.165165169679466,0.1876408028902402,0.2964703511203131,5.651082676280709,54.298168367856555,"exponentially weighted second moment about zero (no mean subtracted), newest observation weight 1, normalised to sum to 1",0.4431172884079941
60,110,shrinkage,regime_1,0.007527134842901783,5.665775894322605e-05,3.0762682830992495e-05,0.005546411707671231,1.0625245035976913,3.0788292326649813,0.10465619106113357,0.2455131548997719,6.322258538240417,23.860506567199593,"Ledoit-Wolf (2004) linear shrinkage toward tr(S)/p * I, divisor T as in the paper's own derivation, intensity solved in closed form (not cross-validated)",0.14536475564655182
60,115,sample,regime_1,0.0076621022262466755,5.870781052545427e-05,3.3332250245442415e-05,0.005773408892971501,1.1009699006692448,4.92711282929903,0.13910810192668857,0.27172583497834013,5.887486375353769,39.66427390022561,"unbiased sample covariance, divisor n - 1, per-asset means subtracted",0.08969483398577478
60,115,ewma,regime_1,0.007736132290891991,5.984774282218176e-05,4.266243768168509e-05,0.006531648925170817,1.1223474846102026,5.940902611323939,0.1766375758697206,0.2764503130270492,5.417927121325305,37.00430792632986,"exponentially weighted second moment about zero (no mean subtracted), newest observation weight 1, normalised to sum to 1",0.18652926751727628
60,115,shrinkage,regime_1,0.007546154965475047,5.694445476296371e-05,3.279045139415652e-05,0.0057262947351805525,1.067901019351792,3.3392964632424693,0.10394009627511565,0.24026785095854597,6.3153985510815005,22.809112694519513,"Ledoit-Wolf (2004) linear shrinkage toward tr(S)/p * I, divisor T as in the paper's own derivation, intensity solved in closed form (not cross-validated)",0.06310374628646341
60,120,sample,regime_1,0.007635650191523722,5.830315384731625e-05,3.891230901382804e-05,0.006237973149495599,1.0933812200704072,4.564870777446428,0.13545484191137497,0.26926085227458624,5.899345250504641,35.91823095959503,"unbiased sample covariance, divisor n - 1, per-asset means subtracted",0.029574848117354682
60,120,ewma,regime_1,0.00752435991818274,5.661599217835498e-05,4.537300040201798e-05,0.006735948366935273,1.061741235569812,3.0408285860421325,0.11349743517378096,0.23230646414806136,5.953820975172634,21.840161389899635,"exponentially weighted second moment about zero (no mean subtracted), newest observation weight 1, normalised to sum to 1",0.13705914603067507
60,120,shrinkage,regime_1,0.007523777936376167,5.660723443590082e-05,3.730069879850949e-05,0.006107429802994831,1.0615769982945067,3.0328587536280427,0.10044490256956094,0.23764878606339035,6.325012189324584,20.558325265627857,"Ledoit-Wolf (2004) linear shrinkage toward tr(S)/p * I, divisor T as in the paper's own derivation, intensity solved in closed form (not cross-validated)",0.028540213765747002
60,125,sample,regime_1,0.007707741705508649,5.940928219883737e-05,2.7556027717152902e-05,0.0052493835559190094,1.1141248657693663,5.55211346862583,0.1348807695212972,0.2670139032137641,5.998004445784203,33.371401876702556,"unbiased sample covariance, divisor n - 1, per-asset means subtracted",0.0970344166007468
60,125,ewma,regime_1,0.007530281106497742,5.670513354287685e-05,2.6253581309508936e-05,0.005123824871081069,1.0634129374841699,3.121915104606643,0.08536356238186592,0.19331289927791687,6.590122799899682,30.172990269581504,"exponentially weighted second moment about zero (no mean subtracted), newest observation weight 1, normalised to sum to 1",0.2975397355272673
60,125,shrinkage,regime_1,0.007599104603415233,5.7746390773646595e-05,2.634542997108659e-05,0.005132779945710374,1.0829400303815393,4.0644045954974395,0.10634113911409018,0.2348226067331256,6.365074801507898,18.66733758497618,"Ledoit-Wolf (2004) linear shrinkage toward tr(S)/p * I, divisor T as in the paper's own derivation, intensity solved in closed form (not cross-validated)",0.06944803360474525
60,130,sample,regime_1,0.007548882600458958,5.6985628515512006e-05,3.8392253533441706e-05,0.006196148282073445,1.068673166394026,3.376649510129992,0.08864249382693627,0.21647713675606386,6.404621722282581,32.292836709752336,"unbiased sample covariance, divisor n - 1, per-asset means subtracted",0.20462503949761943
60,130,ewma,regime_1,0.007714841228727645,5.951877518447589e-05,3.986215068121215e-05,0.006313647969376512,1.116178229375392,5.649336456761134,0.12304350274581205,0.21582054752894092,6.012310749369914,31.882243740235985,"exponentially weighted second moment about zero (no mean subtracted), newest observation weight 1, normalised to sum to 1",0.1749732020212269
60,130,shrinkage,regime_1,0.007515952347130082,5.648953968433019e-05,3.907409720564385e-05,0.006250927707600196,1.0593698238523628,2.925692800795021,0.0786853798031067,0.1983691919993289,6.605598478949104,17.46865807545776,"Ledoit-Wolf (2004) linear shrinkage toward tr(S)/p * I, divisor T as in the paper's own derivation, intensity solved in closed form (not cross-validated)",0.16123671220369507
60,135,sample,regime_1,0.007594548777636483,5.76771711358998e-05,3.853760066280611e-05,0.006207866031319145,1.0816419281867484,4.002015758674049,0.1013935000334765,0.2306189653165671,6.438861979411548,28.699175718469245,"unbiased sample covariance, divisor n - 1, per-asset means subtracted",0.11473778854996095
60,135,ewma,regime_1,0.00787679937755144,6.204396843419475e-05,5.3980765733963916e-05,0.007347160385752029,1.1635341388605227,7.867239644876545,0.1195656040740244,0.2326794603895624,5.967711060058628,22.00255036023636,"exponentially weighted second moment about zero (no mean subtracted), newest observation weight 1, normalised to sum to 1",0.31485686904804566
60,135,shrinkage,regime_1,0.007563226076041198,5.7202388677309534e-05,4.000783103924195e-05,0.0063251743880498625,1.0727381521543076,3.57307334217265,0.09007548863217223,0.20775330918547136,6.643880794644037,15.750384435539676,"Ledoit-Wolf (2004) linear shrinkage toward tr(S)/p * I, divisor T as in the paper's own derivation, intensity solved in closed form (not cross-validated)",0.08410410605480961
60,140,sample,regime_1,0.007525135981789377,5.662767154442117e-05,4.778110422955759e-05,0.00691238773721191,1.0619602631639717,3.051456232504135,0.09118453456880127,0.19441900499514458,6.621738929560678,34.118628681731536,"unbiased sample covariance, divisor n - 1, per-asset means subtracted",0.11293254484007383
60,140,ewma,regime_1,0.008123621234046675,6.599322195425404e-05,6.988943688692466e-05,0.0083599902444276,1.2375959922456383,11.247291753356325,0.17611417356376438,0.26021638894910337,6.0913360169220185,35.99353568758306,"exponentially weighted second moment about zero (no mean subtracted), newest observation weight 1, normalised to sum to 1",0.26813261665010646
60,140,shrinkage,regime_1,0.007520914790668252,5.656415928849248e-05,4.875505549248569e-05,0.006982482043835537,1.0607691936712544,2.9936499824748664,0.08530229803095203,0.18454114869263522,6.7386620009566895,19.62399423366046,"Ledoit-Wolf (2004) linear shrinkage toward tr(S)/p * I, divisor T as in the paper's own derivation, intensity solved in closed form (not cross-validated)",0.08073580856471693
60,145,sample,regime_1,0.00758084427375755,5.7469199902962634e-05,7.695919615079189e-05,0.00877263906420365,1.0777417645523097,3.8143421956865264,0.08940509494186641,0.18001146585775873,6.720484353119098,26.38723805503817,"unbiased sample covariance, divisor n - 1, per-asset means subtracted",0.10076353483029162
60,145,ewma,regime_1,0.007784981495486193,6.060593688506244e-05,8.188212039625057e-05,0.009048873984991202,1.1365661862552898,6.6098581865340345,0.12550812249714782,0.23049540918819902,6.464151628037453,23.78362520793978,"exponentially weighted second moment about zero (no mean subtracted), newest observation weight 1, normalised to sum to 1",0.24920792102209957
60,145,shrinkage,regime_1,0.007570094776318045,5.7306334922437755e-05,7.716788085006879e-05,0.008784525078230968,1.074687495625806,3.6671353721036137,0.0889520981560281,0.17484548417270943,6.769400820903295,16.577234817755954,"Ledoit-Wolf (2004) linear shrinkage toward tr(S)/p * I, divisor T as in the paper's own derivation, intensity solved in closed form (not cross-validated)",0.06649216088605378
60,150,sample,regime_1,0.0076040898955374685,5.7822183139415033e-05,6.443829690866085e-05,0.0080273468162688,1.0843613934448983,4.132674672501246,0.09879812146862323,0.2083787851020956,6.439928015468383,26.368199989637073,"unbiased sample covariance, divisor n - 1, per-asset means subtracted",0.1524447695260774
60,150,ewma,regime_1,0.007912250719986025,6.260371145591938e-05,6.79014346830863e-05,0.008240232683795179,1.1740312126487074,8.352720900248144,0.1965449436406876,0.3083442095113422,5.272821841859998,34.18834457009904,"exponentially weighted second moment about zero (no mean subtracted), newest observation weight 1, normalised to sum to 1",0.31927792291115514
60,150,shrinkage,regime_1,0.007578915800423759,5.743996470991291e-05,6.376469068686676e-05,0.007985279624838868,1.0771935058572586,3.7879331067566024,0.09056326475519547,0.19623843743001346,6.599315204099075,16.948036481375464,"Ledoit-Wolf (2004) linear shrinkage toward tr(S)/p * I, divisor T as in the paper's own derivation, intensity solved in closed form (not cross-validated)",0.11546521651629521
60,155,sample,regime_1,0.007610514341464984,5.791992854164421e-05,5.665432167264016e-05,0.007526906514142458,1.0861944501509813,4.2206529508897805,0.10673572266872555,0.23437025403143946,6.22692067529497,21.162666316808686,"unbiased sample covariance, divisor n - 1, per-asset means subtracted",0.05791751120775428
60,155,ewma,regime_1,0.008015472978399918,6.424780706745925e-05,6.0767178720493634e-05,0.007795330571598208,1.204863562994033,9.766277289249125,0.22806154373834625,0.3649706033461781,4.810203971454975,30.15618187222736,"exponentially weighted second moment about zero (no mean subtracted), newest observation weight 1, normalised to sum to 1",0.19329051492614815
60,155,shrinkage,regime_1,0.0075644205231226985,5.722045785063988e-05,5.573995390574973e-05,0.007465919494995223,1.0730770102344953,3.5894304567070767,0.09060477316507369,0.21181717985955842,6.499661703371602,13.270083559468954,"Ledoit-Wolf (2004) linear shrinkage toward tr(S)/p * I, divisor T as in the paper's own derivation, intensity solved in closed form (not cross-validated)",0.034720702453014535
60,160,sample,regime_1,0.007544480344764806,5.6919183672542495e-05,5.4937382531490383e-05,0.007411975615953576,1.0674271009811045,3.316363707841763,0.09779684557837004,0.24910941905672163,6.100614295456257,17.16667612779711,"unbiased sample covariance, divisor n - 1, per-asset means subtracted",0.11939185117332429
60,160,ewma,regime_1,0.00814441291340979,6.633146170411617e-05,6.850065694374559e-05,0.008276512365951349,1.2439391309264214,11.532019210916333,0.24047669150178988,0.35265324718336594,4.7824452617272755,26.724614335952097,"exponentially weighted second moment about zero (no mean subtracted), newest observation weight 1, normalised to sum to 1",0.38281423251881985
60,160,shrinkage,regime_1,0.0075055981479865905,5.633400355905973e-05,5.4286631448798755e-05,0.007367946216470283,1.0564529957360214,2.7838993099610576,0.08034642549501837,0.21760182675239592,6.4515963855376555,10.515982175464211,"Ledoit-Wolf (2004) linear shrinkage toward tr(S)/p * I, divisor T as in the paper's own derivation, intensity solved in closed form (not cross-validated)",0.0731707549168602
60,165,sample,regime_1,0.007532972436074108,5.674567372265228e-05,5.2967698206495e-05,0.007277891054865757,1.0641732028952113,3.1587709744164805,0.12513110942696443,0.2874127655089372,5.623306233573475,17.92112891822517,"unbiased sample covariance, divisor n - 1, per-asset means subtracted",0.18937216432178985
60,165,ewma,regime_1,0.00831719963698063,6.917580980139073e-05,7.212677598676335e-05,0.008492748435386707,1.29728027266032,13.898212130846034,0.2683011699448037,0.3505640448391554,4.426676622340184,25.92164496160878,"exponentially weighted second moment about zero (no mean subtracted), newest observation weight 1, normalised to sum to 1",0.13612917596909446
60,165,shrinkage,regime_1,0.007416332133342221,5.500198231204438e-05,4.87594950986657e-05,0.006982799946917117,1.0314730946480737,1.5614638850816043,0.07520057110209105,0.23198987581977645,6.402243674469055,10.410641419217637,"Ledoit-Wolf (2004) linear shrinkage toward tr(S)/p * I, divisor T as in the paper's own derivation, intensity solved in closed form (not cross-validated)",0.14123839930433602
60,170,sample,regime_1,0.007694474294114488,5.920493466278865e-05,5.979048082514299e-05,0.007732430460414306,1.1102926587009725,5.370425580471694,0.155886519554947,0.30242473743223186,5.444027186627168,18.172184453372505,"unbiased sample covariance, divisor n - 1, per-asset means subtracted",0.1213660499999522
60,170,ewma,regime_1,0.00802155929850951,6.434541357950439e-05,7.089756741557886e-05,0.008420069323680113,1.206694015039667,9.849625171853305,0.21388069632975684,0.2950315986578301,5.468236850025401,19.78270092096822,"exponentially weighted second moment about zero (no mean subtracted), newest observation weight 1, normalised to sum to 1",0.2602362218924409
60,170,shrinkage,regime_1,0.007511123482271675,5.641697596593297e-05,5.885284123320227e-05,0.007671560547450712,1.0580090088411926,2.8595648853908084,0.09461210927684782,0.2273286241966678,6.533506866543151,9.670410432982695,"Ledoit-Wolf (2004) linear shrinkage toward tr(S)/p * I, divisor T as in the paper's own derivation, intensity solved in closed form (not cross-validated)",0.07699774398968252
60,175,sample,regime_1,0.007793193082576988,6.073385842232581e-05,9.468246269263308e-05,0.009730491390090898,1.138965147499352,6.722310108962315,0.17397773498038172,0.3113952576979595,5.3894031132373,17.892541605408436,"unbiased sample covariance, divisor n - 1, per-asset means subtracted",0.07690310982159965
60,175,ewma,regime_1,0.008017047816304254,6.42730556889088e-05,0.00010737964872409757,0.010362415197438172,1.2053370599955486,9.787843589149192,0.2166218012644376,0.3339370111903848,5.2110783220633365,20.58072613876836,"exponentially weighted second moment about zero (no mean subtracted), newest observation weight 1, normalised to sum to 1",0.16214502564760738
60,175,shrinkage,regime_1,0.007567362972420935,5.726498235636741e-05,8.760131901879748e-05,0.009359557629439411,1.0739119952255798,3.629725234875525,0.1055641362377615,0.23290722757754612,6.51668869306904,9.129055113014779,"Ledoit-Wolf (2004) linear shrinkage toward tr(S)/p * I, divisor T as in the paper's own derivation, intensity solved in closed form (not cross-validated)",0.053201351310643685
60,180,sample,regime_1,0.007895204279130364,6.233425060919841e-05,9.02991506602328e-05,0.009502586524743293,1.1689779108990195,8.119281855690264,0.16780796987391117,0.273263945024713,5.695430412175859,18.830334305682257,"unbiased sample covariance, divisor n - 1, per-asset means subtracted",0.11757510702505261
60,180,ewma,regime_1,0.008177140618963873,6.686562870230886e-05,8.902913515047166e-05,0.009435525165589442,1.2539565678173104,11.98020217062079,0.16596383733796644,0.2151153940547506,6.101017930833082,24.941784243038185,"exponentially weighted second moment about zero (no mean subtracted), newest observation weight 1, normalised to sum to 1",0.46295792442594996
60,180,shrinkage,regime_1,0.0076888350794399336,5.911818487882609e-05,8.208869012799723e-05,0.009060280907786317,1.108665807006496,5.293200493027839,0.11746151786302056,0.2208552424430122,6.395846343944695,10.449852198892941,"Ledoit-Wolf (2004) linear shrinkage toward tr(S)/p * I, divisor T as in the paper's own derivation, intensity solved in closed form (not cross-validated)",0.0908644365543031
60,185,sample,regime_1,0.007686665715642766,5.9084829824037913e-05,7.815393723369677e-05,0.008840471550414987,1.1080402869772483,5.263492578255646,0.13735278052909802,0.2738133746994566,5.792150155687117,19.932864551853605,"unbiased sample covariance, divisor n - 1, per-asset means subtracted",0.14622238388622177
60,185,ewma,regime_1,0.007949294154841463,6.319127756019665e-05,7.022791448393833e-05,0.008380209692122168,1.1850500632866867,8.860004744014539,0.1468735633365296,0.2342986782614693,6.034354469780081,35.181194755455515,"exponentially weighted second moment about zero (no mean subtracted), newest observation weight 1, normalised to sum to 1",0.26178102756754706
60,185,shrinkage,regime_1,0.0075786379842184655,5.743575369583892e-05,7.524587409235504e-05,0.008674437969825772,1.0771145351086435,3.7841286087927584,0.10052584413209999,0.22262823778180138,6.481812971956253,10.989155350384936,"Ledoit-Wolf (2004) linear shrinkage toward tr(S)/p * I, divisor T as in the paper's own derivation, intensity solved in closed form (not cross-validated)",0.10306541866687347
60,190,sample,regime_1,0.007668607507554486,5.880754110492104e-05,6.037659920445629e-05,0.0077702380403985236,1.102840186159139,5.016198091491519,0.13474900081420352,0.26972209891712184,5.860243346670767,19.316454951810954,"unbiased sample covariance, divisor n - 1, per-asset means subtracted",0.06303867240093858
60,190,ewma,regime_1,0.008259489411789655,6.82191653434654e-05,4.0910353862688026e-05,0.006396120219530589,1.2793399552751032,13.107911097106872,0.21716512349276618,0.27850192916278965,5.190569691423727,25.339964278510553,"exponentially weighted second moment about zero (no mean subtracted), newest observation weight 1, normalised to sum to 1",0.3080816647662565
60,190,shrinkage,regime_1,0.007566364111799606,5.7249865872329044e-05,5.6381921930494845e-05,0.007508789644842559,1.0736285100507585,3.616046539653217,0.09882622486517179,0.21539351638319015,6.603064413259369,10.338797301640886,"Ledoit-Wolf (2004) linear shrinkage toward tr(S)/p * I, divisor T as in the paper's own derivation, intensity solved in closed form (not cross-validated)",0.05846235338225035
60,195,sample,regime_1,0.007947699198676628,6.316592255264513e-05,4.703810624179877e-05,0.006858433220626907,1.1845745711861362,8.83816293865567,0.15732488843493753,0.25049623099888263,5.88240097722479,22.434883871232962,"unbiased sample covariance, divisor n - 1, per-asset means subtracted",0.3378234229962158
60,195,ewma,regime_1,0.008724264900120909,7.61127980474817e-05,5.969907909032173e-05,0.007726517914968018,1.427372251766424,19.472685236685948,0.2864419850241886,0.33802295041732905,4.210886333605953,29.41983110290348,"exponentially weighted second moment about zero (no mean subtracted), newest observation weight 1, normalised to sum to 1",0.2404656163942477
60,195,shrinkage,regime_1,0.007764685935881018,6.0290347682868485e-05,4.472838346312295e-05,0.006687928189142206,1.1306478219102063,6.331924740888906,0.12475657685518629,0.23196722229844893,6.426676624072888,11.948844975621087,"Ledoit-Wolf (2004) linear shrinkage toward tr(S)/p * I, divisor T as in the paper's own derivation, intensity solved in closed form (not cross-validated)",0.21455344675720817
60,200,sample,regime_1,0.008043998951259597,6.47059191278655e-05,4.5348050598192486e-05,0.006734096123325868,1.2134547127086384,10.156920468422603,0.17375303814576368,0.29327865344482135,5.469541144250902,20.944556344029085,"unbiased sample covariance, divisor n - 1, per-asset means subtracted",0.22064991088982444
60,200,ewma,regime_1,0.00841542156767929,7.081932016176177e-05,5.205410559472692e-05,0.007214853123572712,1.3281016475678726,15.243292540948872,0.26508861060880823,0.30841028855293096,4.532210617047366,32.491217077880606,"exponentially weighted second moment about zero (no mean subtracted), newest observation weight 1, normalised to sum to 1",0.24778891309082435
60,200,shrinkage,regime_1,0.007748185827872186,6.003438362323939e-05,4.299371622884954e-05,0.006556959373737917,1.12584763054244,6.105967341259366,0.12901248316136618,0.26068636599877143,6.313191504310593,10.905976420299142,"Ledoit-Wolf (2004) linear shrinkage toward tr(S)/p * I, divisor T as in the paper's own derivation, intensity solved in closed form (not cross-validated)",0.1498487697119917
60,205,sample,regime_1,0.008381457406316144,7.024882825389175e-05,3.7047271233706976e-05,0.0060866469614810894,1.317402995829397,14.778177186667186,0.19575683647552097,0.32945867414922086,5.191852201322815,24.520278208676633,"unbiased sample covariance, divisor n - 1, per-asset means subtracted",0.1965738788077263
60,205,ewma,regime_1,0.009028043168092111,8.150556344493463e-05,3.732918840231754e-05,0.006109761730404676,1.5285048324371346,23.63271542909404,0.2773457937923545,0.3580776864135668,4.380706089937294,45.420061491209275,"exponentially weighted second moment about zero (no mean subtracted), newest observation weight 1, normalised to sum to 1",0.3209132444188296
60,205,shrinkage,regime_1,0.007976941266759092,6.363159197332415e-05,3.679979106693592e-05,0.00606628313441896,1.1933074469524263,9.23861253935927,0.146713374104911,0.28934354052120437,5.800745131464433,13.456349079553664,"Ledoit-Wolf (2004) linear shrinkage toward tr(S)/p * I, divisor T as in the paper's own derivation, intensity solved in closed form (not cross-validated)",0.1338128356757558
60,210,sample,regime_1,0.008382890055469308,7.027284568208623e-05,4.521532926890969e-05,0.006724234474563605,1.3178534037955079,14.797796311406074,0.21148219114284603,0.32029878568273046,5.159941418068155,22.302112214680044,"unbiased sample covariance, divisor n - 1, per-asset means subtracted",0.1495891678213003
60,210,ewma,regime_1,0.008294004882010486,6.879051698281379e-05,4.112516513818946e-05,0.006412890544691174,1.2900547298849971,13.580576239293517,0.2125805730698722,0.3107732199446251,5.0724054070331555,45.09586438742626,"exponentially weighted second moment about zero (no mean subtracted), newest observation weight 1, normalised to sum to 1",0.15179521300162874
60,210,shrinkage,regime_1,0.007975886838091882,6.361477085404732e-05,4.1940091672156616e-05,0.006476117021190755,1.1929919941046092,9.224172878745529,0.1555141214792765,0.28306610755649414,5.827532270220293,12.526287575720403,"Ledoit-Wolf (2004) linear shrinkage toward tr(S)/p * I, divisor T as in the paper's own derivation, intensity solved in closed form (not cross-validated)",0.1118493456385818
60,215,sample,regime_1,0.008584653352619362,7.369627318463886e-05,5.107125843518936e-05,0.007146415775421226,1.3820542418730843,17.560803071137787,0.24273642100734064,0.3313772858205611,4.760745320871725,24.447463557156524,"unbiased sample covariance, divisor n - 1, per-asset means subtracted",0.12798285763737727
60,215,ewma,regime_1,0.008571969582276052,7.347866251946589e-05,5.583656911772623e-05,0.0074723871097344945,1.377973306299509,17.38710773758372,0.27554919251341115,0.3143645613085728,4.300569643582666,57.11594658492124,"exponentially weighted second moment about zero (no mean subtracted), newest observation weight 1, normalised to sum to 1",0.29531830980619067
60,215,shrinkage,regime_1,0.008026938675189974,6.443174449526057e-05,4.0495265152106764e-05,0.00636358901502185,1.2083130115393501,9.92329196031887,0.16738581492658514,0.28978160490601607,5.636239857147126,13.014587817491705,"Ledoit-Wolf (2004) linear shrinkage toward tr(S)/p * I, divisor T as in the paper's own derivation, intensity solved in closed form (not cross-validated)",0.07361927674384329
60,220,sample,regime_1,0.008428405124590787,7.103801294422826e-05,5.656274299080805e-05,0.007520820632803847,1.3322028764986436,15.42109324116816,0.22972096221411814,0.3171025024452295,4.92411006326013,22.041664443428505,"unbiased sample covariance, divisor n - 1, per-asset means subtracted",0.0925187166297835
60,220,ewma,regime_1,0.007922095629069235,6.275959915611787e-05,4.095257998583344e-05,0.006399420285137822,1.176954633983398,8.4875400211194,0.17825482089085476,0.2608868744482995,5.371776493638877,32.974820322104314,"exponentially weighted second moment about zero (no mean subtracted), newest observation weight 1, normalised to sum to 1",0.3390241274145874
60,220,shrinkage,regime_1,0.007934626764580378,6.295830189319529e-05,4.529332539955407e-05,0.00673003160464749,1.1806809819896482,8.659145127764,0.16094166057096163,0.2781073243596163,5.713112303527424,12.707183829863043,"Ledoit-Wolf (2004) linear shrinkage toward tr(S)/p * I, divisor T as in the paper's own derivation, intensity solved in closed form (not cross-validated)",0.05260286052814127
60,225,sample,straddling,0.010613913062533937,0.00011265515049902853,7.776907371259228e-05,0.008818677548963465,1.5115514569102309,22.94516895389713,0.27040312242841585,0.2887805368210956,5.0796325346834275,26.494125637001037,"unbiased sample covariance, divisor n - 1, per-asset means subtracted",0.0905955806377973
60,225,ewma,straddling,0.01003587994866397,0.00010071888634399552,6.288097647468053e-05,0.007929752611190373,1.351396529295438,16.24958190442829,0.22219551024984516,0.2457251740219714,5.370430148588336,34.47762214337485,"exponentially weighted second moment about zero (no mean subtracted), newest observation weight 1, normalised to sum to 1",0.13364076835810823
60,225,shrinkage,straddling,0.01017606235738203,0.0001035522451013275,6.667220971494054e-05,0.008165305243219052,1.3894131449461484,17.87337040002499,0.21167536262451245,0.25633616094912504,5.808789046979428,14.744543952924515,"Ledoit-Wolf (2004) linear shrinkage toward tr(S)/p * I, divisor T as in the paper's own derivation, intensity solved in closed form (not cross-validated)",0.07495702971429404
60,230,sample,straddling,0.011986979644451013,0.00014368768099648293,0.00013927871492321782,0.011801640348833624,1.697310787590795,30.28088069977095,0.27338205223260015,0.26419058057248557,5.456115187114212,24.201246099160837,"unbiased sample covariance, divisor n - 1, per-asset means subtracted",0.10911659082519168
60,230,ewma,straddling,0.011276824911957674,0.0001271667800949492,0.00011917294160979283,0.010916636002441082,1.5021576392733824,22.56254074036579,0.22780666405711117,0.23336132471025128,5.631500922139503,21.467139823823864,"exponentially weighted second moment about zero (no mean subtracted), newest observation weight 1, normalised to sum to 1",0.15523531326653495
60,230,shrinkage,straddling,0.011796480496785642,0.000139156952111044,0.0001351728207448907,0.011626384680754834,1.6437915508714487,28.210434476740186,0.2362183641593745,0.24377995276025105,5.951939236248962,13.84717462970763,"Ledoit-Wolf (2004) linear shrinkage toward tr(S)/p * I, divisor T as in the paper's own derivation, intensity solved in closed form (not cross-validated)",0.06513523512609928
60,235,sample,straddling,0.013645894614827453,0.0001862104398389769,0.00016602731379908244,0.012885158664101984,2.061577773151212,43.58195475585407,0.30003722740496414,0.25093978066110484,5.654865278622778,28.357253163984762,"unbiased sample covariance, divisor n - 1, per-asset means subtracted",0.07916670162898606
60,235,ewma,straddling,0.013228404125194819,0.0001749906756994713,0.00015970374901331372,0.012637394866558287,1.9373612341107291,39.18912436360571,0.24384787805421615,0.21308509674911524,5.998333909151808,31.190115743316,"exponentially weighted second moment about zero (no mean subtracted), newest observation weight 1, normalised to sum to 1",0.22126652136498426
60,235,shrinkage,straddling,0.01351547778082986,0.00018266813964410567,0.00016410253453300383,0.01281025115027039,2.0223601688434694,42.20971024664488,0.27017338907062366,0.23683585372504903,6.048661868947434,16.9062205200522,"Ledoit-Wolf (2004) linear shrinkage toward tr(S)/p * I, divisor T as in the paper's own derivation, intensity solved in closed form (not cross-validated)",0.05018175334282783
60,240,sample,regime_2,0.01460757953886297,0.00021338137998420812,0.00018463131838663923,0.013587910743990014,2.28307175890944,51.09837057061337,0.30385280253819774,0.22949550049562156,5.887812947712699,28.017366427245122,"unbiased sample covariance, divisor n - 1, per-asset means subtracted",0.09734280212165988
60,240,ewma,regime_2,0.014414330047147548,0.00020777291070810062,0.00017843574116027132,0.013357984172781136,2.22306400276905,49.09943000457948,0.29276320304299214,0.21963931298297226,5.78371783562591,38.24347440317429,"exponentially weighted second moment about zero (no mean subtracted), newest observation weight 1, normalised to sum to 1",0.10488452465028844
60,240,shrinkage,regime_2,0.014543564769932526,0.00021151527621722253,0.00018336143886343411,0.013541101833434165,2.2631054019109302,50.436212459332076,0.28212616204980046,0.2188532056488611,6.185033014828003,16.316946227304967,"Ledoit-Wolf (2004) linear shrinkage toward tr(S)/p * I, divisor T as in the paper's own derivation, intensity solved in closed form (not cross-validated)",0.07500819010641468
60,245,sample,regime_2,0.013222368179705018,0.0001748310202796758,0.0001845021671390471,0.0135831574804626,1.8706026037107442,36.769974910824054,0.31284487497580243,0.2623133104110674,5.668940038261054,37.33106042941937,"unbiased sample covariance, divisor n - 1, per-asset means subtracted",0.11260416634893533
60,245,ewma,regime_2,0.012385745303644143,0.00015340668672674294,0.00016730181269405915,0.012934520195742058,1.6413731794199418,28.116087179555315,0.31106490094405376,0.2878302640578434,5.578609619740311,81.56530646157705,"exponentially weighted second moment about zero (no mean subtracted), newest observation weight 1, normalised to sum to 1",0.2852971765177292
60,245,shrinkage,regime_2,0.013179550726290174,0.00017370055734685584,0.00017855068222973004,0.01336228581604697,1.8585072278320887,36.32707830185788,0.2765044265992872,0.22238341410852416,6.225456057162754,18.684733682388167,"Ledoit-Wolf (2004) linear shrinkage toward tr(S)/p * I, divisor T as in the paper's own derivation, intensity solved in closed form (not cross-validated)",0.09577673874627882
60,250,sample,regime_2,0.012444317392287092,0.000154861035359979,0.00012891733792051726,0.01135417711331461,1.6569339668344554,28.721947112155476,0.3092306350418596,0.26813051024039575,5.439263263224175,46.73600830233551,"unbiased sample covariance, divisor n - 1, per-asset means subtracted",0.13134097909134052
60,250,ewma,regime_2,0.011366351091099623,0.00012919393712614157,0.00012032031369317301,0.010969061659648605,1.3823091278950623,17.571643175344896,0.34524445035339785,0.2817483920311664,4.651371403247172,94.04599082549888,"exponentially weighted second moment about zero (no mean subtracted), newest observation weight 1, normalised to sum to 1",0.40016476620934827
60,250,shrinkage,regime_2,0.012344803687805826,0.00015239417809046434,0.0001174822098227885,0.01083892106359247,1.6305398542567497,27.692593922151552,0.26179923903849384,0.2212928486523373,6.245890415233987,22.976815379527235,"Ledoit-Wolf (2004) linear shrinkage toward tr(S)/p * I, divisor T as in the paper's own derivation, intensity solved in closed form (not cross-validated)",0.09431413135363709
60,255,sample,regime_2,0.011716092669476867,0.00013726682743976957,9.943658330230372e-05,0.009971789373141799,1.4686849301753817,21.189311829689906,0.20091048608203743,0.2142807368723881,5.451930602260826,48.89288557997033,"unbiased sample covariance, divisor n - 1, per-asset means subtracted",0.26843168442855825
60,255,ewma,regime_2,0.010955377094516638,0.00012002028728305981,9.9008319362664e-05,0.00995029242598749,1.284155760977977,13.320596582350252,0.14646141019988954,0.2455460338098703,5.031976648284974,94.08484227616917,"exponentially weighted second moment about zero (no mean subtracted), newest observation weight 1, normalised to sum to 1",0.5144453855375035
60,255,shrinkage,regime_2,0.011762296627238284,0.0001383516219471411,9.711553358379792e-05,0.009854721385396845,1.4802916772316774,21.667237875760016,0.18441682324171388,0.2004160935982446,6.033092086244315,23.827036077591398,"Ledoit-Wolf (2004) linear shrinkage toward tr(S)/p * I, divisor T as in the paper's own derivation, intensity solved in closed form (not cross-validated)",0.1901983226610947
60,260,sample,regime_2,0.011298059482044284,0.00012764614805981075,7.322814642997102e-05,0.008557344589881315,1.365748575580937,16.865246141910696,0.15454095071113041,0.22724844940744712,5.894372691573691,47.126594789758876,"unbiased sample covariance, divisor n - 1, per-asset means subtracted",0.2144527513403476
60,260,ewma,regime_2,0.010444410593275995,0.00010908571264093582,6.66485150767258e-05,0.008163854180270848,1.1671613982881859,8.03524417004786,0.131324038166286,0.3126850982808253,4.8183993317207054,88.37928189229292,"exponentially weighted second moment about zero (no mean subtracted), newest observation weight 1, normalised to sum to 1",0.5505637086636069
60,260,shrinkage,regime_2,0.011393727205387928,0.000129817019630797,7.397220002318144e-05,0.008600709274425071,1.3889757923901305,17.854817143387503,0.15939156905067037,0.20304871610260486,6.34689922619378,24.385942379456054,"Ledoit-Wolf (2004) linear shrinkage toward tr(S)/p * I, divisor T as in the paper's own derivation, intensity solved in closed form (not cross-validated)",0.13827354934876276
60,265,sample,regime_2,0.010870742134036718,0.00011817303454472118,6.839285196293507e-05,0.008269997095702942,1.2643911003558497,12.445146642967654,0.13052542989826393,0.21172491985659642,6.135841626977696,45.738835809671194,"unbiased sample covariance, divisor n - 1, per-asset means subtracted",0.16022129363485615
60,265,ewma,regime_2,0.010403814040497046,0.00010823934658924346,7.493690110818899e-05,0.00865661025507034,1.1581057139053146,7.615320187476771,0.10783142562675334,0.2990181349836572,4.7743111452923435,91.62809544767221,"exponentially weighted second moment about zero (no mean subtracted), newest observation weight 1, normalised to sum to 1",0.26434500663599025
60,265,shrinkage,regime_2,0.011016081119563946,0.00012135404323281325,6.656007472537038e-05,0.008158435801388057,1.2984262682845886,13.948508910147162,0.15197403240140164,0.20920437346350182,6.325371583409453,24.71291945290074,"Ledoit-Wolf (2004) linear shrinkage toward tr(S)/p * I, divisor T as in the paper's own derivation, intensity solved in closed form (not cross-validated)",0.13195194234218574
60,270,sample,regime_2,0.010557641849904494,0.00011146380143085479,9.959839245191061e-05,0.009979899420931587,1.1926057334820295,9.206489435473998,0.11181919080036759,0.22486750960010013,5.857491346047048,53.7739454786236,"unbiased sample covariance, divisor n - 1, per-asset means subtracted",0.11628767023641585
60,270,ewma,regime_2,0.01026502118645218,0.00010537065995831212,0.00011162033186659789,0.010565052383523609,1.127412232436945,6.179670014412131,0.17405549287569408,0.2779479714329067,4.564108243060613,121.93655979632375,"exponentially weighted second moment about zero (no mean subtracted), newest observation weight 1, normalised to sum to 1",0.35977469723736905
60,270,shrinkage,regime_2,0.010731267213828163,0.00011516009601458326,9.625332291400198e-05,0.009810877785091505,1.232154197257758,11.00244129107062,0.13429015578091322,0.22014678498442236,6.29410331358263,29.082350313057834,"Ledoit-Wolf (2004) linear shrinkage toward tr(S)/p * I, divisor T as in the paper's own derivation, intensity solved in closed form (not cross-validated)",0.08933174093781085
60,275,sample,regime_2,0.010444306724287752,0.00010908354295100234,0.00011425746074301625,0.010689128156356637,1.1671381837142942,8.034169766527777,0.10293778683431279,0.23668846892555717,5.799539717396106,50.66890975625185,"unbiased sample covariance, divisor n - 1, per-asset means subtracted",0.04759255193558101
60,275,ewma,regime_2,0.009960828428903522,9.921810299005259e-05,0.00011376858616220649,0.010666235800984643,1.0615830159403867,3.033150778785121,0.08611833852646267,0.27949544195260445,4.654376106246714,97.93151851265497,"exponentially weighted second moment about zero (no mean subtracted), newest observation weight 1, normalised to sum to 1",0.2319166671856981
60,275,shrinkage,regime_2,0.010598934380760205,0.00011233741000766072,0.00011173462767202559,0.010570460144763122,1.2019528989666388,9.63361249938992,0.12729806854924622,0.23073298755102628,6.153860723991365,29.133002504609923,"Ledoit-Wolf (2004) linear shrinkage toward tr(S)/p * I, divisor T as in the paper's own derivation, intensity solved in closed form (not cross-validated)",0.03771715574554134
60,280,sample,regime_2,0.01042699301769602,0.00010872218339108157,0.00012257767541693098,0.011071480272164648,1.1632718210254407,7.855079668295661,0.10244012184709479,0.23277959348667707,5.687199160113465,69.96217470308001,"unbiased sample covariance, divisor n - 1, per-asset means subtracted",0.08192667828856356
60,280,ewma,regime_2,0.010033120053190101,0.00010066349800172536,0.00011608751892925286,0.010774391812499342,1.0770480041781743,3.7809233037639833,0.0704896509516833,0.28388873614624194,5.148314774785196,101.19301972656172,"exponentially weighted second moment about zero (no mean subtracted), newest observation weight 1, normalised to sum to 1",0.1425486806360092
60,280,shrinkage,regime_2,0.010590639364638636,0.00011216164215183344,0.0001196777581739604,0.010939733002864393,1.2000722727011557,9.54781023375848,0.12396506733254939,0.22767290137842947,6.169923486363479,37.48747337650399,"Ledoit-Wolf (2004) linear shrinkage toward tr(S)/p * I, divisor T as in the paper's own derivation, intensity solved in closed form (not cross-validated)",0.04339977455570741
60,285,sample,regime_2,0.010516752007242353,0.00011060207278183607,0.0001113241966735705,0.010551028228261476,1.1833856771558242,8.783531711184311,0.10532413850839716,0.23302012779289383,6.1685057423777785,84.53194196783166,"unbiased sample covariance, divisor n - 1, per-asset means subtracted",0.1494844172013656
60,285,ewma,regime_2,0.010852179859459998,0.00011776980770206921,0.00011879952125535732,0.010899519313041164,1.2600767791298784,12.25314156538686,0.15193244445913298,0.26172837058362103,6.276330472940149,135.91982363018244,"exponentially weighted second moment about zero (no mean subtracted), newest observation weight 1, normalised to sum to 1",0.3182552878786674
60,285,shrinkage,regime_2,0.010706854907257052,0.00011463674200505444,0.00011213015872633278,0.010589152880487314,1.226554576713755,10.749924456577165,0.13233908780704168,0.20795409167246912,6.564206512276162,46.153424708409,"Ledoit-Wolf (2004) linear shrinkage toward tr(S)/p * I, divisor T as in the paper's own derivation, intensity solved in closed form (not cross-validated)",0.11440149373245624
60,290,sample,regime_2,0.010163739371003523,0.00010330159800168709,6.64897812733432e-05,0.0081541266407472,1.1052743264914773,5.132027778954074,0.07721288074171034,0.24906989765245352,5.760390376260063,100.52037280769669,"unbiased sample covariance, divisor n - 1, per-asset means subtracted",0.07731743948561651
60,290,ewma,regime_2,0.010528663696312864,0.00011085275923005644,6.170802027767526e-05,0.007855445262852721,1.1860678940873841,8.906744239619258,0.2140416458556939,0.24470065050518558,5.523493858300196,136.14353059454695,"exponentially weighted second moment about zero (no mean subtracted), newest observation weight 1, normalised to sum to 1",0.5027997165606665
60,290,shrinkage,regime_2,0.010369837396144799,0.00010753352762248314,6.517385357675288e-05,0.008073032489514265,1.1505538115320504,7.263871435448865,0.113285302060124,0.2261917966554191,6.221724518329423,50.61487891124387,"Ledoit-Wolf (2004) linear shrinkage toward tr(S)/p * I, divisor T as in the paper's own derivation, intensity solved in closed form (not cross-validated)",0.06635602493838055
60,295,sample,regime_2,0.009932520358252006,9.865496066709058e-05,7.28928832624775e-05,0.008537732911170125,1.055557680768703,2.740336809293309,0.07082466192001947,0.24611538929865936,5.384277074090749,113.11019477664675,"unbiased sample covariance, divisor n - 1, per-asset means subtracted",0.15104459199984985
60,295,ewma,regime_2,0.010076777691314681,0.00010154144864017725,6.675830486972248e-05,0.008170575553149392,1.086441627504232,4.232510643475917,0.16241746203686044,0.27899358007675473,5.321003899210644,127.76889284013436,"exponentially weighted second moment about zero (no mean subtracted), newest observation weight 1, normalised to sum to 1",0.22349737271554074
60,295,shrinkage,regime_2,0.010112459312298623,0.00010226183334289515,6.924704010933653e-05,0.008321480644052267,1.0941493758112648,4.601595389901436,0.09276377695461445,0.22829306469703955,6.03325198247455,56.48316039868387,"Ledoit-Wolf (2004) linear shrinkage toward tr(S)/p * I, divisor T as in the paper's own derivation, intensity solved in closed form (not cross-validated)",0.10155279332476122
60,300,sample,regime_2,0.009804599319535378,9.613016781663361e-05,6.478830788341889e-05,0.008049118453807156,1.0285436870715896,1.41714288381376,0.04560797737669552,0.2773707862975742,5.337346661998587,113.91768740313708,"unbiased sample covariance, divisor n - 1, per-asset means subtracted",0.15315849052605307
60,300,ewma,regime_2,0.01013977696239892,0.0001028150768471959,6.880020075409096e-05,0.008294588642849684,1.1000687986801327,4.884164614117648,0.10336281805921006,0.2495021729797009,5.562133332805755,120.9139444371884,"exponentially weighted second moment about zero (no mean subtracted), newest observation weight 1, normalised to sum to 1",0.2458980327389098
60,300,shrinkage,regime_2,0.009986450219517494,9.972918798690098e-05,5.9840289867799546e-05,0.007735650578186656,1.0670513643163941,3.2981783148374078,0.07926212901028898,0.2328021042772844,5.961732895983194,60.0592579300162,"Ledoit-Wolf (2004) linear shrinkage toward tr(S)/p * I, divisor T as in the paper's own derivation, intensity solved in closed form (not cross-validated)",0.0999387708900791
60,305,sample,regime_2,0.009826976411516218,9.656946539249615e-05,9.424565511947657e-05,0.009708020144163101,1.0332439467160037,1.648607797451107,0.07381000482919355,0.25821581308836117,5.344789950363986,105.7263271755784,"unbiased sample covariance, divisor n - 1, per-asset means subtracted",0.11095781358438313
60,305,ewma,regime_2,0.01034716676581676,0.00010706386007962288,9.470507950006836e-05,0.009731653482326031,1.145528608755407,7.02937021002259,0.15995416526426484,0.21203292776516902,6.255670938896207,121.47883316457452,"exponentially weighted second moment about zero (no mean subtracted), newest observation weight 1, normalised to sum to 1",0.23585202493404012
60,305,shrinkage,regime_2,0.009992162645804575,9.984331434021229e-05,8.770441958963336e-05,0.009365063779261376,1.0682724579948195,3.3572667012252033,0.09696358382970144,0.23330117938253417,5.939195881189654,55.53865515963958,"Ledoit-Wolf (2004) linear shrinkage toward tr(S)/p * I, divisor T as in the paper's own derivation, intensity solved in closed form (not cross-validated)",0.09236726837753681
60,310,sample,regime_2,0.009814187238151376,9.631827114549331e-05,0.00011208662682727637,0.010587097186069294,1.0305562965968829,1.5163187175777804,0.0720911105364178,0.27322448228681795,5.449564192603045,93.6066230387975,"unbiased sample covariance, divisor n - 1, per-asset means subtracted",0.14058359320933314
60,310,ewma,regime_2,0.010361755214761788,0.0001073659711306431,0.00013043524562096178,0.011420825084947312,1.1487610426664154,7.180270696915825,0.22448745193311365,0.21805666513507016,5.845149615620046,101.26261147236522,"exponentially weighted second moment about zero (no mean subtracted), newest observation weight 1, normalised to sum to 1",0.19939960625681358
60,310,shrinkage,regime_2,0.009982293414932142,9.964618182179762e-05,0.00011179012330654397,0.010573084852896243,1.0661632407538937,3.255181020319431,0.0943890879377451,0.22876340533265538,5.9890586694950585,51.60927966455993,"Ledoit-Wolf (2004) linear shrinkage toward tr(S)/p * I, divisor T as in the paper's own derivation, intensity solved in closed form (not cross-validated)",0.08486306631713357
60,315,sample,regime_2,0.009980048332770603,9.96013647244373e-05,0.00011636607061848193,0.010787310629553685,1.0656837207071717,3.231958264249335,0.12866261465546955,0.2532781380297281,5.804846115584135,87.22987246572379,"unbiased sample covariance, divisor n - 1, per-asset means subtracted",0.17514064276384816
60,315,ewma,regime_2,0.010674052180886278,0.0001139353899602831,0.00014900945821135454,0.012206943033018322,1.219050468123824,10.410618516690873,0.31506216236003315,0.29167635931489033,4.638052245655747,96.22810545738884,"exponentially weighted second moment about zero (no mean subtracted), newest observation weight 1, normalised to sum to 1",0.28877373605465634
60,315,shrinkage,regime_2,0.010137175683272706,0.00010276233083353546,0.0001182962218688787,0.010876406661617554,1.0995044432795251,4.857257415952132,0.1409452772149257,0.24297425800301173,6.1805329527755415,50.214173445474074,"Ledoit-Wolf (2004) linear shrinkage toward tr(S)/p * I, divisor T as in the paper's own derivation, intensity solved in closed form (not cross-validated)",0.11381343751567946
60,320,sample,regime_2,0.009937764643095244,9.875916610155393e-05,0.00014697120310070336,0.012123168030704819,1.0566726256836052,2.7945828185320876,0.14657057642104643,0.2623476195465811,5.6198108495764005,85.72836790632043,"unbiased sample covariance, divisor n - 1, per-asset means subtracted",0.1980360531934167
60,320,ewma,regime_2,0.010462054805441256,0.00010945459075205647,0.00016295471611452107,0.012765371757787592,1.1711082056339897,8.217752962902969,0.2671914909556991,0.2672170405710664,5.100659150072007,68.55541106653293,"exponentially weighted second moment about zero (no mean subtracted), newest observation weight 1, normalised to sum to 1",0.33338984031569424
60,320,shrinkage,regime_2,0.01003580934460423,0.00010071746920124558,0.0001484267061043974,0.012183049950829118,1.0776254684415896,3.808740886381501,0.14503094294481683,0.2487361010573126,5.959421138222915,47.966933630055806,"Ledoit-Wolf (2004) linear shrinkage toward tr(S)/p * I, divisor T as in the paper's own derivation, intensity solved in closed form (not cross-validated)",0.1379944058708474
60,325,sample,regime_2,0.01019322504926253,0.0001039018369049131,0.00014666145511186296,0.012110386249491093,1.111696576121016,5.437022725464713,0.1950033221785707,0.2520369198559456,5.595485120730113,103.01450115905665,"unbiased sample covariance, divisor n - 1, per-asset means subtracted",0.1331344493674302
60,325,ewma,regime_2,0.010621543702589454,0.00011281719062601768,0.00015454752108190071,0.012431714325944782,1.207086306484783,9.867479559912674,0.2649336224183403,0.2921769752141364,4.817876315279797,88.36597247668983,"exponentially weighted second moment about zero (no mean subtracted), newest observation weight 1, normalised to sum to 1",0.3105950479268149
60,325,shrinkage,regime_2,0.01024956348723455,0.00010505355167885166,0.00014459890329435044,0.012024928411194407,1.1240193358430337,6.019778147430288,0.16985680548369833,0.23461814218233953,6.117045954357678,52.22531268700899,"Ledoit-Wolf (2004) linear shrinkage toward tr(S)/p * I, divisor T as in the paper's own derivation, intensity solved in closed form (not cross-validated)",0.09461962576065247
60,330,sample,regime_2,0.009886303625778798,9.773899938108699e-05,0.00011172091592559089,0.010569811536900309,1.0457573629317676,2.2622786237314285,0.07594005292127942,0.23494928639551807,5.669557840120292,68.16935154351528,"unbiased sample covariance, divisor n - 1, per-asset means subtracted",0.2470856894089343
60,330,ewma,regime_2,0.010176774886146838,0.00010356674708330897,0.00012715566884441963,0.011276332242552081,1.1081112862121263,5.266864977167729,0.2073444296966089,0.29884782173587726,4.067041678436432,47.46423556373727,"exponentially weighted second moment about zero (no mean subtracted), newest observation weight 1, normalised to sum to 1",0.49855424375085106
60,330,shrinkage,regime_2,0.010048380934435212,0.00010096995940352108,0.00011386385869993442,0.010670700946982557,1.0803269846200827,3.938779318408514,0.09921944104665306,0.2225620729506404,6.061835594308464,40.69245376263175,"Ledoit-Wolf (2004) linear shrinkage toward tr(S)/p * I, divisor T as in the paper's own derivation, intensity solved in closed form (not cross-validated)",0.14557267203030155
60,335,sample,regime_2,0.009826687935772889,9.656379578706445e-05,9.80549854140633e-05,0.009902271729964962,1.0331832848342302,1.6456238523936628,0.06848593099349656,0.22919620033328972,5.631367692023729,67.39209248611178,"unbiased sample covariance, divisor n - 1, per-asset means subtracted",0.10605938424025908
60,335,ewma,regime_2,0.009804349019300626,9.612525969226114e-05,9.858305710127641e-05,0.009928900095240984,1.0284911726481436,1.4145538198607754,0.10539694985299915,0.2793483942439455,4.7602136079077635,42.2044317614844,"exponentially weighted second moment about zero (no mean subtracted), newest observation weight 1, normalised to sum to 1",0.29881321668318855
60,335,shrinkage,regime_2,0.00994006464767114,9.880488519988156e-05,0.00010018831746065745,0.010009411444268711,1.0571617966798859,2.8183736829116457,0.09116655521192418,0.21837934997660133,5.927617620075952,38.835919685628994,"Ledoit-Wolf (2004) linear shrinkage toward tr(S)/p * I, divisor T as in the paper's own derivation, intensity solved in closed form (not cross-validated)",0.08359840501478942
60,340,sample,regime_2,0.00991380140073758,9.828345821326641e-05,6.631347534376611e-05,0.008143308623880475,1.05158279429663,2.5467110294927986,0.10678860837839972,0.22798689699602884,5.536463126443726,70.10457988283581,"unbiased sample covariance, divisor n - 1, per-asset means subtracted",0.12851986402446225
60,340,ewma,regime_2,0.009937611423642075,9.875612080730149e-05,6.506486695482316e-05,0.008066279622900706,1.0566400425908076,2.792997942019726,0.11875927661981922,0.23667625152102528,4.988154894291708,47.10828330725674,"exponentially weighted second moment about zero (no mean subtracted), newest observation weight 1, normalised to sum to 1",0.15048714520541415
60,340,shrinkage,regime_2,0.009964503862420778,9.929133722419862e-05,6.613741558803189e-05,0.008132491351857184,1.0623665848336825,3.0711688511235735,0.1110810833368238,0.22647137806526352,5.789060592998074,36.15035486703483,"Ledoit-Wolf (2004) linear shrinkage toward tr(S)/p * I, divisor T as in the paper's own derivation, intensity solved in closed form (not cross-validated)",0.09350990104612039
60,345,sample,regime_2,0.010153555105622365,0.00010309468128291,4.724596806493694e-05,0.006873570256055941,1.10306042330498,5.026683433543688,0.16271586922653883,0.26251142267335276,5.220870474317225,54.57352928032368,"unbiased sample covariance, divisor n - 1, per-asset means subtracted",0.14842929929450208
60,345,ewma,regime_2,0.01033043505694984,0.00010671788846585822,5.047950699550771e-05,0.007104893172702015,1.141826889229416,6.856300199352594,0.1953186704361577,0.31968708593582534,4.809016548034106,54.056326692046994,"exponentially weighted second moment about zero (no mean subtracted), newest observation weight 1, normalised to sum to 1",0.26128026772205404
60,345,shrinkage,regime_2,0.010131130407267153,0.00010263980332905309,4.6272932335291605e-05,0.006802421064245554,1.0981934615753388,4.794726087496359,0.14507368690294076,0.255701644590662,5.470120127374468,30.150620881219265,"Ledoit-Wolf (2004) linear shrinkage toward tr(S)/p * I, divisor T as in the paper's own derivation, intensity solved in closed form (not cross-validated)",0.11849368302398847
60,350,sample,regime_2,0.010020334565348843,0.0001004071048015248,0.00010845087086429553,0.010413974787001144,1.0743047279157487,3.6486723463329485,0.12228027650113316,0.26854344886811743,5.415675420240999,62.31662987045117,"unbiased sample covariance, divisor n - 1, per-asset means subtracted",0.15926119312938222
60,350,ewma,regime_2,0.010733001700167307,0.00011519732549579429,0.00012123896470810761,0.011010856674578396,1.2325525336878533,11.020382528968685,0.16724171638625876,0.324250297491609,4.947054772184444,111.2911379337548,"exponentially weighted second moment about zero (no mean subtracted), newest observation weight 1, normalised to sum to 1",0.21951334880100784
60,350,shrinkage,regime_2,0.010065063759092725,0.00010130550847460179,0.0001103250996463217,0.010503575564840845,1.0839171882637622,4.111343678955648,0.1227134139049465,0.2518726619323581,5.74432687197033,30.44647719310545,"Ledoit-Wolf (2004) linear shrinkage toward tr(S)/p * I, divisor T as in the paper's own derivation, intensity solved in closed form (not cross-validated)",0.11658076860897224
60,355,sample,regime_2,0.00990501340000934,9.810929045436459e-05,0.00010343844037437395,0.010170469034138688,1.049719288250832,2.4558094131724717,0.10029430682745333,0.26790239489146767,5.10370088240829,55.07726907321077,"unbiased sample covariance, divisor n - 1, per-asset means subtracted",0.11907044688925494
60,355,ewma,regime_2,0.01071470926930429,0.00011480499472571527,0.00011629805715308758,0.010784157693259478,1.2283547948721008,10.831168669833158,0.19140160978570028,0.3372654343628852,4.1521852766058664,68.45508840638715,"exponentially weighted second moment about zero (no mean subtracted), newest observation weight 1, normalised to sum to 1",0.2793012650777735
60,355,shrinkage,regime_2,0.009940111077869459,9.880580824038314e-05,0.0001050272403420746,0.01024827987235295,1.0571716727417129,2.818853949152378,0.09675454203242888,0.25411392198037425,5.533850748934341,27.4895518329175,"Ledoit-Wolf (2004) linear shrinkage toward tr(S)/p * I, divisor T as in the paper's own derivation, intensity solved in closed form (not cross-validated)",0.08311846346119531
60,360,sample,regime_2,0.00992107539737651,9.842773704042947e-05,0.00013829775519286742,0.011760006598334349,1.0531265040417304,2.6219520395967866,0.12509730300562963,0.2724560913005438,4.857003577580111,47.127017401030905,"unbiased sample covariance, divisor n - 1, per-asset means subtracted",0.08963008725660576
60,360,ewma,regime_2,0.01028938564314254,0.00010587145691330785,0.00014145273580452758,0.01189339042512805,1.1327705040208256,6.431691897706182,0.181650707903802,0.3294932355466459,4.15556455433123,55.17372518922727,"exponentially weighted second moment about zero (no mean subtracted), newest observation weight 1, normalised to sum to 1",0.2956138401413557
60,360,shrinkage,regime_2,0.009931600943584348,9.86366973026055e-05,0.00013499819961831198,0.011618872562271778,1.055362272098642,2.730826537054698,0.0984976261912777,0.2562778845892665,5.510454230899473,24.31550826743073,"Ledoit-Wolf (2004) linear shrinkage toward tr(S)/p * I, divisor T as in the paper's own derivation, intensity solved in closed form (not cross-validated)",0.045532553206551335
60,365,sample,regime_2,0.009962858845435078,9.925855637406398e-05,0.00016210809794164655,0.0127321678414026,1.0620158464834994,3.054153069320753,0.11998194974607714,0.2828267702644619,4.679714160560207,39.96126960122436,"unbiased sample covariance, divisor n - 1, per-asset means subtracted",0.07955436153301967
60,365,ewma,regime_2,0.01017467494346167,0.00010352401020510672,0.00015953347055022656,0.012630655982577729,1.1076540234477055,5.2451435196753105,0.14484689463694228,0.2929278787666449,4.44690825088658,39.11160014621817,"exponentially weighted second moment about zero (no mean subtracted), newest observation weight 1, normalised to sum to 1",0.1612270900349051
60,365,shrinkage,regime_2,0.009990189356546643,9.980388337965784e-05,0.00015914230579856236,0.012615161742861737,1.067850566860386,3.336855325696142,0.09199103466873329,0.2620697800806278,5.37211659494013,20.55381414642976,"Ledoit-Wolf (2004) linear shrinkage toward tr(S)/p * I, divisor T as in the paper's own derivation, intensity solved in closed form (not cross-validated)",0.06796422678804026
60,370,sample,regime_2,0.010194111206619377,0.00010391990329292277,0.00010233806614520697,0.01011622786147124,1.111889877243417,5.446188989617684,0.15625089047510732,0.3043361966922771,4.733355273983182,40.051702698121076,"unbiased sample covariance, divisor n - 1, per-asset means subtracted",0.17927281113827093
60,370,ewma,regime_2,0.011006078469903017,0.00012113376328566272,0.00011628548427217377,0.010783574744590671,1.2960693853811662,13.845043167507566,0.16902269681509077,0.2689420362135119,5.550984070306577,40.31237942918598,"exponentially weighted second moment about zero (no mean subtracted), newest observation weight 1, normalised to sum to 1",0.4858391060697251
60,370,shrinkage,regime_2,0.010273564846182099,0.00010554613464870863,0.00010140542907808306,0.01007002626997979,1.1292897219820839,6.268044208128898,0.1443307137815611,0.2752659400690295,5.220693755060377,20.407397800499936,"Ledoit-Wolf (2004) linear shrinkage toward tr(S)/p * I, divisor T as in the paper's own derivation, intensity solved in closed form (not cross-validated)",0.18188668804923214
60,375,sample,regime_2,0.01024991147736305,0.00010506068529377881,0.00010232840259107198,0.010115750223837676,1.124095661878512,6.023377699378729,0.15511202525405363,0.2798034528744032,4.634924960603578,32.710701898209535,"unbiased sample covariance, divisor n - 1, per-asset means subtracted",0.13853043484770233
60,375,ewma,regime_2,0.011130409849849698,0.00012388602342563117,0.00012418345834730606,0.011143763204021613,1.3255171628732751,15.131106260353256,0.15392833656120702,0.26944161796048866,5.155129357209989,31.69002887629055,"exponentially weighted second moment about zero (no mean subtracted), newest observation weight 1, normalised to sum to 1",0.2769327143341992
60,375,shrinkage,regime_2,0.01028564819480581,0.000105794558787312,9.915447865024629e-05,0.009957634189416996,1.1319477333564538,6.39303235440063,0.1310080124175997,0.2552691058347422,5.387973024730112,17.207040360821924,"Ledoit-Wolf (2004) linear shrinkage toward tr(S)/p * I, divisor T as in the paper's own derivation, intensity solved in closed form (not cross-validated)",0.11953459308041213
60,380,sample,regime_2,0.010217914630950961,0.00010440577940540172,8.286282671675921e-05,0.00910290210409621,1.1170885034347533,5.692407647605102,0.13547071669244742,0.31448868407366537,4.910911995484805,29.685454626445317,"unbiased sample covariance, divisor n - 1, per-asset means subtracted",0.21786859234510833
60,380,ewma,regime_2,0.011325141724639885,0.00012825883508317927,8.822902581767706e-05,0.009393030704606318,1.3723040137368179,17.14538035009394,0.24728506783295354,0.37301952421124396,4.346521048783911,34.560162182027106,"exponentially weighted second moment about zero (no mean subtracted), newest observation weight 1, normalised to sum to 1",0.6871288510218478
60,380,shrinkage,regime_2,0.010358229264668672,0.00010729291349943852,8.843588248940866e-05,0.009404035436418169,1.1479793633343744,7.1437988562275345,0.12777645599353835,0.26105638297551836,5.6691654903043815,16.109113826500188,"Ledoit-Wolf (2004) linear shrinkage toward tr(S)/p * I, divisor T as in the paper's own derivation, intensity solved in closed form (not cross-validated)",0.12673074235545925
60,385,sample,regime_2,0.010095672217887498,0.00010192259753102548,7.544978169870493e-05,0.008686183379292941,1.090519725924533,4.427952480383945,0.1362429042386113,0.3163186700947212,4.954383072464754,33.45480940523956,"unbiased sample covariance, divisor n - 1, per-asset means subtracted",0.18402120079277345
60,385,ewma,regime_2,0.011027435131471182,0.00012160432557880483,8.135147200187998e-05,0.009019505086304901,1.301104161528738,14.065952918859104,0.21702916949331671,0.32587921141024045,4.878428234052911,50.147140078365574,"exponentially weighted second moment about zero (no mean subtracted), newest observation weight 1, normalised to sum to 1",0.10974457562340822
60,385,shrinkage,regime_2,0.010145991220148838,0.0001029411378393373,7.876260878080371e-05,0.008874830070531137,1.1014175868971714,4.94844386160147,0.13608798840094039,0.26477562056576287,5.440051290363206,17.709198633458726,"Ledoit-Wolf (2004) linear shrinkage toward tr(S)/p * I, divisor T as in the paper's own derivation, intensity solved in closed form (not cross-validated)",0.17591311139482319
60,390,sample,regime_2,0.00989703544644431,9.795131062817513e-05,0.00010654110136595645,0.01032187489586831,1.0480289848153717,2.373286789834572,0.10401454754124938,0.28713264012537865,5.019544938361162,33.821541022702455,"unbiased sample covariance, divisor n - 1, per-asset means subtracted",0.12592290286309152
60,390,ewma,regime_2,0.00997708179096789,9.954216106366305e-05,0.00010198127965507324,0.010098578100657203,1.0650502717813668,3.2012728497748055,0.11460443009462903,0.23787217860972296,5.4415605787203365,39.662328763876054,"exponentially weighted second moment about zero (no mean subtracted), newest observation weight 1, normalised to sum to 1",0.3886956301199404
60,390,shrinkage,regime_2,0.010037960376980718,0.00010076064852983489,0.00011159116919183102,0.010563672145226348,1.078087465199124,3.830990807134449,0.10471457000323678,0.23771375460019376,5.786357791040233,18.027899254256827,"Ledoit-Wolf (2004) linear shrinkage toward tr(S)/p * I, divisor T as in the paper's own derivation, intensity solved in closed form (not cross-validated)",0.1265774966498867
60,395,sample,regime_2,0.010025973394542843,0.00010052014250808094,0.0001450201782118505,0.012042432404288202,1.0755141736300342,3.7069994566439224,0.11740135175009651,0.2829827208599255,5.006129085455228,40.78853094011057,"unbiased sample covariance, divisor n - 1, per-asset means subtracted",0.11716919617068994
60,395,ewma,regime_2,0.010078953140082638,0.00010158529639998166,0.00014434192329263593,0.01201423835674305,1.0869107761342967,4.255013123316842,0.12403651774379898,0.2575199777631826,5.369390054460628,54.781913418513945,"exponentially weighted second moment about zero (no mean subtracted), newest observation weight 1, normalised to sum to 1",0.1712048041153142
60,395,shrinkage,regime_2,0.010141408370956,0.00010284816374649644,0.00015055080275280653,0.012269914537306546,1.1004228116000443,4.901039632600601,0.106344621757697,0.23845762565873385,5.877094208848926,22.101280139551232,"Ledoit-Wolf (2004) linear shrinkage toward tr(S)/p * I, divisor T as in the paper's own derivation, intensity solved in closed form (not cross-validated)",0.11497323915445973
60,400,sample,regime_2,0.010065162311509042,0.00010130749235702203,0.00015930907677323843,0.012621769954061056,1.0839384147921827,4.112363088740945,0.1277030147374525,0.3270793484557911,4.878446606372894,47.457333567076056,"unbiased sample covariance, divisor n - 1, per-asset means subtracted",0.20894345373736634
60,400,ewma,regime_2,0.01047047173574626,0.00010963077836906128,0.00017476561875661911,0.013219894808833356,1.1729933231296352,8.304816288549022,0.17810726858261058,0.2966721646460695,5.053441564258213,64.65009145395383,"exponentially weighted second moment about zero (no mean subtracted), newest observation weight 1, normalised to sum to 1",0.28647397805933994
60,400,shrinkage,regime_2,0.01017449443332454,0.00010352033697375206,0.0001639354287574628,0.012803727143197906,1.1076147217486987,5.243276352872006,0.1130844520733048,0.2641080023203845,5.850528970755317,24.580062409635694,"Ledoit-Wolf (2004) linear shrinkage toward tr(S)/p * I, divisor T as in the paper's own derivation, intensity solved in closed form (not cross-validated)",0.1515853837203912
60,405,sample,regime_2,0.010154497407105254,0.00010311381759090734,0.0001623008756540702,0.012739736090440422,1.1032651720246753,5.036430443188378,0.13866125040041238,0.3509937944650485,4.786523717831091,53.53615588340183,"unbiased sample covariance, divisor n - 1, per-asset means subtracted",0.12637996143695623
60,405,ewma,regime_2,0.010645998011330255,0.00011333727365724773,0.00018921202745809427,0.013755436287449928,1.2126509292319843,10.12043085785599,0.16683453054490424,0.2596825464878619,5.566506168074513,80.39915275177762,"exponentially weighted second moment about zero (no mean subtracted), newest observation weight 1, normalised to sum to 1",0.1768803910459142
60,405,shrinkage,regime_2,0.010211169903110473,0.00010426799079018915,0.00017683880515635556,0.013298075242543771,1.1156142356419667,5.622641305828302,0.11354377391201351,0.2723635054405169,5.888227486611037,26.11695991637431,"Ledoit-Wolf (2004) linear shrinkage toward tr(S)/p * I, divisor T as in the paper's own derivation, intensity solved in closed form (not cross-validated)",0.07593086708126401
60,410,sample,regime_2,0.010603076802807572,0.00011242523768623602,0.00013713676176701833,0.011710540626590146,1.2028926102601953,9.676461023329686,0.1612799205046738,0.38496032673262087,4.141739667891452,44.793297891985304,"unbiased sample covariance, divisor n - 1, per-asset means subtracted",0.1614882573031734
60,410,ewma,regime_2,0.010693266285072755,0.00011434594384347369,0.0001157790725379764,0.01076006842626832,1.223443184940504,10.609366011224575,0.1797599358375243,0.3860926987897638,3.693289721954469,59.996104655544,"exponentially weighted second moment about zero (no mean subtracted), newest observation weight 1, normalised to sum to 1",0.629417109276335
60,410,shrinkage,regime_2,0.01039833404566665,0.00010812535092527014,0.00013165827632150706,0.011474244041395801,1.1568860185360426,7.558636033376831,0.09925354228041157,0.30297685306902666,5.140769939856012,23.161853532249026,"Ledoit-Wolf (2004) linear shrinkage toward tr(S)/p * I, divisor T as in the paper's own derivation, intensity solved in closed form (not cross-validated)",0.15864612046527643
60,415,sample,regime_2,0.010166406276361714,0.00010335581657604687,0.00011901328497375195,0.010909321013415636,1.1058544375393031,5.159613803936303,0.15907063657719644,0.3752985761753558,4.087100745760614,52.20866878268329,"unbiased sample covariance, divisor n - 1, per-asset means subtracted",0.15026561349984205
60,415,ewma,regime_2,0.010829422852447743,0.00011727639931711741,0.00010264713930315664,0.010131492451912336,1.2547975614709808,12.017746873920853,0.27107078856057265,0.37149998984078325,3.441135667103147,78.29026573863582,"exponentially weighted second moment about zero (no mean subtracted), newest observation weight 1, normalised to sum to 1",0.34579433691513556
60,415,shrinkage,regime_2,0.010005656165282222,0.00010011315529785014,0.00011319772777745314,0.010639442080177567,1.0711596183919714,3.496841420014918,0.0936066120160432,0.291342229925978,5.147691665050687,26.199659511333184,"Ledoit-Wolf (2004) linear shrinkage toward tr(S)/p * I, divisor T as in the paper's own derivation, intensity solved in closed form (not cross-validated)",0.14019538125001813
60,420,sample,regime_2,0.010252007139806374,0.00010510365039464087,0.00016141756293063658,0.012705021170019221,1.1245553665088042,6.045054882762169,0.17715864378847668,0.358750507234572,4.184357212974887,49.27236663758607,"unbiased sample covariance, divisor n - 1, per-asset means subtracted",0.18190108814921674
60,420,ewma,regime_2,0.011606037629347974,0.00013470010945384117,0.0002162755102576263,0.014706308519054885,1.4412223589463844,20.05092081889186,0.34508361119331615,0.43888306862306925,3.1576403475574355,73.89633786151798,"exponentially weighted second moment about zero (no mean subtracted), newest observation weight 1, normalised to sum to 1",0.21786368587600874
60,420,shrinkage,regime_2,0.010063503376227788,0.0001012741002033481,0.00014839442911666081,0.012181725211014276,1.0835811358064165,4.095203338406361,0.12289972341101044,0.28487713023935046,5.132164751294685,26.150838503957257,"Ledoit-Wolf (2004) linear shrinkage toward tr(S)/p * I, divisor T as in the paper's own derivation, intensity solved in closed form (not cross-validated)",0.11611457373544165
60,425,sample,regime_2,0.010153307929282976,0.00010308966190684054,0.00016582908662476247,0.012877464293282372,1.1030067185452097,5.024126682644203,0.16424465842478078,0.3470172406066325,4.103908298862153,52.26981587809818,"unbiased sample covariance, divisor n - 1, per-asset means subtracted",0.09707368051953152
60,425,ewma,regime_2,0.01163023728066323,0.00013526241920452887,0.0002626533633681905,0.016206583951227677,1.4472387860200564,20.301237982826102,0.338559011729551,0.4316269146686643,3.225895006985042,80.30052614670244,"exponentially weighted second moment about zero (no mean subtracted), newest observation weight 1, normalised to sum to 1",0.022314251788032
60,425,shrinkage,regime_2,0.01000737932615198,0.00010014764097749407,0.00015686840374388547,0.012524711722985303,1.0715285975469833,3.5146655091433665,0.11886684136739223,0.28882842864424013,4.873921564939822,29.442648314842153,"Ledoit-Wolf (2004) linear shrinkage toward tr(S)/p * I, divisor T as in the paper's own derivation, intensity solved in closed form (not cross-validated)",0.07566140729242953
60,430,sample,regime_2,0.010024691212343301,0.00010049443390283302,0.00017992141384884323,0.013413478812330648,1.075239104687248,3.6937367774567242,0.1346058127675589,0.32223882020970956,4.477720013739915,53.93945856878242,"unbiased sample covariance, divisor n - 1, per-asset means subtracted",0.11872304461027736
60,430,ewma,regime_2,0.010242541509455893,0.000104909656572927,0.0001771950107909718,0.013311461632404301,1.1224797317191584,5.947143978455527,0.18364253648217502,0.33541611975430274,4.372748276462509,78.07187754326029,"exponentially weighted second moment about zero (no mean subtracted), newest observation weight 1, normalised to sum to 1",0.44110491981741384
60,430,shrinkage,regime_2,0.009938317025175052,9.87701452928843e-05,0.00017424733737560324,0.013200277927968155,1.0567900974220665,2.8002965667933477,0.11301742156039118,0.27368515913392016,4.9854638413200245,31.164313559345032,"Ledoit-Wolf (2004) linear shrinkage toward tr(S)/p * I, divisor T as in the paper's own derivation, intensity solved in closed form (not cross-validated)",0.10252689157705701
60,435,sample,regime_2,0.010302736255653326,0.00010614637435355354,0.00021047650248116114,0.014507808327971567,1.1357119801885354,6.569788410624855,0.18427730386229715,0.3238652920267647,4.231796249441447,58.60473276312621,"unbiased sample covariance, divisor n - 1, per-asset means subtracted",0.16282960145969785
60,435,ewma,regime_2,0.0106466415938908,0.00011335097722876563,0.00022711379600520346,0.015070295153221235,1.2127975504466892,10.127087968705005,0.26240881087762585,0.3678648035642326,4.230420283264612,63.76216705156989,"exponentially weighted second moment about zero (no mean subtracted), newest observation weight 1, normalised to sum to 1",0.20482581886933793
60,435,shrinkage,regime_2,0.010106335993253316,0.0001021380272085275,0.00019786530469995947,0.014066460276130576,1.0928247134205002,4.538256797236673,0.14572985387397291,0.296064761282272,4.885242120691953,34.93048611567786,"Ledoit-Wolf (2004) linear shrinkage toward tr(S)/p * I, divisor T as in the paper's own derivation, intensity solved in closed form (not cross-validated)",0.11682731518721418
60,440,sample,regime_2,0.009775802613093958,9.556631673017464e-05,0.0001636187169335702,0.012791353209632286,1.0225107684925638,1.1192745470696153,0.07869775702572336,0.28415869745852523,4.538410280918054,62.84520488950671,"unbiased sample covariance, divisor n - 1, per-asset means subtracted",0.3337266819830208
60,440,ewma,regime_2,0.010002242394309234,0.00010004485291451693,0.00016868109922266292,0.012987728793852408,1.0704288177829127,3.4615299414672673,0.12956071667791771,0.3035263186545128,4.432126246280753,78.43907056886053,"exponentially weighted second moment about zero (no mean subtracted), newest observation weight 1, normalised to sum to 1",0.5083106252460725
60,440,shrinkage,regime_2,0.009736800124095423,9.480527665658467e-05,0.00016637349037546643,0.012898584820648599,1.014368028486195,0.7158392948296344,0.05554653781563912,0.24348550614932635,5.0809184845207565,36.65444135455227,"Ledoit-Wolf (2004) linear shrinkage toward tr(S)/p * I, divisor T as in the paper's own derivation, intensity solved in closed form (not cross-validated)",0.24620476702557417
60,445,sample,regime_2,0.009804618744651319,9.6130548727968e-05,0.00015879867375217065,0.012601534579255443,1.0285477626282773,1.4173438139787553,0.0440403319665458,0.2814017790260705,4.731638065851642,52.67270778920049,"unbiased sample covariance, divisor n - 1, per-asset means subtracted",0.13856978762180056
60,445,ewma,regime_2,0.010198276463287668,0.00010400484282164723,0.00018833540876461073,0.01372353484946975,1.112798686808995,5.489273711074283,0.12012370816744675,0.3097774117188809,4.477077544909181,52.08949792726091,"exponentially weighted second moment about zero (no mean subtracted), newest observation weight 1, normalised to sum to 1",0.34728866664684055
60,445,shrinkage,regime_2,0.009789293684368086,9.58302708388089e-05,0.00016295000124173483,0.012765187082128284,1.0253349426127032,1.2588239420497693,0.057361035204061606,0.24300311236295818,5.109637485682764,31.109690569850915,"Ledoit-Wolf (2004) linear shrinkage toward tr(S)/p * I, divisor T as in the paper's own derivation, intensity solved in closed form (not cross-validated)",0.09207328535736664
60,450,sample,regime_2,0.009892177872216863,9.785518305557694e-05,0.00015937953978655637,0.012624560974012378,1.0470004688958117,2.323040850817737,0.07571501397743448,0.29106451131132144,4.498433895750014,58.1130230311296,"unbiased sample covariance, divisor n - 1, per-asset means subtracted",0.07993598554816697
60,450,ewma,regime_2,0.01048398824731534,0.00010991400956984617,0.00020256605053708523,0.014232570060852861,1.1760237522879893,8.444628833704314,0.11935222807152637,0.329974495452071,4.3423948607714165,60.25532190680948,"exponentially weighted second moment about zero (no mean subtracted), newest observation weight 1, normalised to sum to 1",0.29752706699266274
60,450,shrinkage,regime_2,0.00982954556194083,9.661996595427065e-05,0.00016735620197423537,0.012936622510309071,1.033784276928532,1.6751826616766774,0.06059448802104884,0.24483484171953968,5.029694593310285,32.51117409996315,"Ledoit-Wolf (2004) linear shrinkage toward tr(S)/p * I, divisor T as in the paper's own derivation, intensity solved in closed form (not cross-validated)",0.03707693667584733
60,455,sample,regime_2,0.00993205524061365,9.864572130260106e-05,0.00013451590259336968,0.011598099093962325,1.0554588242886398,2.7355257098847785,0.09590973550155577,0.30041684954179104,4.338610738635284,58.21841950487613,"unbiased sample covariance, divisor n - 1, per-asset means subtracted",0.05276131044406258
60,455,ewma,regime_2,0.0104397277306312,0.0001089879150897101,0.00012642371627696205,0.011243830142658775,1.166115014450428,7.986805418552301,0.20312536315504184,0.3633644019851267,3.582377326524714,83.62616348679687,"exponentially weighted second moment about zero (no mean subtracted), newest observation weight 1, normalised to sum to 1",0.30968814939535905
60,455,shrinkage,regime_2,0.0098393549691682,9.681290620929496e-05,0.00014284375330696824,0.011951725955148413,1.035848639092819,1.7766495367586232,0.0651234134986257,0.24616497457821593,4.979387213555065,31.919566097006552,"Ledoit-Wolf (2004) linear shrinkage toward tr(S)/p * I, divisor T as in the paper's own derivation, intensity solved in closed form (not cross-validated)",0.02863421399787691
60,460,sample,regime_2,0.010144957845385055,0.00010292016968463976,7.49840757361039e-05,0.008659334601232586,1.1011932383535923,4.937754805103034,0.18339009299012063,0.31761012830559515,3.7977550475328146,60.96411885857726,"unbiased sample covariance, divisor n - 1, per-asset means subtracted",0.1969198602252205
60,460,ewma,regime_2,0.010989406011893183,0.00012076704449423404,8.084868047380625e-05,0.008991589429784161,1.2921456816529675,13.672586037837963,0.24144743345726066,0.36684514012098707,3.303380580869752,92.47599010018888,"exponentially weighted second moment about zero (no mean subtracted), newest observation weight 1, normalised to sum to 1",0.14599515346664485
60,460,shrinkage,regime_2,0.009892079400526102,9.785323486631283e-05,7.010448794701818e-05,0.008372842286047085,1.0469796242659277,2.3220222760441667,0.12104668880735232,0.2682948786633283,4.455257174693868,34.578313008308406,"Ledoit-Wolf (2004) linear shrinkage toward tr(S)/p * I, divisor T as in the paper's own derivation, intensity solved in closed form (not cross-validated)",0.2042159749390535
60,465,sample,regime_2,0.010195197613132076,0.00010394205437081399,7.477808134900656e-05,0.00864743206674713,1.1121268824608666,5.457426597697057,0.18799337114207368,0.3136540183033188,3.82237329156557,57.8197934023597,"unbiased sample covariance, divisor n - 1, per-asset means subtracted",0.027302600755013996
60,465,ewma,regime_2,0.011112132322158913,0.00012347948474516882,6.773279603788976e-05,0.008229993683951997,1.3211674066746013,14.9420465571499,0.2196929465154923,0.3339730631414746,3.9057371002428676,76.33999070171035,"exponentially weighted second moment about zero (no mean subtracted), newest observation weight 1, normalised to sum to 1",0.2502828481352948
60,465,shrinkage,regime_2,0.00995971018014014,9.919582687238716e-05,7.07953411670286e-05,0.008413996741562752,1.0613446728612304,3.0215837997664474,0.13013501619470402,0.2697716460864457,4.424352102847907,34.31137210139542,"Ledoit-Wolf (2004) linear shrinkage toward tr(S)/p * I, divisor T as in the paper's own derivation, intensity solved in closed form (not cross-validated)",0.03223175450223195
60,470,sample,regime_2,0.010603941613933634,0.00011244357775171344,7.389008192536337e-05,0.00859593403449348,1.2030888395916917,9.685406485625592,0.19608208991915166,0.3067901543119064,3.812180709869171,69.39055212064807,"unbiased sample covariance, divisor n - 1, per-asset means subtracted",0.10797631319181411
60,470,ewma,regime_2,0.01168683455934705,0.00013658210201754854,7.885450647172514e-05,0.008880005995027545,1.4613587179529475,20.88667081001725,0.22342846837383754,0.3269202579685436,3.889341269145192,101.51500791476546,"exponentially weighted second moment about zero (no mean subtracted), newest observation weight 1, normalised to sum to 1",0.041391189159997545
60,470,shrinkage,regime_2,0.010351631775179159,0.00010715628040889883,7.196118385092286e-05,0.008482993802362634,1.1465174590652825,7.07555552343786,0.14229334923466616,0.2916389127038831,4.400476127268083,42.55903848136885,"Ledoit-Wolf (2004) linear shrinkage toward tr(S)/p * I, divisor T as in the paper's own derivation, intensity solved in closed form (not cross-validated)",0.10137909221435086
60,475,sample,regime_2,0.010518938958454193,0.00011064807681168538,9.010087541530927e-05,0.009492148092782227,1.1838778967738282,8.806153170389596,0.18612263765260406,0.3097236377185565,3.8633933041405712,63.25898617303393,"unbiased sample covariance, divisor n - 1, per-asset means subtracted",0.03902060190605786
60,475,ewma,regime_2,0.011529282896960362,0.00013292436411814273,9.841075178390085e-05,0.009920219341521682,1.4222227910026009,19.256982646828714,0.21719807910760128,0.3236478590255108,3.91273961910748,116.27144418403888,"exponentially weighted second moment about zero (no mean subtracted), newest observation weight 1, normalised to sum to 1",0.07921164108948192
60,475,shrinkage,regime_2,0.010261697543434613,0.00010530243647293198,9.009013587080902e-05,0.009491582369173699,1.1266822759956787,6.145290804428938,0.13002896593085222,0.29783804959572024,4.549618683329875,39.728590131973434,"Ledoit-Wolf (2004) linear shrinkage toward tr(S)/p * I, divisor T as in the paper's own derivation, intensity solved in closed form (not cross-validated)",0.06592446214978194
60,480,sample,regime_2,0.010211366406403998,0.00010427200388583612,8.647894678860166e-05,0.009299405722335253,1.1156571737152798,5.62467390317849,0.12709506874128207,0.3022470300976789,4.373861228841279,58.194604907213716,"unbiased sample covariance, divisor n - 1, per-asset means subtracted",0.1564255083622425
60,480,ewma,regime_2,0.01090248115843989,0.00011886409541013679,8.392753295287465e-05,0.009161197135357074,1.2717850985839736,12.773449826808703,0.15819935783082653,0.2849234276430693,4.7984393468327005,58.78036349573884,"exponentially weighted second moment about zero (no mean subtracted), newest observation weight 1, normalised to sum to 1",0.29972910340113934
60,480,shrinkage,regime_2,0.010112403950986544,0.00010226071366792827,8.757466038092708e-05,0.009358133381231915,1.0941373958611107,4.601022741706995,0.10276714354377245,0.29306583410182935,4.848811297018183,37.06449627725856,"Ledoit-Wolf (2004) linear shrinkage toward tr(S)/p * I, divisor T as in the paper's own derivation, intensity solved in closed form (not cross-validated)",0.10425625025988491
60,485,sample,regime_2,0.010503586534976088,0.00011032533009773098,7.66999922528796e-05,0.008757853176028906,1.1804246718112534,8.64735025812886,0.15977469020465618,0.3070393557447015,4.508561758824203,57.94926548230355,"unbiased sample covariance, divisor n - 1, per-asset means subtracted",0.15575827478126486
60,485,ewma,regime_2,0.011089226916386639,0.00012297095360311392,9.024380480051418e-05,0.009499673931273335,1.315726383240235,14.705116853618838,0.20447747511123676,0.2725947580201455,4.603416266550034,77.17430398596628,"exponentially weighted second moment about zero (no mean subtracted), newest observation weight 1, normalised to sum to 1",0.2617170564348534
60,485,shrinkage,regime_2,0.010403690996321263,0.00010823678634693612,7.570406597708127e-05,0.008700808351933816,1.1580783206205383,7.614047439009486,0.14050621714493675,0.2963140333193779,4.904416776066313,37.08959766273461,"Ledoit-Wolf (2004) linear shrinkage toward tr(S)/p * I, divisor T as in the paper's own derivation, intensity solved in closed form (not cross-validated)",0.11196125197808975
60,490,sample,regime_2,0.01078380193568947,0.00011629038418817995,8.741606942364848e-05,0.009349656112587696,1.244247703302001,11.545851706910227,0.17639741423547012,0.3181520017487052,4.050897702226632,56.10723883598781,"unbiased sample covariance, divisor n - 1, per-asset means subtracted",0.14590713995841895
60,490,ewma,regime_2,0.011007976651238713,0.00012117554995421667,8.540013062449218e-05,0.009241219109213468,1.2965164813877694,13.864677639194568,0.19192317068943313,0.3674333693794749,3.9118481955164777,88.74421191605848,"exponentially weighted second moment about zero (no mean subtracted), newest observation weight 1, normalised to sum to 1",0.2899868588025525
60,490,shrinkage,regime_2,0.010635220445622822,0.0001131079139269937,7.614475206073431e-05,0.008726096037789998,1.210196897287806,10.008949512655828,0.1444938338008239,0.2869690013275993,4.567722884140827,36.02978211821571,"Ledoit-Wolf (2004) linear shrinkage toward tr(S)/p * I, divisor T as in the paper's own derivation, intensity solved in closed form (not cross-validated)",0.11723439594784564
60,495,sample,regime_2,0.010916551999632729,0.00011917110756068535,0.00010720404122612211,0.01035393844032898,1.2750699717561846,12.918996265295624,0.19444940824576015,0.3370180350890323,3.848051607855214,64.48775485717348,"unbiased sample covariance, divisor n - 1, per-asset means subtracted",0.09991906226338541
60,495,ewma,regime_2,0.010435926941507159,0.00010890857112847497,7.864698652357655e-05,0.00886831362343352,1.1652660745984627,7.947490688689118,0.15822018002908225,0.3154552391736485,4.329674722862862,74.15226988298986,"exponentially weighted second moment about zero (no mean subtracted), newest observation weight 1, normalised to sum to 1",0.26845814258390055
60,495,shrinkage,regime_2,0.010781058292509998,0.0001162312179064986,9.552658861761058e-05,0.009773770440194028,1.2436146543133948,11.517471918681643,0.17949017917285218,0.30987243173303075,4.230352571984359,38.696270441873985,"Ledoit-Wolf (2004) linear shrinkage toward tr(S)/p * I, divisor T as in the paper's own derivation, intensity solved in closed form (not cross-validated)",0.11519346989556885
60,500,sample,regime_2,0.010659653646782778,0.00011362821586936938,0.00010932399894042331,0.010455811730345153,1.2157638622724338,10.26168247729733,0.16578742487749829,0.3284319332361667,4.162728522080659,65.41546403544375,"unbiased sample covariance, divisor n - 1, per-asset means subtracted",0.11246961517443008
60,500,ewma,regime_2,0.010341391418508546,0.00010694437647080219,9.591426734809144e-05,0.009793582967846418,1.1442501951798116,6.9696309790686195,0.17658215349507494,0.3473248513003839,4.232828727509033,77.83627059941995,"exponentially weighted second moment about zero (no mean subtracted), newest observation weight 1, normalised to sum to 1",0.16401303915370258
60,500,shrinkage,regime_2,0.010648554301473172,0.00011339170871142281,9.935174608354357e-05,0.009967534604080569,1.213233356503244,10.14687269746899,0.16317268841218815,0.2917199938658122,4.454589894755803,39.41021875978317,"Ledoit-Wolf (2004) linear shrinkage toward tr(S)/p * I, divisor T as in the paper's own derivation, intensity solved in closed form (not cross-validated)",0.08743094065808416
60,505,sample,regime_2,0.010881653181412808,0.0001184103759605515,0.00011493340258393158,0.010720699724548375,1.266930532258211,12.55800870032353,0.16816249136649483,0.2671310569508225,4.564644986562055,63.04927846341772,"unbiased sample covariance, divisor n - 1, per-asset means subtracted",0.14677865588013767
60,505,ewma,regime_2,0.010573870106385,0.00011180672902670236,0.00010087628141638561,0.010043718505433414,1.196274883571359,9.374351818484339,0.17751561287740975,0.24868383341170877,5.0113806266779175,44.9938492157917,"exponentially weighted second moment about zero (no mean subtracted), newest observation weight 1, normalised to sum to 1",0.2405474918019485
60,505,shrinkage,regime_2,0.010904512026533902,0.00011890838253682251,0.00011126126692532709,0.010548045644825732,1.2722589482152156,12.79445678823119,0.16884011528331758,0.25811346572035565,4.789518243224745,38.12692735037188,"Ledoit-Wolf (2004) linear shrinkage toward tr(S)/p * I, divisor T as in the paper's own derivation, intensity solved in closed form (not cross-validated)",0.12233184218679821
60,510,sample,regime_2,0.010903664514767446,0.0001188898998505988,9.620232684043444e-05,0.009808278485057121,1.2720611929145926,12.7856902676307,0.17618524459871238,0.2529416620614016,4.625124116630408,59.58285242744916,"unbiased sample covariance, divisor n - 1, per-asset means subtracted",0.08401100299948658
60,510,ewma,regime_2,0.010207125527471758,0.00010418541153356561,7.682443932913802e-05,0.008764955181239549,1.1147306797821122,5.580806957614803,0.16793945661690635,0.3045632474536078,4.942008966461339,49.48258975041122,"exponentially weighted second moment about zero (no mean subtracted), newest observation weight 1, normalised to sum to 1",0.36626279194119293
60,510,shrinkage,regime_2,0.010891669115421486,0.00011862845611982628,9.19686721116467e-05,0.009590029828506619,1.2692638785551351,12.661611854044374,0.15409662018167272,0.23764875073071826,5.054660516855992,36.20696157132587,"Ledoit-Wolf (2004) linear shrinkage toward tr(S)/p * I, divisor T as in the paper's own derivation, intensity solved in closed form (not cross-validated)",0.10726510321566735
60,515,sample,regime_2,0.01093262065555893,0.00011952219439835379,0.00018178530718571413,0.013482778170158928,1.2788264215648089,13.085207766745889,0.18879952637531122,0.2893052030018085,4.4068609769487965,58.39996930201598,"unbiased sample covariance, divisor n - 1, per-asset means subtracted",0.14518682239179442
60,515,ewma,regime_2,0.010665238043808737,0.00011374730253110522,0.00016520847394560856,0.012853344854379679,1.2170380287170037,10.319446550325107,0.23968336534134638,0.337349349606489,3.9319391495737683,58.84404051495818,"exponentially weighted second moment about zero (no mean subtracted), newest observation weight 1, normalised to sum to 1",0.3057717822136873
60,515,shrinkage,regime_2,0.010949802327432302,0.00011989817100984185,0.000171155617141661,0.01308264564763798,1.2828491792382402,13.262932119835224,0.1734694233813521,0.25925190482390403,4.7791298266339615,36.81050319103133,"Ledoit-Wolf (2004) linear shrinkage toward tr(S)/p * I, divisor T as in the paper's own derivation, intensity solved in closed form (not cross-validated)",0.1425526002554517
60,520,sample,regime_2,0.0106174053114438,0.000112729295547475,0.00016083705241475726,0.012682154880569676,1.206145874046007,9.824672730949068,0.1802400853191521,0.2693079692590251,4.83650495766963,58.90564604277236,"unbiased sample covariance, divisor n - 1, per-asset means subtracted",0.13280736637345722
60,520,ewma,regime_2,0.010448097274468127,0.00010916273665674829,0.00012582395564958592,0.0112171277807461,1.167985515909284,8.073378586462464,0.2688623268363327,0.27121772881527456,4.234750227765495,87.99915544324935,"exponentially weighted second moment about zero (no mean subtracted), newest observation weight 1, normalised to sum to 1",0.3838152240142709
60,520,shrinkage,regime_2,0.010617064771732191,0.00011272206436715673,0.0001496481477606842,0.01223307597297933,1.2060685041106853,9.821150244872467,0.15727319887964072,0.25129264375352633,5.232619357588213,35.66536608843281,"Ledoit-Wolf (2004) linear shrinkage toward tr(S)/p * I, divisor T as in the paper's own derivation, intensity solved in closed form (not cross-validated)",0.12719832717736196
125,0,sample,regime_1,0.0073190735836769875,5.35688381232783e-05,9.892484474701299e-05,0.009946096960467105,1.004596796570727,0.22957630214381908,0.024057845365691517,0.18971789208975684,6.460460639503124,21.55249232511894,"unbiased sample covariance, divisor n - 1, per-asset means subtracted",0.0
125,0,ewma,regime_1,0.007385242881305163,5.454181241586858e-05,0.00010068362144929504,0.010034122854006474,1.0228433535565713,1.1357183964484152,0.05626450156613624,0.21371735019521998,6.172156858951827,52.76867467194503,"exponentially weighted second moment about zero (no mean subtracted), newest observation weight 1, normalised to sum to 1",0.0
125,0,shrinkage,regime_1,0.007318645673277622,5.356257449098526e-05,9.913523556515312e-05,0.009956667894690126,1.0044793322919237,0.22371636952620566,0.02270952868312841,0.1847470544331236,6.53671382239943,16.471989101032875,"Ledoit-Wolf (2004) linear shrinkage toward tr(S)/p * I, divisor T as in the paper's own derivation, intensity solved in closed form (not cross-validated)",0.0
125,5,sample,regime_1,0.007396901418237499,5.471415059112393e-05,8.198537365260702e-05,0.00905457749718931,1.0260752769070451,1.2953738779340807,0.062166806769586115,0.2217092502578397,6.2566405809317525,22.855501206168107,"unbiased sample covariance, divisor n - 1, per-asset means subtracted",0.11856654761515553
125,5,ewma,regime_1,0.008243961470769876,6.796290073153821e-05,9.50053048788027e-05,0.009747066475550615,1.2745341275357738,12.895266842138863,0.23101017535167193,0.35035849630466614,4.560740905373371,52.67815289847255,"exponentially weighted second moment about zero (no mean subtracted), newest observation weight 1, normalised to sum to 1",0.5181749654659926
125,5,shrinkage,regime_1,0.0073826679498122496,5.4503786057185003e-05,8.140537579532389e-05,0.009022492770588619,1.0221302307886133,1.100456516704873,0.05387719235141154,0.21083350396982992,6.433275378266493,17.07266010726748,"Ledoit-Wolf (2004) linear shrinkage toward tr(S)/p * I, divisor T as in the paper's own derivation, intensity solved in closed form (not cross-validated)",0.10969726148629061
125,10,sample,regime_1,0.007382406038121423,5.449991891169165e-05,8.826402255653033e-05,0.00939489342975908,1.0220577087382832,1.0968698199050664,0.051553984993183484,0.21326308233857,6.214171493213909,22.396217333098452,"unbiased sample covariance, divisor n - 1, per-asset means subtracted",0.048227660216163745
125,10,ewma,regime_1,0.007919075078337503,6.271175009634611e-05,9.661789989473246e-05,0.009829440467022141,1.1760573023658072,8.446175698629755,0.1825437450048016,0.30920885065455816,4.93147122573213,44.81981355942307,"exponentially weighted second moment about zero (no mean subtracted), newest observation weight 1, normalised to sum to 1",0.3257444879724829
125,10,shrinkage,regime_1,0.007360391178744607,5.4175358304141425e-05,8.65124697532896e-05,0.009301207972800608,1.015971100216223,0.795391770468501,0.04398292618252625,0.20602581582703242,6.323077971118671,16.778916542508778,"Ledoit-Wolf (2004) linear shrinkage toward tr(S)/p * I, divisor T as in the paper's own derivation, intensity solved in closed form (not cross-validated)",0.04896624157482883
125,15,sample,regime_1,0.007372919372157141,5.435994006833006e-05,6.481526335211366e-05,0.008050792715758719,1.0194326322468887,0.9669565871373909,0.057893259368071125,0.2212260765969769,6.453028604046512,22.259943634211087,"unbiased sample covariance, divisor n - 1, per-asset means subtracted",0.10020777959901966
125,15,ewma,regime_1,0.008455929438246404,7.150274266460213e-05,7.23771143964995e-05,0.00850747403149134,1.3409181297076902,15.798019400492791,0.26011004055266906,0.3842142594531269,4.658770365417285,33.01483519088944,"exponentially weighted second moment about zero (no mean subtracted), newest observation weight 1, normalised to sum to 1",0.5387785339317462
125,15,shrinkage,regime_1,0.00736517352630203,5.424578107254028e-05,6.468212418701217e-05,0.008042519766031798,1.0172917651777502,0.8608826640809308,0.052156781606517745,0.21182647541998828,6.537829280512137,16.276001925929208,"Ledoit-Wolf (2004) linear shrinkage toward tr(S)/p * I, divisor T as in the paper's own derivation, intensity solved in closed form (not cross-validated)",0.08514851556548805
125,20,sample,regime_1,0.007379025965194741,5.4450024195018183e-05,4.918426538468873e-05,0.007013149462594443,1.021122014138736,1.0505820932633636,0.06436525832800691,0.21039266090817513,6.417625844499338,24.908559296386034,"unbiased sample covariance, divisor n - 1, per-asset means subtracted",0.09844669047968778
125,20,ewma,regime_1,0.008575689061170417,7.354244287387796e-05,5.4902680161651844e-05,0.007409634279885334,1.379169403545058,17.43804339076234,0.2931831532776526,0.408053337158746,4.248366578354825,31.546545026038803,"exponentially weighted second moment about zero (no mean subtracted), newest observation weight 1, normalised to sum to 1",0.16949077644367264
125,20,shrinkage,regime_1,0.007370311875119391,5.432149713652591e-05,4.884739780310028e-05,0.006989091343164737,1.0187116973247545,0.9312487451113682,0.05747703678918631,0.20347482442255052,6.511979347778921,18.12445362652307,"Ledoit-Wolf (2004) linear shrinkage toward tr(S)/p * I, divisor T as in the paper's own derivation, intensity solved in closed form (not cross-validated)",0.0775524732382391
125,25,sample,regime_1,0.007400451113742857,5.476667668689789e-05,4.700906862268708e-05,0.006856315965785641,1.0270603187597254,1.343984466751924,0.07055388806478557,0.23210961577034928,6.458108298991274,25.278922377781647,"unbiased sample covariance, divisor n - 1, per-asset means subtracted",0.1129766803769743
125,25,ewma,regime_1,0.008655230615162303,7.491301700164283e-05,7.464867025014402e-05,0.008639946194863949,1.4048723014695321,18.52730915150027,0.3130609573651463,0.433012545118479,3.9549766541151836,30.52781179829728,"exponentially weighted second moment about zero (no mean subtracted), newest observation weight 1, normalised to sum to 1",0.1324253049399848
125,25,shrinkage,regime_1,0.007390725348252784,5.462282117330624e-05,4.586504615033233e-05,0.006772373745617731,1.0243625415969908,1.2107969337753266,0.06342204868059971,0.22151424364699873,6.547992056045566,18.522398977416643,"Ledoit-Wolf (2004) linear shrinkage toward tr(S)/p * I, divisor T as in the paper's own derivation, intensity solved in closed form (not cross-validated)",0.09351849051223089
125,30,sample,regime_1,0.007410673753714362,5.491808548399092e-05,4.3620546267250434e-05,0.006604585245664593,1.0298997455209002,1.4839763470519518,0.07589285558325913,0.23664897001794694,6.417793352768508,27.65968582350496,"unbiased sample covariance, divisor n - 1, per-asset means subtracted",0.03897134106398022
125,30,ewma,regime_1,0.008365708226532985,6.998507413148165e-05,7.127594256033463e-05,0.00844250807286168,1.3124567144512989,14.562503222097023,0.27128778991482677,0.3807661592406323,4.52636095044946,46.32054048602517,"exponentially weighted second moment about zero (no mean subtracted), newest observation weight 1, normalised to sum to 1",0.16543354173419395
125,30,shrinkage,regime_1,0.00739742102118022,5.472183776459902e-05,4.29427496525006e-05,0.006553071772268377,1.0262194373950881,1.3024894755843563,0.06732218267781429,0.22600968895090864,6.515944609934067,20.577967741692436,"Ledoit-Wolf (2004) linear shrinkage toward tr(S)/p * I, divisor T as in the paper's own derivation, intensity solved in closed form (not cross-validated)",0.03211127534505759
125,35,sample,regime_1,0.007370776039285316,5.432833942130254e-05,3.9314880709303036e-05,0.00627015794931061,1.0188400132936768,0.9376051476196023,0.05874221975236814,0.20817137393428167,6.561012983728315,31.486799484277913,"unbiased sample covariance, divisor n - 1, per-asset means subtracted",0.0692376480109526
125,35,ewma,regime_1,0.007788436926553201,6.065974975889747e-05,4.925835849303631e-05,0.007018429916515254,1.1375753595463836,6.657177890022181,0.1788625844913663,0.2792580488340465,5.578158993419851,74.90324113261268,"exponentially weighted second moment about zero (no mean subtracted), newest observation weight 1, normalised to sum to 1",0.3509454843665353
125,35,shrinkage,regime_1,0.007367741637482788,5.4283616836697546e-05,3.948142436535521e-05,0.0062834245730616686,1.0180013136540627,0.8960511444358943,0.05309834640676648,0.2016724600602024,6.634078189058423,23.21527034749861,"Ledoit-Wolf (2004) linear shrinkage toward tr(S)/p * I, divisor T as in the paper's own derivation, intensity solved in closed form (not cross-validated)",0.056924070457438455
125,40,sample,regime_1,0.007425709741723453,5.5141165168326586e-05,3.6455731138472725e-05,0.006037858158194239,1.0340832436910097,1.6898836507845294,0.0765046853167577,0.19719451269210356,6.481241915522983,32.4774005249371,"unbiased sample covariance, divisor n - 1, per-asset means subtracted",0.09223099903224845
125,40,ewma,regime_1,0.00833330919687427,6.944404217070927e-05,6.397502902341483e-05,0.007998439161699913,1.3023105363060217,14.118821248119339,0.20618335234174395,0.23548088051570304,5.194018984942463,76.48410694659047,"exponentially weighted second moment about zero (no mean subtracted), newest observation weight 1, normalised to sum to 1",0.4881478716253682
125,40,shrinkage,regime_1,0.007412004053400012,5.4937804087618205e-05,3.5934274718971725e-05,0.005994520391071476,1.030269535994818,1.502193867660706,0.06727994857605869,0.19269470200473793,6.584080488103921,23.84358934930547,"Ledoit-Wolf (2004) linear shrinkage toward tr(S)/p * I, divisor T as in the paper's own derivation, intensity solved in closed form (not cross-validated)",0.07804668298925045
125,45,sample,regime_1,0.007420603327567037,5.5065353745098984e-05,3.2071463824977624e-05,0.005663167296220166,1.0326615232358702,1.6199548925244445,0.0837837426690367,0.2006592027180096,6.4588487029081385,32.354755721830195,"unbiased sample covariance, divisor n - 1, per-asset means subtracted",0.06242385221276982
125,45,ewma,regime_1,0.007813277235593195,6.104730116023884e-05,3.661922578429632e-05,0.006051382138346274,1.144843258383354,6.99734848973379,0.18605485861669513,0.2954517957646836,5.652879373976235,52.88416661728816,"exponentially weighted second moment about zero (no mean subtracted), newest observation weight 1, normalised to sum to 1",0.4246868907846349
125,45,shrinkage,regime_1,0.007407009965019412,5.486379662189686e-05,3.1486423188100146e-05,0.00561127643126768,1.0288816458409398,1.4338033320717036,0.07221625947041539,0.19325881985172585,6.5787310309400935,24.063402041426457,"Ledoit-Wolf (2004) linear shrinkage toward tr(S)/p * I, divisor T as in the paper's own derivation, intensity solved in closed form (not cross-validated)",0.054394068652367594
125,50,sample,regime_1,0.0074226404443825745,5.509559116658395e-05,3.5892855572794464e-05,0.0059910646443511574,1.0332285771019714,1.6478517776923551,0.0916557069284958,0.20396084751468022,6.318369403911103,31.846298874139887,"unbiased sample covariance, divisor n - 1, per-asset means subtracted",0.04046767131398901
125,50,ewma,regime_1,0.007715418978985375,5.9527690021287736e-05,4.2286013865666016e-05,0.006502769707260592,1.1163454127009387,5.657248341083476,0.17256517129693308,0.27365495649477806,5.455440959404262,36.250255937582004,"exponentially weighted second moment about zero (no mean subtracted), newest observation weight 1, normalised to sum to 1",0.1801918804678856
125,50,shrinkage,regime_1,0.007400627736484823,5.476929089402847e-05,3.541987221192285e-05,0.00595145967069616,1.0271093439803753,1.3464031912516994,0.07681300684694144,0.19906548092183798,6.468114482991952,24.2781600605086,"Ledoit-Wolf (2004) linear shrinkage toward tr(S)/p * I, divisor T as in the paper's own derivation, intensity solved in closed form (not cross-validated)",0.0362928187873202
125,55,sample,regime_1,0.007393835926255886,5.466880970439224e-05,3.9652641865674326e-05,0.006297034370691836,1.025224982012474,1.2533941165664642,0.08014604895836738,0.20097691473251073,6.354265227885795,29.856482558885233,"unbiased sample covariance, divisor n - 1, per-asset means subtracted",0.02781381177149196
125,55,ewma,regime_1,0.0075135434183840845,5.645333469994279e-05,4.520895605466604e-05,0.006723760558992716,1.0586908580093521,2.892704212172026,0.11108272062527333,0.23042203750890294,5.969930263634991,21.558676853446464,"exponentially weighted second moment about zero (no mean subtracted), newest observation weight 1, normalised to sum to 1",0.13241720487853456
125,55,shrinkage,regime_1,0.007376826389345201,5.4417567578539754e-05,3.8724663051791556e-05,0.006222914353563896,1.0205133428648376,1.0204604456363287,0.06636179284382751,0.19664394768899113,6.492608166800054,22.318180155959524,"Ledoit-Wolf (2004) linear shrinkage toward tr(S)/p * I, divisor T as in the paper's own derivation, intensity solved in closed form (not cross-validated)",0.025077053317516695
125,60,sample,regime_1,0.0074211611344732155,5.507363258381578e-05,2.487772089868318e-05,0.004987757101010752,1.0328167794472347,1.6275936666432456,0.08063581074248319,0.2134146789686677,6.423035182752365,30.840026704680387,"unbiased sample covariance, divisor n - 1, per-asset means subtracted",0.062385077023198815
125,60,ewma,regime_1,0.007515117752818079,5.647699483872145e-05,2.6320588127941586e-05,0.005130359454067676,1.059134565591151,2.91426361739906,0.08310645532984995,0.19511586317467638,6.58238050677104,30.17272995540214,"exponentially weighted second moment about zero (no mean subtracted), newest observation weight 1, normalised to sum to 1",0.29231608893335814
125,60,shrinkage,regime_1,0.0074070043385025715,5.4863713270595914e-05,2.4663109739400016e-05,0.004966196707682854,1.0288800827222901,1.4337262808721718,0.07039188560625687,0.20637641267919435,6.537449306992452,22.96284100387742,"Ledoit-Wolf (2004) linear shrinkage toward tr(S)/p * I, divisor T as in the paper's own derivation, intensity solved in closed form (not cross-validated)",0.050565610057887234
125,65,sample,regime_1,0.0074104015763613055,5.491405152293813e-05,3.9208258985957566e-05,0.0062616498613350755,1.029824095114935,1.4802490692122028,0.07279160835997821,0.21093915068906022,6.43919303150239,31.745619243967468,"unbiased sample covariance, divisor n - 1, per-asset means subtracted",0.033667226078285234
125,65,ewma,regime_1,0.00769560549049908,5.9222343865399584e-05,3.924794866597914e-05,0.006264818326653945,1.1106191400992351,5.385916521100453,0.12122647881179534,0.2205129857378869,6.003359167173546,31.780522465822003,"exponentially weighted second moment about zero (no mean subtracted), newest observation weight 1, normalised to sum to 1",0.16944968547089867
125,65,shrinkage,regime_1,0.007399918492541621,5.4758793696259466e-05,3.941735412698054e-05,0.006278324149562568,1.026912486037938,1.3366905931873063,0.06435820289792535,0.20463317239105205,6.5413747513422,23.392693103538694,"Ledoit-Wolf (2004) linear shrinkage toward tr(S)/p * I, divisor T as in the paper's own derivation, intensity solved in closed form (not cross-validated)",0.0291298194903485
125,70,sample,regime_1,0.007456012753889655,5.55921261861652e-05,4.042607137178442e-05,0.006358149996011766,1.0425402871844,2.104862136158814,0.09070254709566611,0.22672687399263589,6.283140510583734,28.819388894679278,"unbiased sample covariance, divisor n - 1, per-asset means subtracted",0.04830119978429094
125,70,ewma,regime_1,0.007835381063234084,6.139319640608728e-05,5.2164253420050465e-05,0.007222482497040091,1.1513299634921845,7.300044897110114,0.11707623607724364,0.23949689568188773,5.947660737229028,21.922035291766733,"exponentially weighted second moment about zero (no mean subtracted), newest observation weight 1, normalised to sum to 1",0.3091510790610487
125,70,shrinkage,regime_1,0.007433809131508613,5.526151820370083e-05,4.04330741619507e-05,0.006358700666169992,1.0363402699404176,1.8007991098506926,0.07830930648991113,0.21833640891856312,6.423647026104901,21.397816275603432,"Ledoit-Wolf (2004) linear shrinkage toward tr(S)/p * I, divisor T as in the paper's own derivation, intensity solved in closed form (not cross-validated)",0.04146088693100117
125,75,sample,regime_1,0.0074294361774169095,5.5196521914311185e-05,4.337667486288212e-05,0.006586097088783472,1.0351213698037458,1.7409145724445407,0.08272320021227124,0.21411225308055812,6.395909867067922,29.00795308957075,"unbiased sample covariance, divisor n - 1, per-asset means subtracted",0.028145209036609567
125,75,ewma,regime_1,0.008073157810954527,6.51758770405761e-05,6.7397035026327e-05,0.008209569722362252,1.2222680121971512,10.556230588653449,0.16951817637612873,0.25347836701438486,6.137625469637338,34.903164761709355,"exponentially weighted second moment about zero (no mean subtracted), newest observation weight 1, normalised to sum to 1",0.2621573025136365
125,75,shrinkage,regime_1,0.007414685396286294,5.4977559525901244e-05,4.4155334850972674e-05,0.0066449480698477,1.031015084850171,1.5389129767583665,0.0723221573025321,0.20706451008028298,6.51342330974198,21.465565109624787,"Ledoit-Wolf (2004) linear shrinkage toward tr(S)/p * I, divisor T as in the paper's own derivation, intensity solved in closed form (not cross-validated)",0.024714421633148673
125,80,sample,regime_1,0.007443064354826652,5.5399206990091086e-05,6.797709885314102e-05,0.008244822548311215,1.0389224001223911,1.9275428980013665,0.08402669047190736,0.210645596965352,6.469480503464104,26.739068753143393,"unbiased sample covariance, divisor n - 1, per-asset means subtracted",0.030808807217491074
125,80,ewma,regime_1,0.007762185297678253,6.025152059549243e-05,8.039110903989713e-05,0.008966108913006641,1.1299196827725162,6.297680255615923,0.12440617049208429,0.23512305779079984,6.446669649655153,23.064354256864203,"exponentially weighted second moment about zero (no mean subtracted), newest observation weight 1, normalised to sum to 1",0.23263039413900652
125,80,shrinkage,regime_1,0.007430933208798657,5.521876835362671e-05,6.893762965975147e-05,0.008302868760841128,1.035538565741803,1.7614153666212884,0.07519524479521865,0.20407683031630355,6.571937797477732,20.34129187840077,"Ledoit-Wolf (2004) linear shrinkage toward tr(S)/p * I, divisor T as in the paper's own derivation, intensity solved in closed form (not cross-validated)",0.026581873717748714
125,85,sample,regime_1,0.007440073863247946,5.535469909058522e-05,5.895450858388841e-05,0.007678183937878045,1.0380877265540978,1.8865902145173141,0.07941192711530189,0.2353712776135223,6.4005458811868134,26.17021269254673,"unbiased sample covariance, divisor n - 1, per-asset means subtracted",0.10032332327424408
125,85,ewma,regime_1,0.007907247065617299,6.252455615671337e-05,6.70776106551289e-05,0.008190092225068587,1.1725467832154808,8.284199365165046,0.19663980268269324,0.3124870011024198,5.262814558375986,32.72948477074868,"exponentially weighted second moment about zero (no mean subtracted), newest observation weight 1, normalised to sum to 1",0.3140432877969507
125,85,shrinkage,regime_1,0.00742493955120505,5.512972733904905e-05,5.949789598865365e-05,0.007713487926266149,1.0338687457281177,1.6793364321442406,0.07102256672755036,0.22463781123745366,6.505414893350833,20.218591654642516,"Ledoit-Wolf (2004) linear shrinkage toward tr(S)/p * I, divisor T as in the paper's own derivation, intensity solved in closed form (not cross-validated)",0.08323466467580773
125,90,sample,regime_1,0.0074762278975542,5.589398357616769e-05,5.345974836313217e-05,0.007311617356175867,1.0482011336324757,2.381694341931828,0.09545030328829211,0.25560178924246374,6.222299470153755,26.23021507081244,"unbiased sample covariance, divisor n - 1, per-asset means subtracted",0.056266072875455236
125,90,ewma,regime_1,0.00800969363033901,6.415519205189331e-05,6.033848916183725e-05,0.0077677853447322585,1.2031267183804206,9.687133173422868,0.2278148130766414,0.36466092866619,4.816689720833373,29.696853172295807,"exponentially weighted second moment about zero (no mean subtracted), newest observation weight 1, normalised to sum to 1",0.17886575442280034
125,90,shrinkage,regime_1,0.007446242399670806,5.5446525874655234e-05,5.374531486155959e-05,0.007331119618554835,1.0398097891626583,1.9710639918333994,0.08234152956774488,0.24099378409438676,6.375049901680223,20.116140399023358,"Ledoit-Wolf (2004) linear shrinkage toward tr(S)/p * I, divisor T as in the paper's own derivation, intensity solved in closed form (not cross-validated)",0.04414157649735519
125,95,sample,regime_1,0.0074995636883280455,5.624345551528856e-05,5.796575178270858e-05,0.007613524268215646,1.0547549138306618,2.7012616198390127,0.10737520908601192,0.26610505605282075,6.055119043123067,23.45723900496275,"unbiased sample covariance, divisor n - 1, per-asset means subtracted",0.05956387542986631
125,95,ewma,regime_1,0.008108151967407747,6.574212832657812e-05,6.743225438106354e-05,0.008211714460516972,1.2328871379407895,11.035451002857165,0.23736216109650873,0.3493544020345541,4.836463279280767,26.237130936936857,"exponentially weighted second moment about zero (no mean subtracted), newest observation weight 1, normalised to sum to 1",0.377025127240764
125,95,shrinkage,regime_1,0.007455852946947224,5.558974316650162e-05,5.7692812283226856e-05,0.007595578469295598,1.0424955975102523,2.1026736922325595,0.08990707113961541,0.24854997645668458,6.258977412306827,18.232783154051518,"Ledoit-Wolf (2004) linear shrinkage toward tr(S)/p * I, divisor T as in the paper's own derivation, intensity solved in closed form (not cross-validated)",0.04758004866319364
125,100,sample,regime_1,0.00760085494864129,5.77729959502848e-05,5.024679950359215e-05,0.007088497690173295,1.0834389673784819,4.088374344999823,0.13279708863355247,0.28273293768889185,5.6949188640584705,23.406924278736884,"unbiased sample covariance, divisor n - 1, per-asset means subtracted",0.09843793132900037
125,100,ewma,regime_1,0.00828414404883608,6.862704262186622e-05,7.059151723832655e-05,0.008401875816645147,1.286989033015645,13.445539049168653,0.2628806612914806,0.34334430911006864,4.515830816289366,25.33044262893972,"exponentially weighted second moment about zero (no mean subtracted), newest observation weight 1, normalised to sum to 1",0.14643767680299652
125,100,shrinkage,regime_1,0.007514032541556576,5.6460685035571174e-05,4.891294987576123e-05,0.006993779369965944,1.0588287016491376,2.8994024107592997,0.10709893830442119,0.25926209801880773,5.997465564039707,18.054377970639422,"Ledoit-Wolf (2004) linear shrinkage toward tr(S)/p * I, divisor T as in the paper's own derivation, intensity solved in closed form (not cross-validated)",0.08088178771379877
125,105,sample,regime_1,0.007589807554944555,5.760517872109344e-05,5.911388460919663e-05,0.007688555430586205,1.0802918270491166,3.937088041233694,0.12797646571742505,0.2785547500452861,5.778330699230384,22.209798992503398,"unbiased sample covariance, divisor n - 1, per-asset means subtracted",0.027704194992942174
125,105,ewma,regime_1,0.007956152840175111,6.33003680162265e-05,6.933925771818388e-05,0.008327019738068589,1.1870958781018563,8.953929626326751,0.20127441914957353,0.28586233107994746,5.606346694037685,19.625231147481156,"exponentially weighted second moment about zero (no mean subtracted), newest observation weight 1, normalised to sum to 1",0.2575839227367208
125,105,shrinkage,regime_1,0.007508838268715574,5.6382652145727506e-05,5.785834959481887e-05,0.007606467616102685,1.0573653211855982,2.828270489471829,0.10289035260176667,0.2548659157172341,6.0748622007376545,17.078588838908413,"Ledoit-Wolf (2004) linear shrinkage toward tr(S)/p * I, divisor T as in the paper's own derivation, intensity solved in closed form (not cross-validated)",0.02580711052960924
125,110,sample,regime_1,0.007625449405858617,5.814747864130954e-05,9.277865603094833e-05,0.009632167774231735,1.0904617837201185,4.425178176535494,0.13712188711451587,0.29005064906565026,5.752689374750128,22.49384566440935,"unbiased sample covariance, divisor n - 1, per-asset means subtracted",0.05923419099329824
125,110,ewma,regime_1,0.007951945312315984,6.323343425006415e-05,0.0001049190809865974,0.01024300156138802,1.1858406437263345,8.896310485081838,0.20384215254150478,0.32464307144385934,5.333583841215527,20.245617905068574,"exponentially weighted second moment about zero (no mean subtracted), newest observation weight 1, normalised to sum to 1",0.15126593983498748
125,110,shrinkage,regime_1,0.007533331145780056,5.6751078151979855e-05,8.904832826652589e-05,0.009436542177435859,1.064274554214,3.1636832521018565,0.10936862221224407,0.26295817074125577,6.084054587763349,17.09186501924216,"Ledoit-Wolf (2004) linear shrinkage toward tr(S)/p * I, divisor T as in the paper's own derivation, intensity solved in closed form (not cross-validated)",0.04919429457195146
125,115,sample,regime_1,0.007674179487686259,5.889303080922453e-05,8.369000809989637e-05,0.009148224314034739,1.1044434071004898,5.09250244905628,0.13545748561226856,0.2750012956072785,5.8707926612985,23.36955884416563,"unbiased sample covariance, divisor n - 1, per-asset means subtracted",0.05826026463896193
125,115,ewma,regime_1,0.008105571495081487,6.570028926187752e-05,8.664824050958266e-05,0.009308503666518194,1.2321025140467075,11.000113245289423,0.1576051920588512,0.21515982386118807,6.159107391236979,24.300337283962588,"exponentially weighted second moment about zero (no mean subtracted), newest observation weight 1, normalised to sum to 1",0.4349003346018254
125,115,shrinkage,regime_1,0.007590348206566842,5.761338589693247e-05,8.029280687169306e-05,0.008960625361641512,1.0804457393392768,3.944491885778967,0.11211721084884016,0.2509743362412627,6.160081416822596,17.763020574613858,"Ledoit-Wolf (2004) linear shrinkage toward tr(S)/p * I, divisor T as in the paper's own derivation, intensity solved in closed form (not cross-validated)",0.04989114473624641
125,120,sample,regime_1,0.007668212398313063,5.880148138564217e-05,7.882667002325725e-05,0.008878438490143255,1.1027265459386502,5.01078734771252,0.13524087279170982,0.27507480396308354,5.852935429941909,21.714231835724465,"unbiased sample covariance, divisor n - 1, per-asset means subtracted",0.023762793345362965
125,120,ewma,regime_1,0.007924309272567653,6.27946774473017e-05,7.023059344629797e-05,0.008380369529221129,1.1776124705202176,8.517854315325323,0.14341244793841065,0.23297496255377098,6.062905724467467,33.80648930848812,"exponentially weighted second moment about zero (no mean subtracted), newest observation weight 1, normalised to sum to 1",0.23470910516165894
125,120,shrinkage,regime_1,0.007586477035727232,5.755463381361665e-05,7.638720422763545e-05,0.008739977358531053,1.0793439391741304,3.891478917865565,0.11228347621680514,0.2514055659392065,6.1397840710266465,16.863945835496228,"Ledoit-Wolf (2004) linear shrinkage toward tr(S)/p * I, divisor T as in the paper's own derivation, intensity solved in closed form (not cross-validated)",0.017410659089591857
125,125,sample,regime_1,0.007677948137285947,5.895088759885274e-05,6.180991237587769e-05,0.007861928031715738,1.105528417482582,5.144111460536949,0.13068393456648153,0.2658355493595362,5.894952027293028,19.264356545802464,"unbiased sample covariance, divisor n - 1, per-asset means subtracted",0.044016616671629746
125,125,ewma,regime_1,0.008207483676731853,6.73627883038198e-05,4.112862895855793e-05,0.006413160606016189,1.2632799909222299,12.395729052407955,0.20905563799472007,0.27547421234472813,5.270615547631494,24.64451622413372,"exponentially weighted second moment about zero (no mean subtracted), newest observation weight 1, normalised to sum to 1",0.29185481862127266
125,125,shrinkage,regime_1,0.007601318260391036,5.7780039295754204e-05,5.9090620931513345e-05,0.0076870424046907235,1.0835710539150505,4.094719074266706,0.11016619854791813,0.24377501418309888,6.15714934690855,14.816590089621002,"Ledoit-Wolf (2004) linear shrinkage toward tr(S)/p * I, divisor T as in the paper's own derivation, intensity solved in closed form (not cross-validated)",0.03898918602263961
125,130,sample,regime_1,0.0075485544110885225,5.6980673697163994e-05,3.751081588448353e-05,0.006124607406559504,1.0685802468009495,3.37215518702072,0.09144873633204945,0.2125911875578169,6.310393907729912,19.212212485698874,"unbiased sample covariance, divisor n - 1, per-asset means subtracted",0.14158209783073522
125,130,ewma,regime_1,0.008649482573230973,7.481354878462629e-05,5.875575499223332e-05,0.0076652302634841515,1.4030069361624584,18.44859375114836,0.2806470975125536,0.3302203740843975,4.28121982537388,27.895109255228288,"exponentially weighted second moment about zero (no mean subtracted), newest observation weight 1, normalised to sum to 1",0.25334559182601235
125,130,shrinkage,regime_1,0.00752036080218071,5.655582659497609e-05,3.7805768152551605e-05,0.006148639536722868,1.0606129275003493,2.9860634989195667,0.08353453487113133,0.20530352050028242,6.441589371551576,14.765067725982382,"Ledoit-Wolf (2004) linear shrinkage toward tr(S)/p * I, divisor T as in the paper's own derivation, intensity solved in closed form (not cross-validated)",0.11436901525635351
125,135,sample,regime_1,0.007489956576520987,5.609944951816999e-05,3.729297748949999e-05,0.006106797646025287,1.0520543145931096,2.5696989657817637,0.0782509504738515,0.21069694347661053,6.388542553310032,18.936696359844067,"unbiased sample covariance, divisor n - 1, per-asset means subtracted",0.044668035251037574
125,135,ewma,regime_1,0.008327432815841624,6.934613730235598e-05,5.252619607839448e-05,0.007247495848801465,1.3004744890710591,14.038348333841565,0.2589618349857818,0.29525347580795164,4.620572067155448,31.16717332016394,"exponentially weighted second moment about zero (no mean subtracted), newest observation weight 1, normalised to sum to 1",0.23321600733661796
125,135,shrinkage,regime_1,0.007471855748221275,5.582862832222732e-05,3.7521144821618756e-05,0.0061254505811098306,1.0469755016970494,2.32182082513237,0.07253892058852587,0.20324976711527387,6.500229709100384,14.540922189086666,"Ledoit-Wolf (2004) linear shrinkage toward tr(S)/p * I, divisor T as in the paper's own derivation, intensity solved in closed form (not cross-validated)",0.038385761324180964
125,140,sample,regime_1,0.007477022695330907,5.5905868386493465e-05,3.567954571686619e-05,0.0059732357827953,1.0484240140009773,2.392578539705559,0.08012093298678853,0.22175848092456923,6.270776960791539,19.796240591374364,"unbiased sample covariance, divisor n - 1, per-asset means subtracted",0.056249281284155225
125,140,ewma,regime_1,0.008709892447050525,7.58622264391878e-05,3.6093108140016136e-05,0.006007754001290011,1.4226731870895994,19.27586457827917,0.2485982395923,0.3398088288139064,4.689733084209051,43.40306698239107,"exponentially weighted second moment about zero (no mean subtracted), newest observation weight 1, normalised to sum to 1",0.3241960614533855
125,140,shrinkage,regime_1,0.007456220452337615,5.5595223433857745e-05,3.563567698931996e-05,0.005969562545892283,1.042598371048436,2.1077064206436846,0.07239433520460667,0.21482869891564327,6.39442896744274,15.648479662874168,"Ledoit-Wolf (2004) linear shrinkage toward tr(S)/p * I, divisor T as in the paper's own derivation, intensity solved in closed form (not cross-validated)",0.04956335302137077
125,145,sample,regime_1,0.007498019180743941,5.622029163480405e-05,3.9199142393993015e-05,0.006260921848577333,1.054320512769408,2.6801106723891355,0.08169235192542815,0.22414789640221996,6.3222704589860665,20.885576707880766,"unbiased sample covariance, divisor n - 1, per-asset means subtracted",0.05703644814610337
125,145,ewma,regime_1,0.008167509144359255,6.670820562319206e-05,3.9827394475631776e-05,0.0063108949029144655,1.2510043529377735,11.848305885148447,0.19684237788547185,0.30311518730193104,5.241477995671738,42.17980586624962,"exponentially weighted second moment about zero (no mean subtracted), newest observation weight 1, normalised to sum to 1",0.11670556503174402
125,145,shrinkage,regime_1,0.007479411815721388,5.594160110915271e-05,3.9083808909388865e-05,0.0062517044803308535,1.0490941233401723,2.4252958668010027,0.07643733945274163,0.2169184550034428,6.419835625597906,16.33595200456711,"Ledoit-Wolf (2004) linear shrinkage toward tr(S)/p * I, divisor T as in the paper's own derivation, intensity solved in closed form (not cross-validated)",0.047294762906266705
125,150,sample,regime_1,0.007522798524045585,5.6592497633382435e-05,3.567611645919078e-05,0.005972948723971334,1.0613006334316437,3.0194463890989676,0.08896585949633842,0.2357966684046873,6.21402065355797,20.70317416715203,"unbiased sample covariance, divisor n - 1, per-asset means subtracted",0.059949480637345606
125,150,ewma,regime_1,0.008372067075309974,7.00915071134893e-05,5.159349676537174e-05,0.007182861321602398,1.3144526926453435,14.64958319354428,0.248746980174831,0.29879918184467047,4.536712006919776,52.79109369657442,"exponentially weighted second moment about zero (no mean subtracted), newest observation weight 1, normalised to sum to 1",0.27307471896350105
125,150,shrinkage,regime_1,0.0074958941475813485,5.618842907174431e-05,3.4776069482112786e-05,0.0058971238313361525,1.0537229820052223,2.6510098345468025,0.08161287554260208,0.2274745244226301,6.328775190441436,16.064810332187953,"Ledoit-Wolf (2004) linear shrinkage toward tr(S)/p * I, divisor T as in the paper's own derivation, intensity solved in closed form (not cross-validated)",0.052040545559665696
125,155,sample,regime_1,0.007528130294309684,5.667274572810322e-05,4.020015393511282e-05,0.006340359132976051,1.062805556474811,3.0924612411019403,0.0918767509292446,0.23682010853415505,6.167696369574806,17.960469855299,"unbiased sample covariance, divisor n - 1, per-asset means subtracted",0.03782070035278773
125,155,ewma,regime_1,0.007871098516151958,6.195419185096954e-05,4.023578250845328e-05,0.006343168175955394,1.1618505244482116,7.789170348797647,0.17027245622851192,0.25807548686342946,5.444585188182013,31.999944333714012,"exponentially weighted second moment about zero (no mean subtracted), newest observation weight 1, normalised to sum to 1",0.2926758265904922
125,155,shrinkage,regime_1,0.00749571728026451,5.6185777545655986e-05,3.882092558441213e-05,0.006230644074605139,1.0536732569279632,2.648587760765775,0.08335012777691761,0.22774282132415644,6.292271481316249,14.083488455444638,"Ledoit-Wolf (2004) linear shrinkage toward tr(S)/p * I, divisor T as in the paper's own derivation, intensity solved in closed form (not cross-validated)",0.03110639476298331
125,160,sample,straddling,0.009610950796353133,9.237037520992092e-05,5.736884522998096e-05,0.007574222417514616,1.239380308893242,11.327458827247195,0.1456453163559931,0.2386889821699535,6.1581765759665466,17.05716461868318,"unbiased sample covariance, divisor n - 1, per-asset means subtracted",0.025450552376776625
125,160,ewma,straddling,0.009996668368225067,9.993337846427161e-05,6.249895908815438e-05,0.007905628317101327,1.340856970520259,15.795378600368126,0.2147374239839957,0.2473337261684092,5.438061449118623,32.4415716239723,"exponentially weighted second moment about zero (no mean subtracted), newest observation weight 1, normalised to sum to 1",0.1252745651530736
125,160,shrinkage,straddling,0.009607700752647321,9.230791375241992e-05,5.6819909959011224e-05,0.007537898245466784,1.2385422317465855,11.2898122806659,0.14205025342171565,0.22950961735871497,6.279199485684404,13.344638929436181,"Ledoit-Wolf (2004) linear shrinkage toward tr(S)/p * I, divisor T as in the paper's own derivation, intensity solved in closed form (not cross-validated)",0.021621039779649243
125,165,sample,straddling,0.011218650357257418,0.000125858115838392,0.00012310458966945128,0.01109525077091326,1.4866990422344102,21.930268688066555,0.17808627440534283,0.22373787581279797,6.305852533365669,17.43846218275461,"unbiased sample covariance, divisor n - 1, per-asset means subtracted",0.07547606639116687
125,165,ewma,straddling,0.011259243484364872,0.0001267705638402128,0.0001189514192719918,0.010906485193314655,1.4974773346103867,22.371456418986323,0.22633377244322214,0.23252052152393157,5.701372173849345,20.774591126198267,"exponentially weighted second moment about zero (no mean subtracted), newest observation weight 1, normalised to sum to 1",0.15560726532297064
125,165,shrinkage,straddling,0.011262246687060598,0.0001268382004402074,0.00012362069581860915,0.011118484420936567,1.4982762919740982,22.404096825804753,0.17796472567138216,0.21627420562816255,6.406993589104996,13.325597177048664,"Ledoit-Wolf (2004) linear shrinkage toward tr(S)/p * I, divisor T as in the paper's own derivation, intensity solved in closed form (not cross-validated)",0.06581566368289649
125,170,sample,straddling,0.012698871316268545,0.000161261332707148,0.00014772181809282554,0.012154086477100019,1.7853605816370082,33.6173859060642,0.20588464649951196,0.22522205392703207,6.318705228136231,17.882602080723892,"unbiased sample covariance, divisor n - 1, per-asset means subtracted",0.058063652351133185
125,170,ewma,straddling,0.013204961135748929,0.00017437099859663962,0.00015921916030025126,0.012618207491567543,1.9305006491573118,38.942457483568084,0.24169680250769507,0.21312557770924598,6.036132636643905,30.005572302947126,"exponentially weighted second moment about zero (no mean subtracted), newest observation weight 1, normalised to sum to 1",0.21904844586618025
125,170,shrinkage,straddling,0.01276980998359159,0.00016306804701703544,0.00015028552841575403,0.012259099820776158,1.8053631232072824,34.363801792271516,0.2083811652007931,0.218006213867938,6.418495895735974,13.813474807173316,"Ledoit-Wolf (2004) linear shrinkage toward tr(S)/p * I, divisor T as in the paper's own derivation, intensity solved in closed form (not cross-validated)",0.04837890618032309
125,175,sample,regime_2,0.014096839112539445,0.0001987208729648219,0.00017586094877192047,0.013261257435549635,2.126211823193721,45.81535663961189,0.24367254879669267,0.21794646359120634,6.409865483752027,18.61623294684746,"unbiased sample covariance, divisor n - 1, per-asset means subtracted",0.04467273111934729
125,175,ewma,regime_2,0.014429103470136677,0.00020819902695191027,0.0001792602821927488,0.013388811829014134,2.2276232288942457,49.252243832186515,0.2910478704890085,0.21867810801085003,5.8370261686548535,36.878521220684696,"exponentially weighted second moment about zero (no mean subtracted), newest observation weight 1, normalised to sum to 1",0.10810820975091498
125,175,shrinkage,regime_2,0.014176024624881111,0.00020095967416523567,0.00017834474218906591,0.01335457757434004,2.150165852335605,46.634438394792,0.24554506002916485,0.21126194708939292,6.493394469436144,14.301065306613408,"Ledoit-Wolf (2004) linear shrinkage toward tr(S)/p * I, divisor T as in the paper's own derivation, intensity solved in closed form (not cross-validated)",0.03651847991777449
125,180,sample,regime_2,0.013425575392210683,0.00018024607461193304,0.00019433429231213755,0.013940383506637741,1.9285409187589067,38.87191648273982,0.25000012934588023,0.21240585992241764,6.279657111186302,22.656946587518103,"unbiased sample covariance, divisor n - 1, per-asset means subtracted",0.060699580446308826
125,180,ewma,regime_2,0.012398022664982213,0.00015371096600141264,0.00016842185295960646,0.012977744525132496,1.644628812216352,28.243082161041034,0.3091630782520132,0.2858515010809141,5.611817326323188,78.62235571753706,"exponentially weighted second moment about zero (no mean subtracted), newest observation weight 1, normalised to sum to 1",0.2827955461784263
125,180,shrinkage,regime_2,0.01352661468178677,0.00018296930474952943,0.00019572113416286085,0.013990036960739628,1.9576780900557533,39.917050070952854,0.24994514150364117,0.20508282415618923,6.381058406095071,16.855308650820724,"Ledoit-Wolf (2004) linear shrinkage toward tr(S)/p * I, divisor T as in the paper's own derivation, intensity solved in closed form (not cross-validated)",0.05814814168336693
125,185,sample,regime_2,0.012672690884635426,0.00016059709425752183,0.00013864173595472213,0.011774622539798128,1.7183068667444215,31.084204492548274,0.24177734074663934,0.2091815060258028,6.256424258280286,26.067661907631237,"unbiased sample covariance, divisor n - 1, per-asset means subtracted",0.0933261057167298
125,185,ewma,regime_2,0.011369720134755614,0.0001292705359426672,0.00012089587578038875,0.010995266062282839,1.3831286961010065,17.606492001972683,0.3419360683482544,0.28038921585318777,4.703831858059952,89.84395142895922,"exponentially weighted second moment about zero (no mean subtracted), newest observation weight 1, normalised to sum to 1",0.3941164202845643
125,185,shrinkage,regime_2,0.012680394016321104,0.00016079239240915204,0.00013279482546271163,0.011523663717009084,1.7203964571978487,31.16388440412432,0.23480713986646787,0.2050527874522146,6.545431163489166,18.6617040596474,"Ledoit-Wolf (2004) linear shrinkage toward tr(S)/p * I, divisor T as in the paper's own derivation, intensity solved in closed form (not cross-validated)",0.09453419949380866
125,190,sample,regime_2,0.012498459528459774,0.0001562114905845469,0.000140707336867243,0.011862012344760184,1.6713831478506755,29.281984353995583,0.20476642223994546,0.22009930102804984,6.169877529925386,28.423480160479098,"unbiased sample covariance, divisor n - 1, per-asset means subtracted",0.1264421944443996
125,190,ewma,regime_2,0.011000972898228498,0.00012102140470755792,0.0001026559385358383,0.010131926694160312,1.294867205994374,13.792231984190128,0.14862757371560117,0.24205439879466936,5.071855982866619,91.18765301654192,"exponentially weighted second moment about zero (no mean subtracted), newest observation weight 1, normalised to sum to 1",0.49396315063047525
125,190,shrinkage,regime_2,0.012522637212834486,0.00015681644276426706,0.00013660796931101753,0.011687941192144044,1.6778558271309014,29.532074295554356,0.20393937568823764,0.21594191189778084,6.41045274119255,20.023994639714914,"Ledoit-Wolf (2004) linear shrinkage toward tr(S)/p * I, divisor T as in the paper's own derivation, intensity solved in closed form (not cross-validated)",0.10626353598961816
125,195,sample,regime_2,0.012210115291809511,0.00014908691543928047,0.00010776099533727725,0.010380799359263103,1.595153833420383,26.299399579743966,0.18850047170231612,0.22300873549012026,6.4907565585463844,29.862208108201937,"unbiased sample covariance, divisor n - 1, per-asset means subtracted",0.0989837681123322
125,195,ewma,regime_2,0.010456677154626339,0.00010934209711608439,6.692648171162598e-05,0.008180860695038511,1.1699045811970126,8.162127438258748,0.12854566997188238,0.3042019620988916,4.91765351999518,86.2703289133062,"exponentially weighted second moment about zero (no mean subtracted), newest observation weight 1, normalised to sum to 1",0.5360488799665744
125,195,shrinkage,regime_2,0.012262753468907905,0.00015037512263921287,0.00010644135002297593,0.010317041728275404,1.6089369923727113,26.84388011933059,0.1935538596620378,0.21820074732765327,6.6826016814208575,21.227838266946318,"Ledoit-Wolf (2004) linear shrinkage toward tr(S)/p * I, divisor T as in the paper's own derivation, intensity solved in closed form (not cross-validated)",0.08309688050228259
125,200,sample,regime_2,0.011707550791301813,0.00013706674553091172,8.737200866192024e-05,0.009347299538472074,1.4665441559634245,21.100956064080023,0.16257485203368707,0.22435137979221756,6.3363540907734635,31.170524503658246,"unbiased sample covariance, divisor n - 1, per-asset means subtracted",0.0865279201336197
125,200,ewma,regime_2,0.010430619711487463,0.0001087978275656708,7.501511384708196e-05,0.008661126592255881,1.1640811750503488,7.89259358502552,0.10750292993591856,0.29710878538657653,4.794537478982443,88.38523286717701,"exponentially weighted second moment about zero (no mean subtracted), newest observation weight 1, normalised to sum to 1",0.26852239210486917
125,200,shrinkage,regime_2,0.011778165376326751,0.0001387251796321023,8.405295604999771e-05,0.009168039924105791,1.4842885536269916,21.83138157416551,0.17053310935598676,0.21896910038000025,6.560793896240056,22.19018745106741,"Ledoit-Wolf (2004) linear shrinkage toward tr(S)/p * I, divisor T as in the paper's own derivation, intensity solved in closed form (not cross-validated)",0.0729673957784846
125,205,sample,regime_2,0.011277066772223208,0.00012717223498518075,0.00011535426121452034,0.010740310107930792,1.360677947783208,16.648101046832654,0.15238128764708136,0.20763523651239588,6.3864521625655595,36.63888243916605,"unbiased sample covariance, divisor n - 1, per-asset means subtracted",0.07982699026212307
125,205,ewma,regime_2,0.01029502400955065,0.00010598751935722434,0.00011205159036431105,0.010585442379244765,1.1340123128796649,6.490014221036944,0.17720890559573274,0.2769293778950923,4.5636123985277095,117.189474881911,"exponentially weighted second moment about zero (no mean subtracted), newest observation weight 1, normalised to sum to 1",0.3579935181587157
125,205,shrinkage,regime_2,0.011380667567950276,0.00012951959429219524,0.00011373379029274241,0.010664604553978661,1.3857934932082805,17.719730428177606,0.16259663740080632,0.20372646371951939,6.617507029154219,25.47297841225548,"Ledoit-Wolf (2004) linear shrinkage toward tr(S)/p * I, divisor T as in the paper's own derivation, intensity solved in closed form (not cross-validated)",0.06296572369778566
125,210,sample,regime_2,0.011263526038513173,0.00012686701882026427,0.000127674088470199,0.011299295928074413,1.3574122907397723,16.508037951884337,0.1769298357332149,0.19294831883075386,6.365144545339393,35.49442438421991,"unbiased sample covariance, divisor n - 1, per-asset means subtracted",0.10520247610311721
125,210,ewma,regime_2,0.009982475423035424,9.964981557150628e-05,0.0001139866759826005,0.010676454279516233,1.0662021200194576,3.257063681835204,0.08822667713158625,0.277423370872398,4.684245506635921,93.97086845166803,"exponentially weighted second moment about zero (no mean subtracted), newest observation weight 1, normalised to sum to 1",0.22958999637410615
125,210,shrinkage,regime_2,0.011333387901231532,0.00012844568131978128,0.00012659528607240572,0.0112514570644164,1.3743031730171456,17.230677427759723,0.17873925959026138,0.19117229434431046,6.587551090480894,25.16850690365436,"Ledoit-Wolf (2004) linear shrinkage toward tr(S)/p * I, divisor T as in the paper's own derivation, intensity solved in closed form (not cross-validated)",0.08067133713094078
125,215,sample,regime_2,0.011280749977538898,0.00012725532005574384,0.0001330165615290052,0.01153328060566486,1.3615669155938186,16.68619950936008,0.1937616356684184,0.18944252977369877,6.363619829413612,36.57823863436976,"unbiased sample covariance, divisor n - 1, per-asset means subtracted",0.04501982099841823
125,215,ewma,regime_2,0.010054319187196245,0.00010108933431802257,0.00011564890125946264,0.010754017912364784,1.0816042352219897,4.0002036162424925,0.06911349889242493,0.2791478369282864,5.2518456771987845,96.10574585116701,"exponentially weighted second moment about zero (no mean subtracted), newest observation weight 1, normalised to sum to 1",0.15853558718351904
125,215,shrinkage,regime_2,0.01133206365224516,0.00012841566661853592,0.00013317740907374518,0.011540251690225182,1.373982031046977,17.21697961673374,0.19073604889451715,0.18887904761944654,6.588239053179579,26.52630056644819,"Ledoit-Wolf (2004) linear shrinkage toward tr(S)/p * I, divisor T as in the paper's own derivation, intensity solved in closed form (not cross-validated)",0.03418434104616724
125,220,sample,regime_2,0.011302973505083455,0.00012775721005661857,0.00012802281775095223,0.011314716865699832,1.3669368822102166,16.916075978037192,0.18225094744436593,0.18827910902782466,6.752124784201926,44.98293181808573,"unbiased sample covariance, divisor n - 1, per-asset means subtracted",0.08892788441266286
125,220,ewma,regime_2,0.010867629014636953,0.00011810536039977897,0.00011889290407013311,0.010903802275817968,1.263667021576636,12.412945054234559,0.1508261270290218,0.2579444675068972,6.356038678842703,131.47647474300703,"exponentially weighted second moment about zero (no mean subtracted), newest observation weight 1, normalised to sum to 1",0.32133886514366883
125,220,shrinkage,regime_2,0.011376768960761445,0.00012943087198654505,0.00012953976164123185,0.011381553568877663,1.3848442098620473,17.67940388453908,0.18557576413316343,0.18649523447783614,6.8992948600419775,32.174975450628764,"Ledoit-Wolf (2004) linear shrinkage toward tr(S)/p * I, divisor T as in the paper's own derivation, intensity solved in closed form (not cross-validated)",0.07236249370447334
125,225,sample,regime_2,0.011144777365675528,0.00012420606253047355,6.935914094287345e-05,0.008328213550508503,1.3289414178015468,15.27972145184715,0.20065242162126745,0.1944885152364446,6.411332471205282,45.79056721108106,"unbiased sample covariance, divisor n - 1, per-asset means subtracted",0.11275901802472295
125,225,ewma,regime_2,0.0105472424112934,0.00011124432248258624,6.170231698801997e-05,0.007855082239417992,1.1902574208574503,9.09891937399976,0.21464741211506097,0.24163803066851725,5.57077432422231,129.04553684497893,"exponentially weighted second moment about zero (no mean subtracted), newest observation weight 1, normalised to sum to 1",0.4897018713454292
125,225,shrinkage,regime_2,0.011182490465608768,0.000125048093013431,6.980648091200663e-05,0.008355027283738015,1.337950713813801,15.669819478280544,0.19473806609947056,0.18499519098324937,6.629726988528923,32.60204391535458,"Ledoit-Wolf (2004) linear shrinkage toward tr(S)/p * I, divisor T as in the paper's own derivation, intensity solved in closed form (not cross-validated)",0.09222653741079831
125,230,sample,regime_2,0.01078501722452315,0.000116316596533261,7.169870808446106e-05,0.008467508965714831,1.2445281620036635,11.558422452258776,0.17366481455351387,0.19445050385310614,6.302112652555734,49.697493345799856,"unbiased sample covariance, divisor n - 1, per-asset means subtracted",0.08465614023714366
125,230,ewma,regime_2,0.010058170232621979,0.00010116678842840287,6.631455336171595e-05,0.008143374814026182,1.0824329546352478,4.040038188922623,0.1605694717884851,0.27496640725872906,5.346465103118642,121.45149819717489,"exponentially weighted second moment about zero (no mean subtracted), newest observation weight 1, normalised to sum to 1",0.21975559646845258
125,230,shrinkage,regime_2,0.010853678155816433,0.00011780232951004682,7.179294428383876e-05,0.008473071714782,1.260424745861314,12.268639693429705,0.1740407902372444,0.19163112000125876,6.504086321301188,35.47661127543491,"Ledoit-Wolf (2004) linear shrinkage toward tr(S)/p * I, divisor T as in the paper's own derivation, intensity solved in closed form (not cross-validated)",0.06682177332625878
125,235,sample,regime_2,0.010673400895139216,0.00011392148666835863,5.835408897106957e-05,0.007638984812857633,1.2189017100027968,10.403881725363107,0.1692439710944533,0.19319290090500582,6.282003224139551,53.943505123458,"unbiased sample covariance, divisor n - 1, per-asset means subtracted",0.025405787448768775
125,235,ewma,regime_2,0.01012243173492885,0.00010246362422829469,6.874709086495302e-05,0.008291386546588756,1.0963084351991792,4.704748469168241,0.10241232194209648,0.250267116017214,5.557471064077495,115.70043538770736,"exponentially weighted second moment about zero (no mean subtracted), newest observation weight 1, normalised to sum to 1",0.24582503714288134
125,235,shrinkage,regime_2,0.010745201974513029,0.00011545936547307869,5.8450150852123515e-05,0.007645269835141433,1.2353562275803924,11.146580135440631,0.1701651848913982,0.1907609456360547,6.4829217086459145,38.63858649505616,"Ledoit-Wolf (2004) linear shrinkage toward tr(S)/p * I, divisor T as in the paper's own derivation, intensity solved in closed form (not cross-validated)",0.022803929034879444
125,240,sample,regime_2,0.010576138814219625,0.00011185471221764288,7.677636615342363e-05,0.00876221240061114,1.1967882792019748,9.397818954583137,0.16336778453094086,0.20311795186612247,6.354556815109012,55.58114718955596,"unbiased sample covariance, divisor n - 1, per-asset means subtracted",0.04757077534061418
125,240,ewma,regime_2,0.010309863284944723,0.00010629328095425119,9.343777166822435e-05,0.009666321516907264,1.137283805768045,6.6435092149562,0.15624727411667733,0.2107940572154848,6.274009426951572,118.16615162982552,"exponentially weighted second moment about zero (no mean subtracted), newest observation weight 1, normalised to sum to 1",0.2320782961154459
125,240,shrinkage,regime_2,0.010653460301761427,0.00011349621640120666,7.793578093006231e-05,0.008828124428782272,1.2143515353956666,10.197619547595792,0.16573347415155845,0.2003463947672665,6.53522937966277,39.91910438539509,"Ledoit-Wolf (2004) linear shrinkage toward tr(S)/p * I, divisor T as in the paper's own derivation, intensity solved in closed form (not cross-validated)",0.04351505109384668
125,245,sample,regime_2,0.01053103233937414,0.000110902642132944,0.00011405331834063935,0.010679574820218234,1.186601615665356,8.931245089063221,0.16925611754050993,0.21254619596859708,6.313846423573003,58.13067940498591,"unbiased sample covariance, divisor n - 1, per-asset means subtracted",0.046022041538529644
125,245,ewma,regime_2,0.010343765639737414,0.00010699348760981235,0.0001294979511577086,0.011379716655422867,1.1447756592785547,6.994189528149364,0.22066392525563525,0.21677932223922447,5.889122545194995,99.42839716863443,"exponentially weighted second moment about zero (no mean subtracted), newest observation weight 1, normalised to sum to 1",0.19554942213179033
125,245,shrinkage,regime_2,0.010591295382582251,0.0001121755378811081,0.00011511745078575354,0.010729280068380802,1.2002209499056935,9.554595974139456,0.1684909988704308,0.2085982445799034,6.482057171144661,41.60336104428938,"Ledoit-Wolf (2004) linear shrinkage toward tr(S)/p * I, divisor T as in the paper's own derivation, intensity solved in closed form (not cross-validated)",0.03695310354994408
125,250,sample,regime_2,0.010596975901693001,0.0001122958982610622,0.0001302209045566079,0.011411437444801067,1.2015087444845136,9.613354318007872,0.17462479025669933,0.2260707439297639,6.23690623732857,58.843722380732,"unbiased sample covariance, divisor n - 1, per-asset means subtracted",0.055878188032200564
125,250,ewma,regime_2,0.010588957299862724,0.00011212601669831609,0.00014649725800177377,0.012103605165477507,1.1996910985479572,9.530411235782243,0.3022958892664753,0.28977052080661636,4.744739666447958,95.05052815705038,"exponentially weighted second moment about zero (no mean subtracted), newest observation weight 1, normalised to sum to 1",0.2713639623082382
125,250,shrinkage,regime_2,0.010639327771554831,0.00011319529543057787,0.00013048167302418028,0.011422857480691084,1.2111318347368882,10.051435008221876,0.1719757812666224,0.22096430034506556,6.401714433846629,42.60542899221983,"Ledoit-Wolf (2004) linear shrinkage toward tr(S)/p * I, divisor T as in the paper's own derivation, intensity solved in closed form (not cross-validated)",0.04914706275956425
125,255,sample,regime_2,0.010412652330318566,0.00010842332855208865,0.00015618977122114808,0.012497590616640797,1.1600742269196727,7.706741985804788,0.14508529494250028,0.2206842364238526,5.98634298949541,58.06069851068037,"unbiased sample covariance, divisor n - 1, per-asset means subtracted",0.10939635503871573
125,255,ewma,regime_2,0.010400425020695627,0.00010816884061111163,0.0001612041992192868,0.012696621567144812,1.1573513359576277,7.580264730926722,0.25728132034375345,0.2650833049581039,5.157098364898051,68.41832554711992,"exponentially weighted second moment about zero (no mean subtracted), newest observation weight 1, normalised to sum to 1",0.3205554407264096
125,255,shrinkage,regime_2,0.010478405276150498,0.00010979697713125859,0.00015760915774223674,0.012554248593294492,1.1747715649816959,8.38687950954653,0.1475437244795877,0.21640513166137992,6.1871610562339,42.33355726856084,"Ledoit-Wolf (2004) linear shrinkage toward tr(S)/p * I, divisor T as in the paper's own derivation, intensity solved in closed form (not cross-validated)",0.08864814213124864
125,260,sample,regime_2,0.010374183559302322,0.00010762368452209857,0.0001480213232821225,0.012166401410529019,1.1515184443008424,7.308827423508957,0.14604017926783905,0.22404675017871367,5.905855907960979,60.963728548271405,"unbiased sample covariance, divisor n - 1, per-asset means subtracted",0.03389843557866014
125,260,ewma,regime_2,0.01058564074376609,0.00011205578995608073,0.00015307335308162805,0.012372281644128057,1.1989397082817137,9.496105331729199,0.255436213773185,0.2902091749701134,4.891145575376182,86.08212558318981,"exponentially weighted second moment about zero (no mean subtracted), newest observation weight 1, normalised to sum to 1",0.3061230793180525
125,260,shrinkage,regime_2,0.010447158143957063,0.00010914311328484838,0.00014929133368181473,0.012218483280743757,1.1677755558546505,8.063664376822356,0.1491743242839727,0.22094976749081044,6.047555818136993,44.2140613115316,"Ledoit-Wolf (2004) linear shrinkage toward tr(S)/p * I, divisor T as in the paper's own derivation, intensity solved in closed form (not cross-validated)",0.03970559665027209
125,265,sample,regime_2,0.01016308580956948,0.00010328831317267253,0.00012883273714203933,0.011350450966461171,1.1051321856076415,5.125267448299087,0.11182774068753651,0.21836230156963798,5.762425826908365,54.511306648918655,"unbiased sample covariance, divisor n - 1, per-asset means subtracted",0.1391066157436876
125,265,ewma,regime_2,0.010172102414288592,0.00010347166752677578,0.0001276678932540445,0.01129902178305912,1.1070939835290776,5.218533706238171,0.2075052730029502,0.30014428400449944,4.0719478226475125,47.686951275140636,"exponentially weighted second moment about zero (no mean subtracted), newest observation weight 1, normalised to sum to 1",0.48239707269804794
125,265,shrinkage,regime_2,0.010243609475627866,0.00010493153508917299,0.0001286405840689433,0.011341983251131315,1.1227138206662435,5.958190842720779,0.11808054535668125,0.2156550327657781,6.013103181372366,40.64178075002961,"Ledoit-Wolf (2004) linear shrinkage toward tr(S)/p * I, divisor T as in the paper's own derivation, intensity solved in closed form (not cross-validated)",0.11957134915159312
125,270,sample,regime_2,0.009968029124525577,9.936160462739016e-05,0.00010527974817492928,0.010260591999242992,1.0631184101513855,3.107633575375268,0.06862750184011254,0.2412756194030154,5.618914298255476,54.64660208160095,"unbiased sample covariance, divisor n - 1, per-asset means subtracted",0.11638709016309878
125,270,ewma,regime_2,0.009799827113883037,9.603661146199712e-05,9.883640064785701e-05,0.009941649795072094,1.0275426818707005,1.3677799831238735,0.10509899432051605,0.28035969234839553,4.749209439918065,43.069896838908896,"exponentially weighted second moment about zero (no mean subtracted), newest observation weight 1, normalised to sum to 1",0.2986860234211112
125,270,shrinkage,regime_2,0.010055059501406971,0.00010110422157683463,0.0001062918361953613,0.010309793217875968,1.0817635212860497,4.007861303175031,0.08230514919956955,0.2250281408404654,5.89898771128859,40.53876140868895,"Ledoit-Wolf (2004) linear shrinkage toward tr(S)/p * I, divisor T as in the paper's own derivation, intensity solved in closed form (not cross-validated)",0.10270435150782353
125,275,sample,regime_2,0.009928320708308885,9.857155208703504e-05,6.650551009017469e-05,0.008155091053457018,1.05466525157179,2.6968963295283643,0.0756768257103815,0.22870469867691098,5.656123232127363,52.20821073305444,"unbiased sample covariance, divisor n - 1, per-asset means subtracted",0.04607918468032703
125,275,ewma,regime_2,0.009904610831843168,9.810131573026501e-05,6.4752826876947e-05,0.008046914121385104,1.0496339627768934,2.4516453150896567,0.11374920190476172,0.23504679111973908,4.9782973775712085,46.94796074149898,"exponentially weighted second moment about zero (no mean subtracted), newest observation weight 1, normalised to sum to 1",0.14083055011242449
125,275,shrinkage,regime_2,0.010008022807326338,0.00010016052051196414,6.705624193977006e-05,0.008188787574468523,1.07166640198624,3.5213215712705193,0.08876796067753046,0.22681344993715113,5.882141228595285,39.19905702423547,"Ledoit-Wolf (2004) linear shrinkage toward tr(S)/p * I, divisor T as in the paper's own derivation, intensity solved in closed form (not cross-validated)",0.03456098972247436
125,280,sample,regime_2,0.009974001970107614,9.948071529971057e-05,5.144885395508084e-05,0.00717278564820397,1.0643928334969444,3.16941569558995,0.08378402159152301,0.2365899485687091,5.570126047230998,60.948563405427024,"unbiased sample covariance, divisor n - 1, per-asset means subtracted",0.07822636172811857
125,280,ewma,regime_2,0.010261010884372885,0.00010528834436921881,5.012293906430161e-05,0.007079755579418093,1.1265314976849679,6.1381881174239705,0.18319704460217134,0.3130596442138543,4.889256301499549,54.790892390770814,"exponentially weighted second moment about zero (no mean subtracted), newest observation weight 1, normalised to sum to 1",0.25115222104716345
125,280,shrinkage,regime_2,0.010037084569854563,0.00010074306666241254,5.208599558680457e-05,0.007217062808844369,1.0778993481994876,3.8219316040444262,0.09038126369939695,0.2344093041545135,5.827654717288726,44.31607106330362,"Ledoit-Wolf (2004) linear shrinkage toward tr(S)/p * I, divisor T as in the paper's own derivation, intensity solved in closed form (not cross-validated)",0.06014634550488462
125,285,sample,regime_2,0.00986653615553758,9.734853570853029e-05,9.755274883555187e-05,0.009876879509012544,1.0415796011056877,2.057807202863593,0.06048523217432431,0.23838095948440685,5.592970765447779,66.21594795048537,"unbiased sample covariance, divisor n - 1, per-asset means subtracted",0.10025693857761876
125,285,ewma,regime_2,0.010638284905641985,0.0001131731057336101,0.00012065688397846548,0.010984392745093626,1.2108944163150483,10.040647776857803,0.15462590202270787,0.31747252186933306,5.010551290018276,106.42430848941443,"exponentially weighted second moment about zero (no mean subtracted), newest observation weight 1, normalised to sum to 1",0.22637845879834534
125,285,shrinkage,regime_2,0.009955083952726478,9.910369650583223e-05,9.861876040009049e-05,0.009930697880818372,1.0603589250043408,2.973730873671898,0.07908360851597407,0.22973030321477947,5.834006494331149,46.98981067307083,"Ledoit-Wolf (2004) linear shrinkage toward tr(S)/p * I, divisor T as in the paper's own derivation, intensity solved in closed form (not cross-validated)",0.07713712897985049
125,290,sample,regime_2,0.009800733200712076,9.605437127153997e-05,9.36161065318544e-05,0.009675541666069884,1.0277327027601235,1.3771523944189124,0.054069032322630876,0.2655955198152096,5.263081462269043,65.97122821243646,"unbiased sample covariance, divisor n - 1, per-asset means subtracted",0.13119847615504648
125,290,ewma,regime_2,0.010643320198553293,0.0001132802648489325,0.00011503215825089087,0.01072530457613633,1.2120409641062397,10.092732008350126,0.1838004427806403,0.333180831948773,4.185291188638993,66.62805553593033,"exponentially weighted second moment about zero (no mean subtracted), newest observation weight 1, normalised to sum to 1",0.28181008495495874
125,290,shrinkage,regime_2,0.009874351987509807,9.750282717323886e-05,9.45167719973025e-05,0.009721973667795161,1.04323044095752,2.1386528674389726,0.06383662898515095,0.24546395673545277,5.574265868622278,47.14773256516065,"Ledoit-Wolf (2004) linear shrinkage toward tr(S)/p * I, divisor T as in the paper's own derivation, intensity solved in closed form (not cross-validated)",0.10776010375197397
125,295,sample,regime_2,0.00980373126060774,9.611314663021743e-05,0.00012812850271437377,0.011319386145651793,1.028361569072293,1.4081638267991137,0.0661341704625537,0.2649037421508136,5.179376216745377,65.06354813524361,"unbiased sample covariance, divisor n - 1, per-asset means subtracted",0.05703216641782059
125,295,ewma,regime_2,0.010258348573677802,0.00010523371545907739,0.00014063226341282065,0.011858847474051627,1.1259469962539006,6.110649618871933,0.17637142222272625,0.3301688107827593,4.186823456651381,54.54244869681345,"exponentially weighted second moment about zero (no mean subtracted), newest observation weight 1, normalised to sum to 1",0.2900833641306002
125,295,shrinkage,regime_2,0.009866297896740754,9.734383418723104e-05,0.00012739636139047912,0.011286999662907726,1.0415292972295809,2.055342693539597,0.06430541649400716,0.24525402723631948,5.531406463543416,46.88429964936062,"Ledoit-Wolf (2004) linear shrinkage toward tr(S)/p * I, divisor T as in the paper's own derivation, intensity solved in closed form (not cross-validated)",0.04481291691531092
125,300,sample,regime_2,0.009781693893108647,9.5681535418479e-05,0.00014664357258122176,0.01210964791318153,1.0237435495973901,1.180212966636418,0.06087617884680562,0.2615015051695563,5.187232523458283,64.52860763030829,"unbiased sample covariance, divisor n - 1, per-asset means subtracted",0.039456324343840804
125,300,ewma,regime_2,0.010129724616899904,0.0001026113208142279,0.00015844589992152495,0.012587529540045772,1.097888713217141,4.780184826003309,0.13856355539097165,0.29054879609304174,4.504328558124198,39.50129926498882,"exponentially weighted second moment about zero (no mean subtracted), newest observation weight 1, normalised to sum to 1",0.15790376222930447
125,300,shrinkage,regime_2,0.009846455350477106,9.695268296893922e-05,0.0001468887591530777,0.012119767289559552,1.0373441790153712,1.850094698796001,0.06287697035009096,0.24140018146401424,5.531288298168846,46.44090141657973,"Ledoit-Wolf (2004) linear shrinkage toward tr(S)/p * I, divisor T as in the paper's own derivation, intensity solved in closed form (not cross-validated)",0.03609585448353251
125,305,sample,regime_2,0.009873763420595191,9.749120408588364e-05,9.426556568771783e-05,0.009709045560080447,1.0431060798605303,2.1325648292712884,0.09992642807951135,0.25635150232572684,5.02638214754862,55.67700647053757,"unbiased sample covariance, divisor n - 1, per-asset means subtracted",0.11137854988849065
125,305,ewma,regime_2,0.010943044647172315,0.00011975022615000664,0.0001148895656979865,0.010718655032138431,1.2812662448163588,13.193031800387732,0.16719077224043843,0.2687292863285301,5.5573463523039575,39.81887251698576,"exponentially weighted second moment about zero (no mean subtracted), newest observation weight 1, normalised to sum to 1",0.4788525584861032
125,305,shrinkage,regime_2,0.009913426153407809,9.827601809906994e-05,9.36759017739053e-05,0.009678631193195932,1.0515031888755466,2.542829533592772,0.08982402006567357,0.25336319482961245,5.420693001346002,40.906933948522095,"Ledoit-Wolf (2004) linear shrinkage toward tr(S)/p * I, divisor T as in the paper's own derivation, intensity solved in closed form (not cross-validated)",0.09274750906833659
125,310,sample,regime_2,0.009880359779191659,9.762150936626826e-05,9.587579913966003e-05,0.009791618821199078,1.0445002797935559,2.200796464291588,0.08996448313502006,0.26132575768894367,5.0472440026872505,49.067541420542696,"unbiased sample covariance, divisor n - 1, per-asset means subtracted",0.07608154938940423
125,310,ewma,regime_2,0.011057060954085466,0.00012225859694236138,0.0001223886746621051,0.011062941501341544,1.308104530881067,14.372397495246503,0.15038936941910477,0.26985921649511074,5.168974649122222,31.61635804206658,"exponentially weighted second moment about zero (no mean subtracted), newest observation weight 1, normalised to sum to 1",0.27490349805047526
125,310,shrinkage,regime_2,0.00992683549118449,9.854206286904004e-05,9.539652986639904e-05,0.00976711471553391,1.0543497320039548,2.6815334908840693,0.08093410625172791,0.2478805793591145,5.433561004063643,36.65483633629146,"Ledoit-Wolf (2004) linear shrinkage toward tr(S)/p * I, divisor T as in the paper's own derivation, intensity solved in closed form (not cross-validated)",0.06535205562493819
125,315,sample,regime_2,0.00989441566487944,9.789946134941164e-05,8.544026869106829e-05,0.00924339054087126,1.04747422402006,2.346188205524302,0.0815750325832759,0.260606866961945,5.293829410222806,46.28674136846689,"unbiased sample covariance, divisor n - 1, per-asset means subtracted",0.06527074079296578
125,315,ewma,regime_2,0.011120751309228207,0.00012367110968170087,8.613403352508784e-05,0.009280842285325608,1.3232176956029582,15.031199924323069,0.2280782937760401,0.36441804837923214,4.492662533816637,33.095298887421556,"exponentially weighted second moment about zero (no mean subtracted), newest observation weight 1, normalised to sum to 1",0.6337173376317338
125,315,shrinkage,regime_2,0.009965889928072798,9.931896205846283e-05,8.676819401966651e-05,0.009314944660043156,1.0626621564480279,3.0855060834464654,0.08103500170547365,0.24021390371652912,5.667009977332507,34.93781704357884,"Ledoit-Wolf (2004) linear shrinkage toward tr(S)/p * I, divisor T as in the paper's own derivation, intensity solved in closed form (not cross-validated)",0.0542488665583374
125,320,sample,regime_2,0.009824369852010783,9.651824298909835e-05,7.68081537945174e-05,0.008764026117859154,1.0326958931668626,1.6216459799221372,0.08616636929930047,0.2614074906897252,5.192616644245937,45.05101898079886,"unbiased sample covariance, divisor n - 1, per-asset means subtracted",0.0671646894581209
125,320,ewma,regime_2,0.010905450276312552,0.00011892884572912551,7.920388879906095e-05,0.008899656667482233,1.272477893919136,12.804161887721843,0.20494897296057937,0.323240727636869,4.948694159558302,48.323052797670634,"exponentially weighted second moment about zero (no mean subtracted), newest observation weight 1, normalised to sum to 1",0.1009526453338203
125,320,shrinkage,regime_2,0.009868119132226611,9.737977520781689e-05,7.584157561464931e-05,0.008708706885333166,1.0419138477892034,2.0741812501674284,0.08190639983917415,0.24284890527120304,5.536296841502148,34.214566661810935,"Ledoit-Wolf (2004) linear shrinkage toward tr(S)/p * I, divisor T as in the paper's own derivation, intensity solved in closed form (not cross-validated)",0.06899187656738692
125,325,sample,regime_2,0.009827567445530327,9.658108189644748e-05,0.00010684071180764054,0.010336378079755043,1.033368237373935,1.6547213548851802,0.08625979617516785,0.25798815997019736,5.238807358799197,47.36439244204868,"unbiased sample covariance, divisor n - 1, per-asset means subtracted",0.024682509163342872
125,325,ewma,regime_2,0.009962923844144897,9.925985152423093e-05,0.0001023886702629779,0.010118728688080232,1.0620297039286521,3.0548254051527612,0.11559275306472933,0.24021140986142583,5.378576071273678,38.87202519858628,"exponentially weighted second moment about zero (no mean subtracted), newest observation weight 1, normalised to sum to 1",0.36508471955778193
125,325,shrinkage,regime_2,0.0098652990244159,9.732412484114134e-05,0.00010744861737586719,0.01036574249033166,1.041318417295037,2.0450105245247485,0.08208502805875778,0.23921744520944418,5.582812497372577,35.189185377955724,"Ledoit-Wolf (2004) linear shrinkage toward tr(S)/p * I, divisor T as in the paper's own derivation, intensity solved in closed form (not cross-validated)",0.024736261353868215
125,330,sample,regime_2,0.009838759009838015,9.680117885366872e-05,0.00013123288697610937,0.011455692339448952,1.0357231623785952,1.7704850326751176,0.0727716096260551,0.269863002906092,5.260376112395004,45.56637010939283,"unbiased sample covariance, divisor n - 1, per-asset means subtracted",0.05273171867443425
125,330,ewma,regime_2,0.010058638290539433,0.00010117620425990605,0.00014359256629775031,0.011983011570458835,1.082533699222208,4.044879702088555,0.12237474255629929,0.2593877944210124,5.330399711747075,53.29765177646159,"exponentially weighted second moment about zero (no mean subtracted), newest observation weight 1, normalised to sum to 1",0.16388516933576724
125,330,shrinkage,regime_2,0.009897066480727672,9.795192492394325e-05,0.00013424777791196438,0.011586534335683142,1.0480355574662745,2.3736078032944086,0.07179013777973789,0.250081514353189,5.598692475876013,34.40659317935409,"Ledoit-Wolf (2004) linear shrinkage toward tr(S)/p * I, divisor T as in the paper's own derivation, intensity solved in closed form (not cross-validated)",0.05328847338990912
125,335,sample,regime_2,0.009822622163116697,9.648390615935134e-05,0.00014218407538130112,0.011924096417813012,1.0323285066297068,1.603568176994008,0.0729968901615523,0.269724476136514,5.317496587835619,45.5997163385673,"unbiased sample covariance, divisor n - 1, per-asset means subtracted",0.057394275366362664
125,335,ewma,regime_2,0.010443200380666285,0.00010906043419074845,0.00017380142004775562,0.013183376655764472,1.1668909317848009,8.022725932314856,0.1748069120016522,0.29793702457003896,5.03011346257306,62.37775277124313,"exponentially weighted second moment about zero (no mean subtracted), newest observation weight 1, normalised to sum to 1",0.29086420313301053
125,335,shrinkage,regime_2,0.009854373510814477,9.710867729064203e-05,0.0001422238917301848,0.011925765876042712,1.0390132385671291,1.9319988309426384,0.07525679874544978,0.25023076934980315,5.603153472562008,33.9275109734103,"Ledoit-Wolf (2004) linear shrinkage toward tr(S)/p * I, divisor T as in the paper's own derivation, intensity solved in closed form (not cross-validated)",0.06723508554014834
125,340,sample,regime_2,0.009797637160623249,9.599369393122558e-05,0.00014568576238207145,0.012070035724142305,1.0270834862160756,1.3451274712344308,0.06608925292056916,0.2582020815623547,5.398820920874088,42.417666457820026,"unbiased sample covariance, divisor n - 1, per-asset means subtracted",0.048753718455917125
125,340,ewma,regime_2,0.010567054862464294,0.00011166264846633026,0.0001848480847733565,0.013595884847017368,1.1947332951796366,9.303856070114769,0.1556862098022052,0.2634623912715629,5.572623893398814,76.2181284649256,"exponentially weighted second moment about zero (no mean subtracted), newest observation weight 1, normalised to sum to 1",0.18056393057674164
125,340,shrinkage,regime_2,0.009836743205929225,9.676151689939478e-05,0.0001495672058878793,0.012229767204974889,1.0352987997293674,1.74963389267635,0.07359870687226298,0.23974961503817133,5.662273634421628,31.760666197473913,"Ledoit-Wolf (2004) linear shrinkage toward tr(S)/p * I, divisor T as in the paper's own derivation, intensity solved in closed form (not cross-validated)",0.041261592302018715
125,345,sample,regime_2,0.00971353461228305,9.435275466402083e-05,9.928551086460512e-05,0.00996421150240224,1.0095262743388351,0.47518471437786314,0.0552978202153793,0.26739612805534374,5.048224705772888,37.85677469212915,"unbiased sample covariance, divisor n - 1, per-asset means subtracted",0.08767663912813721
125,345,ewma,regime_2,0.010620531956902554,0.0001127956990475884,0.00011369258598449709,0.010662672553562597,1.2068563575746676,9.857014230984241,0.17887786065190908,0.38342711590054446,3.7209151192232657,59.09207658405381,"exponentially weighted second moment about zero (no mean subtracted), newest observation weight 1, normalised to sum to 1",0.6075553546110353
125,345,shrinkage,regime_2,0.009739847663890557,9.486463251579433e-05,0.0001008068149986384,0.0100402597077286,1.0150031058575073,0.7473625390514771,0.05661784878958523,0.24554324763667443,5.370962447582754,27.97031895873939,"Ledoit-Wolf (2004) linear shrinkage toward tr(S)/p * I, divisor T as in the paper's own derivation, intensity solved in closed form (not cross-validated)",0.07194231023220116
125,350,sample,regime_2,0.009726573794661046,9.460623778298697e-05,0.00010574554074349842,0.01028326508184528,1.0122384142186815,0.6100598458564477,0.06026671012918216,0.28128287617753606,4.9328852210900545,39.59891506804834,"unbiased sample covariance, divisor n - 1, per-asset means subtracted",0.07350275821910857
125,350,ewma,regime_2,0.010758621345707547,0.00011574793326031406,0.00010234499089135658,0.010116570114982477,1.2384437554875454,11.285387876735452,0.2633608780914559,0.3659763078380477,3.483995246524687,75.7927565334524,"exponentially weighted second moment about zero (no mean subtracted), newest observation weight 1, normalised to sum to 1",0.3233500385753153
125,350,shrinkage,regime_2,0.00974203699913678,9.490728489254996e-05,0.00010620376329698187,0.010305521010457543,1.0154594644996173,0.770008658311494,0.052439245120535515,0.2567646576464277,5.291064003686818,29.227271997637764,"Ledoit-Wolf (2004) linear shrinkage toward tr(S)/p * I, divisor T as in the paper's own derivation, intensity solved in closed form (not cross-validated)",0.05985803526358293
125,355,sample,regime_2,0.009768548681302718,9.542454333898105e-05,0.00012389420093738938,0.011130777193771754,1.020993865632423,1.044241084409303,0.06442149623632558,0.29105226980949106,4.957251121190701,39.87974545446861,"unbiased sample covariance, divisor n - 1, per-asset means subtracted",0.10296403258105088
125,355,ewma,regime_2,0.011496719025313915,0.00013217454834701494,0.0002111990285348252,0.014532688276255883,1.4142001452985873,18.92014738044128,0.3357380098471848,0.4310923467601329,3.2054287525185075,71.74542904392129,"exponentially weighted second moment about zero (no mean subtracted), newest observation weight 1, normalised to sum to 1",0.21319992016186043
125,355,shrinkage,regime_2,0.009776074293650995,9.557162859498381e-05,0.00012431389590928426,0.011149614159659708,1.02256760273243,1.1220847655164734,0.05765911222995528,0.2644724193597268,5.304775992640354,29.47465677401754,"Ledoit-Wolf (2004) linear shrinkage toward tr(S)/p * I, divisor T as in the paper's own derivation, intensity solved in closed form (not cross-validated)",0.07892116912839549
125,360,sample,regime_2,0.009767253892584751,9.539924860221198e-05,0.0001403144543853938,0.011845440236031492,1.0207232248709337,1.0308480054945113,0.08062328311656568,0.289864319104166,4.70690603002393,39.056587041744514,"unbiased sample covariance, divisor n - 1, per-asset means subtracted",0.07462334083942594
125,360,ewma,regime_2,0.011529264572133767,0.0001329239415742588,0.0002566411056078766,0.01602002202270261,1.4222182699989012,19.256793097873516,0.3296616902448594,0.42556514228231584,3.2811135447096347,76.7655148967574,"exponentially weighted second moment about zero (no mean subtracted), newest observation weight 1, normalised to sum to 1",0.02777839474561744
125,360,shrinkage,regime_2,0.009755804916833583,9.51757295753143e-05,0.00013934251238083097,0.011804342945748017,1.0183316854689166,0.9124217065925366,0.06427012052300078,0.2645597497507049,5.080946158534729,28.957212882180098,"Ledoit-Wolf (2004) linear shrinkage toward tr(S)/p * I, divisor T as in the paper's own derivation, intensity solved in closed form (not cross-validated)",0.06054082797320528
125,365,sample,regime_2,0.00972443741792768,9.456468309519195e-05,0.00015518663224715776,0.012457392674518925,1.0117938002876905,0.5879615206357824,0.06483532923424826,0.29121627397391975,4.687404749727162,39.22802082892149,"unbiased sample covariance, divisor n - 1, per-asset means subtracted",0.05247729239732642
125,365,ewma,regime_2,0.010226925621290697,0.00010459000766341211,0.00017574011633222689,0.013256700808731668,1.1190596516815579,5.78561583133872,0.18072822360974522,0.3328042603308461,4.389984060090257,75.24762789567927,"exponentially weighted second moment about zero (no mean subtracted), newest observation weight 1, normalised to sum to 1",0.43274440363323063
125,365,shrinkage,regime_2,0.009707133945312514,9.422844943223849e-05,0.00015484716973924043,0.012443760273295225,1.0081962718606996,0.4089772809533043,0.049198234224063594,0.26552036220253455,4.9879395413269805,29.25182603413489,"Ledoit-Wolf (2004) linear shrinkage toward tr(S)/p * I, divisor T as in the paper's own derivation, intensity solved in closed form (not cross-validated)",0.05998294586242898
125,370,sample,regime_2,0.009769282329046015,9.543887722461073e-05,0.00015802765472812998,0.01257090508786579,1.021147230886125,1.0518298145127503,0.09426512010271708,0.28008474997115823,4.603828712568673,38.46548011866104,"unbiased sample covariance, divisor n - 1, per-asset means subtracted",0.07476604069113653
125,370,ewma,regime_2,0.010588562737255777,0.00011211766084080155,0.0002226819428075807,0.014922531380686747,1.1996016951411823,9.526329945871105,0.2550749646510521,0.362137282109814,4.272877316518994,61.18128910638612,"exponentially weighted second moment about zero (no mean subtracted), newest observation weight 1, normalised to sum to 1",0.19448491055996464
125,370,shrinkage,regime_2,0.009739403528783068,9.485598109647207e-05,0.00015744151233521744,0.012547569977299089,1.014910540090379,0.7427684794486522,0.07206283111701613,0.257098428440053,4.938327096721931,28.929246808426214,"Ledoit-Wolf (2004) linear shrinkage toward tr(S)/p * I, divisor T as in the paper's own derivation, intensity solved in closed form (not cross-validated)",0.05928878943667571
125,375,sample,regime_2,0.0097312424895654,9.469708039072299e-05,0.00016304411623664517,0.012768872943084882,1.0132103837140667,0.6583520486038275,0.08732093912739423,0.2930650351422462,4.514875480626548,40.33913141599309,"unbiased sample covariance, divisor n - 1, per-asset means subtracted",0.08087414580273429
125,375,ewma,regime_2,0.009990419560581212,9.980848299644371e-05,0.00016859236601169642,0.01298431230414982,1.067899780410258,3.33923651790049,0.12781255261569677,0.3014506607575947,4.435764814197811,75.61447141624669,"exponentially weighted second moment about zero (no mean subtracted), newest observation weight 1, normalised to sum to 1",0.49113701052682024
125,375,shrinkage,regime_2,0.00969844655192254,9.40598655204982e-05,0.00016319112310543113,0.012774628100474437,1.0063925101269944,0.3191163301887512,0.057772885318159876,0.2681410062231563,4.8694546062955375,30.00551467897205,"Ledoit-Wolf (2004) linear shrinkage toward tr(S)/p * I, divisor T as in the paper's own derivation, intensity solved in closed form (not cross-validated)",0.06916808717587025
125,380,sample,regime_2,0.00970654932211734,9.42170997426966e-05,0.00015338630480476548,0.012384922478754782,1.0080748359806457,0.40293003596287846,0.059039474358474876,0.30657371127502664,4.552931602736897,38.61067796735054,"unbiased sample covariance, divisor n - 1, per-asset means subtracted",0.07817816057750296
125,380,ewma,regime_2,0.010182870978841114,0.00010369086137172459,0.00018827215721379013,0.013721230164011904,1.109439245693782,5.329921944990645,0.11737664227722842,0.3072929883819517,4.49172533543448,50.24840263485385,"exponentially weighted second moment about zero (no mean subtracted), newest observation weight 1, normalised to sum to 1",0.34036435684639865
125,380,shrinkage,regime_2,0.009681125144298308,9.372418405956495e-05,0.00015464706189826288,0.012435717184716887,1.0028008899795247,0.1399465737586869,0.029861091452903558,0.2794235558605077,4.869127508071759,29.045144847737188,"Ledoit-Wolf (2004) linear shrinkage toward tr(S)/p * I, divisor T as in the paper's own derivation, intensity solved in closed form (not cross-validated)",0.06252364651557635
125,385,sample,regime_2,0.009760095131982574,9.525945698534994e-05,0.00014346264105821993,0.01197758911710616,1.0192275259837411,0.9567989777677699,0.0795166174949435,0.2990281449584844,4.446924270212114,39.202876232675074,"unbiased sample covariance, divisor n - 1, per-asset means subtracted",0.08511250538682105
125,385,ewma,regime_2,0.010455887724638803,0.0001093255881102524,0.00020224451378225055,0.01422126976687562,1.1697279432683165,8.153961705908696,0.11540632597261445,0.3274823162676903,4.378325443612544,58.907693567060136,"exponentially weighted second moment about zero (no mean subtracted), newest observation weight 1, normalised to sum to 1",0.29140786954039255
125,385,shrinkage,regime_2,0.009715740873648066,9.439562072387568e-05,0.00014642410839045978,0.012100582977297407,1.0099849192809456,0.4980059145924365,0.048062538079631685,0.27121938437323306,4.828271895744572,29.136287470048366,"Ledoit-Wolf (2004) linear shrinkage toward tr(S)/p * I, divisor T as in the paper's own derivation, intensity solved in closed form (not cross-validated)",0.0752878855433115
125,390,sample,regime_2,0.009717351921852978,9.442692837313978e-05,0.0001200290385429425,0.010955776492012901,1.0103198951344057,0.5146703289826027,0.05435240207054172,0.296176995742584,4.592404315586164,42.19923332357609,"unbiased sample covariance, divisor n - 1, per-asset means subtracted",0.06040859766090008
125,390,ewma,regime_2,0.010389269061828814,0.00010793691163907336,0.0001275251665651143,0.01129270412988467,1.154869814438868,7.4648693498888585,0.1944422332761639,0.36052446590172943,3.661804858780265,82.1157453959706,"exponentially weighted second moment about zero (no mean subtracted), newest observation weight 1, normalised to sum to 1",0.2996248422387379
125,390,shrinkage,regime_2,0.009690356426946321,9.390300768125986e-05,0.00012217313761803526,0.011053195810173421,1.0047142113787384,0.23543342445018212,0.030462722894989854,0.26858479355994,4.914671533689861,30.987314628034813,"Ledoit-Wolf (2004) linear shrinkage toward tr(S)/p * I, divisor T as in the paper's own derivation, intensity solved in closed form (not cross-validated)",0.055672837922021996
125,395,sample,regime_2,0.009739691374203425,9.486158806473261e-05,7.62288288059485e-05,0.008730912255082426,1.0149705317864197,0.7457459045502102,0.0734060536606881,0.3119048296385464,4.443765876227098,49.03472651537115,"unbiased sample covariance, divisor n - 1, per-asset means subtracted",0.06373128271657531
125,395,ewma,regime_2,0.01091968225389345,0.00011923946052599554,8.043248907107466e-05,0.008968416196356783,1.2758013135665571,12.951375094177454,0.23738265999859356,0.36345132977165356,3.3209275406122702,90.904420304409,"exponentially weighted second moment about zero (no mean subtracted), newest observation weight 1, normalised to sum to 1",0.16051266249015655
125,395,shrinkage,regime_2,0.009689786590777617,9.389196417481369e-05,7.433034618485216e-05,0.008621504867762482,1.0045960515013939,0.2295391339995012,0.03616738742420865,0.2801283182232869,4.835954756613488,35.59879532704931,"Ledoit-Wolf (2004) linear shrinkage toward tr(S)/p * I, divisor T as in the paper's own derivation, intensity solved in closed form (not cross-validated)",0.04884514388323629
125,400,sample,regime_2,0.00976912743936674,9.543585092658814e-05,8.175494518053263e-05,0.00904184412498538,1.0211148510432821,1.050227661459635,0.08504944083350856,0.3093827555972711,4.420264380459323,49.20612908504817,"unbiased sample covariance, divisor n - 1, per-asset means subtracted",0.039317079462607415
125,400,ewma,regime_2,0.011020358591517976,0.00012144830348564405,6.702920400386142e-05,0.008187136495983283,1.299434804836567,13.99275436783547,0.21535124186946533,0.3277502500291813,3.929247711193629,75.0151095574119,"exponentially weighted second moment about zero (no mean subtracted), newest observation weight 1, normalised to sum to 1",0.2524079382119814
125,400,shrinkage,regime_2,0.009711716830160196,9.431744378921681e-05,8.027838556761189e-05,0.008959820621397054,1.0091484660171652,0.4563818787619356,0.0496972329930507,0.2792700577931775,4.815824877810617,36.311876230234795,"Ledoit-Wolf (2004) linear shrinkage toward tr(S)/p * I, divisor T as in the paper's own derivation, intensity solved in closed form (not cross-validated)",0.034984625772335604
125,405,sample,regime_2,0.00985066218280226,9.70355454396906e-05,7.153342461943028e-05,0.008457743470892828,1.0382307651217126,1.8936094719248064,0.10120689029584123,0.3168485829659232,4.313196396105387,53.38422311143977,"unbiased sample covariance, divisor n - 1, per-asset means subtracted",0.03905623239090095
125,405,ewma,regime_2,0.01157172535093273,0.0001339048275974192,7.628890714204204e-05,0.00873435213064152,1.4327132493562953,19.696000323999783,0.2196375224386003,0.3209790717882422,3.8612702147513747,96.29704299478601,"exponentially weighted second moment about zero (no mean subtracted), newest observation weight 1, normalised to sum to 1",0.049138176342212445
125,405,shrinkage,regime_2,0.00978349716670614,9.571681681094708e-05,7.159845554856183e-05,0.008461587058499241,1.0241210424731266,1.1988657284816906,0.06420776667612905,0.28635940899177587,4.706869094397287,39.46368332749322,"Ledoit-Wolf (2004) linear shrinkage toward tr(S)/p * I, divisor T as in the paper's own derivation, intensity solved in closed form (not cross-validated)",0.04135661706709312
125,410,sample,regime_2,0.00982357169597331,9.650256086592794e-05,9.054778984632697e-05,0.009515660242270473,1.0325281024602284,1.6133899867644574,0.10188633837239164,0.31170412012150306,4.316646173807223,50.63325925078227,"unbiased sample covariance, divisor n - 1, per-asset means subtracted",0.016474215469609102
125,410,ewma,regime_2,0.01140032959905714,0.00012996751496713833,9.473080024207635e-05,0.009732974891680157,1.3905860156077041,17.92311120419543,0.21051907427735025,0.31701393452510485,3.893550863192136,109.00394026094027,"exponentially weighted second moment about zero (no mean subtracted), newest observation weight 1, normalised to sum to 1",0.08144491471403423
125,410,shrinkage,regime_2,0.00975820236221387,9.522251334191637e-05,9.153594290975745e-05,0.009567441816376906,1.0188322478718428,0.9372204824287245,0.06938720367060826,0.2846245097368593,4.663612442679164,38.22027814220202,"Ledoit-Wolf (2004) linear shrinkage toward tr(S)/p * I, divisor T as in the paper's own derivation, intensity solved in closed form (not cross-validated)",0.01682835554383001
125,415,sample,regime_2,0.009796193650685988,9.596541004174046e-05,8.633733653762952e-05,0.00929178866191163,1.0267808630475481,1.3301960447895445,0.08732132850845395,0.2955874787233059,4.5452917831953235,47.79201502138768,"unbiased sample covariance, divisor n - 1, per-asset means subtracted",0.06243330925691988
125,415,ewma,regime_2,0.010832790470967314,0.00011734934938788023,8.353859025378834e-05,0.009139944762075334,1.2555780899612425,12.052580959174808,0.15565755668249612,0.2786716348096817,4.78151037668139,56.774970841444194,"exponentially weighted second moment about zero (no mean subtracted), newest observation weight 1, normalised to sum to 1",0.2781459197912698
125,415,shrinkage,regime_2,0.00975289179730117,9.511889840986443e-05,8.755830608032742e-05,0.00935725953900646,1.0177236210310818,0.8822888831871101,0.06363051358575118,0.270381823361642,4.870895532704476,36.81496119453886,"Ledoit-Wolf (2004) linear shrinkage toward tr(S)/p * I, divisor T as in the paper's own derivation, intensity solved in closed form (not cross-validated)",0.0608333880669502
125,420,sample,regime_2,0.009900135098256206,9.801267496372443e-05,7.814833458821598e-05,0.008840154669926086,1.0486855518574782,2.4053490720810977,0.1129796102240515,0.284927973417863,4.511200236202186,48.0211244543245,"unbiased sample covariance, divisor n - 1, per-asset means subtracted",0.06775469677685468
125,420,ewma,regime_2,0.011053477860644647,0.00012217937281576135,9.050995175512233e-05,0.009513671833478508,1.3072568731984793,14.335334573283998,0.20524675753021268,0.278878539763906,4.55233392798745,74.92885871207798,"exponentially weighted second moment about zero (no mean subtracted), newest observation weight 1, normalised to sum to 1",0.25005056228183314
125,420,shrinkage,regime_2,0.009843981797202316,9.690397762365053e-05,7.707957688382702e-05,0.00877949753025918,1.0368230567021461,1.8245086755711348,0.09097202134765126,0.2608673058951771,4.846906534479176,37.132711716936335,"Ledoit-Wolf (2004) linear shrinkage toward tr(S)/p * I, divisor T as in the paper's own derivation, intensity solved in closed form (not cross-validated)",0.06119757206447076
125,425,sample,regime_2,0.00993335087523494,9.867145961053075e-05,6.44203689581913e-05,0.008026230058887628,1.055734211034947,2.7489275386827217,0.12398003752044001,0.3040789972665461,4.347339433281412,49.293720510832145,"unbiased sample covariance, divisor n - 1, per-asset means subtracted",0.04103416813419046
125,425,ewma,regime_2,0.010949629760842423,0.0001198943918995261,8.40051098886898e-05,0.009165430152954623,1.2828087446884386,13.26114711976205,0.1926911365207409,0.36445118190326625,3.9093766488203947,85.29101177988466,"exponentially weighted second moment about zero (no mean subtracted), newest observation weight 1, normalised to sum to 1",0.2728798066383877
125,425,shrinkage,regime_2,0.009855566974039987,9.713220037978772e-05,5.995032043599752e-05,0.007742759226270536,1.039264923604103,1.9443438158342818,0.09460191015726295,0.2778589072543057,4.715466773796194,38.390332395578845,"Ledoit-Wolf (2004) linear shrinkage toward tr(S)/p * I, divisor T as in the paper's own derivation, intensity solved in closed form (not cross-validated)",0.03550208457710656
125,430,sample,regime_2,0.009957028637797544,9.914241929392042e-05,6.448578215461881e-05,0.00803030398892961,1.0607732390551587,2.993846372254616,0.12418907304580715,0.30516480414165287,4.4122046106170325,48.717544209673974,"unbiased sample covariance, divisor n - 1, per-asset means subtracted",0.05429981846839754
125,430,ewma,regime_2,0.010382963283846499,0.00010780592655370448,7.685131164857583e-05,0.00876648798827534,1.1534683409397923,7.399643432359326,0.15621050079610133,0.3140047737437921,4.336978547403413,71.44169509721844,"exponentially weighted second moment about zero (no mean subtracted), newest observation weight 1, normalised to sum to 1",0.2592593228108781
125,430,shrinkage,regime_2,0.009893029847936592,9.78720395721643e-05,6.192903874359665e-05,0.00786950053965286,1.0471808250120624,2.3318535458076495,0.09864339642599153,0.279243942396532,4.759534570538125,38.276417322343356,"Ledoit-Wolf (2004) linear shrinkage toward tr(S)/p * I, divisor T as in the paper's own derivation, intensity solved in closed form (not cross-validated)",0.04517954240427445
125,435,sample,regime_2,0.009996440123320594,9.992881513913384e-05,7.479705656119604e-05,0.008648529155942995,1.0691872728647787,3.401512216445801,0.13709993077324872,0.3105536410019583,4.314517947092103,50.64205790004226,"unbiased sample covariance, divisor n - 1, per-asset means subtracted",0.03106801240856793
125,435,ewma,regime_2,0.010304260555205249,0.00010617778558955879,9.61402807414408e-05,0.009805115029485416,1.1360480643672082,6.58555551139226,0.17409429912343133,0.34379317118301245,4.243056103781105,74.96184473515336,"exponentially weighted second moment about zero (no mean subtracted), newest observation weight 1, normalised to sum to 1",0.16176821597721636
125,435,shrinkage,regime_2,0.009924929550674545,9.850422658585283e-05,6.952030278867876e-05,0.008337883591696321,1.0539449031027017,2.6618187595905507,0.11012883694830695,0.2831249788967363,4.676341710768728,39.82324253100616,"Ledoit-Wolf (2004) linear shrinkage toward tr(S)/p * I, divisor T as in the paper's own derivation, intensity solved in closed form (not cross-validated)",0.028103131734082756
125,440,sample,regime_2,0.009948361467010553,9.896989587830034e-05,9.444850263400408e-05,0.009718461947962963,1.0589273266424546,2.904194600728238,0.12100458839273662,0.28697652531055845,4.529788726817607,51.84185633939062,"unbiased sample covariance, divisor n - 1, per-asset means subtracted",0.060161919074042634
125,440,ewma,regime_2,0.010486116014420626,0.00010995862906788872,0.00010059598118717099,0.010029754791976271,1.1765011581229559,8.466638102365653,0.1715423416171357,0.25141937804075487,5.011848889395355,44.2797126081052,"exponentially weighted second moment about zero (no mean subtracted), newest observation weight 1, normalised to sum to 1",0.23199682943518293
125,440,shrinkage,regime_2,0.009902246780569031,9.805449130328974e-05,9.187225556291251e-05,0.009585001594309335,1.0491329653287456,2.4271919623273464,0.10196109242270585,0.2632267494545654,4.84137444284813,40.47457351866619,"Ledoit-Wolf (2004) linear shrinkage toward tr(S)/p * I, divisor T as in the paper's own derivation, intensity solved in closed form (not cross-validated)",0.0506190161811695
125,445,sample,regime_2,0.010005602994182126,0.00010011209127718632,8.309704626249136e-05,0.009115758128783989,1.0711482339144287,3.49629142700858,0.1362247746158196,0.2738209124573499,4.529259872787093,51.92693616135992,"unbiased sample covariance, divisor n - 1, per-asset means subtracted",0.04542557313190631
125,445,ewma,regime_2,0.010153375247195083,0.00010309102891035383,7.663005551653232e-05,0.008753859464061113,1.1030213447844615,5.024823007918533,0.16201598751134458,0.3004634185600011,4.97545347545344,49.22148469772132,"exponentially weighted second moment about zero (no mean subtracted), newest observation weight 1, normalised to sum to 1",0.3607622117106499
125,445,shrinkage,regime_2,0.00995183577760273,9.903903534437373e-05,8.082133003246577e-05,0.008990068410889084,1.0596670836092055,2.9401322910168615,0.11855406724839913,0.25206438107618767,4.828718990997176,40.183035108089484,"Ledoit-Wolf (2004) linear shrinkage toward tr(S)/p * I, divisor T as in the paper's own derivation, intensity solved in closed form (not cross-validated)",0.0395448523784629
125,450,sample,regime_2,0.010098584907453977,0.00010198141713305726,0.0001520074750400624,0.012329131155116422,1.0911490656179916,4.458080856293334,0.16061568107030583,0.3090744533210128,4.245283629582723,52.521262319751216,"unbiased sample covariance, divisor n - 1, per-asset means subtracted",0.08669405269749142
125,450,ewma,regime_2,0.01059937546426037,0.00011234676023236473,0.00016230738608876127,0.012739991604736687,1.2020529415943637,9.638174993674697,0.2338486035282305,0.33714353989396195,3.9692637644008566,58.44764495772586,"exponentially weighted second moment about zero (no mean subtracted), newest observation weight 1, normalised to sum to 1",0.3119342317059009
125,450,shrinkage,regime_2,0.01001072218859331,0.00010021455873719445,0.00014195264710471604,0.011914388238794137,1.0722445833905125,3.549243521645895,0.13350729215903795,0.28216106699756566,4.609505577750489,40.517958422914404,"Ledoit-Wolf (2004) linear shrinkage toward tr(S)/p * I, divisor T as in the paper's own derivation, intensity solved in closed form (not cross-validated)",0.07670243823717544
125,455,sample,regime_2,0.010031227082108183,0.00010062551677282065,0.00015223523114774997,0.012338364200644669,1.0766416244317907,3.761342726074557,0.1515431663002097,0.2885964367540162,4.416192108302203,51.82000386351592,"unbiased sample covariance, divisor n - 1, per-asset means subtracted",0.05585895650869277
125,455,ewma,regime_2,0.010400666348368427,0.00010817386049008343,0.00012542314251048675,0.01119924740821841,1.1574050460981962,7.582760984192838,0.26265644682544864,0.2691503617721582,4.27507950786989,85.67717886569258,"exponentially weighted second moment about zero (no mean subtracted), newest observation weight 1, normalised to sum to 1",0.36742453509521295
125,455,shrinkage,regime_2,0.009965412091116867,9.930943814577827e-05,0.00014225843974790877,0.011927214249266623,1.0625602554476403,3.080563417534754,0.13046176280479524,0.26525424617044724,4.739274955703223,39.794349318098654,"Ledoit-Wolf (2004) linear shrinkage toward tr(S)/p * I, divisor T as in the paper's own derivation, intensity solved in closed form (not cross-validated)",0.04596617831920845
250,0,sample,regime_1,0.007392877669149222,5.465464023100523e-05,5.181651570239826e-05,0.0071983689612577,1.024959256488599,1.2402714579825114,0.06456519057314807,0.21984531787323508,6.365941706858666,19.476844383140044,"unbiased sample covariance, divisor n - 1, per-asset means subtracted",0.0
250,0,ewma,regime_1,0.008205730346879625,6.733401052570122e-05,4.1119663178436155e-05,0.0064124615537589115,1.262740310303363,12.371718430544743,0.20879492417946108,0.2754028355909253,5.273392132184608,24.637741771686624,"exponentially weighted second moment about zero (no mean subtracted), newest observation weight 1, normalised to sum to 1",0.0
250,0,shrinkage,regime_1,0.007384876410404153,5.4536399596943724e-05,5.162489172481121e-05,0.007185046396844715,1.0227418449044738,1.1306998346433783,0.05944806326943058,0.21420577376998032,6.433295977328302,16.99454559042413,"Ledoit-Wolf (2004) linear shrinkage toward tr(S)/p * I, divisor T as in the paper's own derivation, intensity solved in closed form (not cross-validated)",0.0
250,5,sample,regime_1,0.007392578445198406,5.465021606841209e-05,3.567766722316929e-05,0.005973078538171861,1.0248762884847316,1.236173795967388,0.06224465379753807,0.20563024825155465,6.411498006839832,19.40380578620092,"unbiased sample covariance, divisor n - 1, per-asset means subtracted",0.03984809641829243
250,5,ewma,regime_1,0.00864875116330238,7.480089668472426e-05,5.8760955588915675e-05,0.007665569488884415,1.4027696665206897,18.43857760546983,0.28058289903091765,0.33013459370816506,4.282035134281368,27.86385345444217,"exponentially weighted second moment about zero (no mean subtracted), newest observation weight 1, normalised to sum to 1",0.25373157262827806
250,5,shrinkage,regime_1,0.007385811256012883,5.4550207909446594e-05,3.595547670763139e-05,0.005996288577748021,1.0230007974409188,1.1435018891929882,0.05803018550063831,0.201503523844239,6.46997738618918,16.90962641003249,"Ledoit-Wolf (2004) linear shrinkage toward tr(S)/p * I, divisor T as in the paper's own derivation, intensity solved in closed form (not cross-validated)",0.03653861651176997
250,10,sample,regime_1,0.007362636522774461,5.420841656649241e-05,3.7238350202930055e-05,0.006102323344672098,1.0165910543840093,0.8261401812054592,0.050458697775764116,0.2009080067209741,6.432801628838132,19.449471558995537,"unbiased sample covariance, divisor n - 1, per-asset means subtracted",0.030089807371938296
250,10,ewma,regime_1,0.00832716677368641,6.934170647678694e-05,5.253332889174938e-05,0.007247987920226508,1.3003913961138704,14.034705073230679,0.2589449338506839,0.2952172506742061,4.620780495348901,31.141834592650774,"exponentially weighted second moment about zero (no mean subtracted), newest observation weight 1, normalised to sum to 1",0.23313511896149686
250,10,shrinkage,regime_1,0.007358271421696622,5.414415831535722e-05,3.7365950766661004e-05,0.006112769484174992,1.0153859949594408,0.7663631853130237,0.046966847872303034,0.19722153290892575,6.484632246696758,16.91999800226395,"Ledoit-Wolf (2004) linear shrinkage toward tr(S)/p * I, divisor T as in the paper's own derivation, intensity solved in closed form (not cross-validated)",0.02778571740655883
250,15,sample,regime_1,0.007371540876709853,5.4339614897004275e-05,3.537404239646429e-05,0.005947608123982639,1.0190514665782096,0.9480790593961341,0.05612890762596297,0.20792206803449223,6.425260662686888,19.875354119331046,"unbiased sample covariance, divisor n - 1, per-asset means subtracted",0.026504893202689186
250,15,ewma,regime_1,0.008707629423723415,7.582281018089379e-05,3.608679621908181e-05,0.006007228663791799,1.42193399900559,19.244874061973395,0.24839962644436908,0.33969136295939534,4.691704929391301,43.35964389634324,"exponentially weighted second moment about zero (no mean subtracted), newest observation weight 1, normalised to sum to 1",0.32430981042425794
250,15,shrinkage,regime_1,0.007366144291821182,5.426008172792978e-05,3.530688248483551e-05,0.0059419594819247554,1.0175599508076139,0.8741766165956788,0.05196038761756659,0.20352973000283703,6.480083995883671,17.3469141102055,"Ledoit-Wolf (2004) linear shrinkage toward tr(S)/p * I, divisor T as in the paper's own derivation, intensity solved in closed form (not cross-validated)",0.024216311753972652
250,20,sample,regime_1,0.007383565087089739,5.45170333952905e-05,3.805455228427151e-05,0.006168837190611494,1.022378663158814,1.1127421821213401,0.06297555225264834,0.19330351452445363,6.426141682767129,20.78765619178319,"unbiased sample covariance, divisor n - 1, per-asset means subtracted",0.046197519510287166
250,20,ewma,regime_1,0.008166610973669707,6.669353479526248e-05,3.982027401290991e-05,0.0063103307372046604,1.2507292253214684,11.836006067879069,0.1967461011929026,0.30305919322498176,5.242390390592078,42.13902377203063,"exponentially weighted second moment about zero (no mean subtracted), newest observation weight 1, normalised to sum to 1",0.11645881252756755
250,20,shrinkage,regime_1,0.007377166280980486,5.4422582337235455e-05,3.800007716993518e-05,0.006164420262274075,1.0206073865420533,1.0251150230502493,0.05823428228015097,0.19043073571317273,6.482868442741891,18.141663487142395,"Ledoit-Wolf (2004) linear shrinkage toward tr(S)/p * I, divisor T as in the paper's own derivation, intensity solved in closed form (not cross-validated)",0.041358816484582187
250,25,sample,regime_1,0.007389325431057373,5.460213032607124e-05,3.2683429728667864e-05,0.005716942340855631,1.0239745182688988,1.1916260502270237,0.06095395337228129,0.20122295348339886,6.421638074341276,21.455799226122153,"unbiased sample covariance, divisor n - 1, per-asset means subtracted",0.05247874199945955
250,25,ewma,regime_1,0.008369982211492245,7.005660222069663e-05,5.1547699707566084e-05,0.007179672674124224,1.3137981079145067,14.621032446689576,0.24847622980984715,0.29861016340003105,4.539322668983183,52.703151484826364,"exponentially weighted second moment about zero (no mean subtracted), newest observation weight 1, normalised to sum to 1",0.2727335776627449
250,25,shrinkage,regime_1,0.00738314896551233,5.451088864694579e-05,3.2335919668412674e-05,0.005686468119000815,1.022263428355912,1.1070436891471802,0.05668001744079206,0.1978298653090668,6.475405252622952,18.68026712231176,"Ledoit-Wolf (2004) linear shrinkage toward tr(S)/p * I, divisor T as in the paper's own derivation, intensity solved in closed form (not cross-validated)",0.0495285112369301
250,30,sample,regime_1,0.007395577301886402,5.469456362817735e-05,3.6698095215864375e-05,0.006057895279374213,1.0257079551408832,1.2772410337526408,0.06256173212257464,0.20213665254184573,6.385866002705296,20.435341101735737,"unbiased sample covariance, divisor n - 1, per-asset means subtracted",0.017323418682513317
250,30,ewma,regime_1,0.0078699522441475,6.193614832516226e-05,4.0214953397457436e-05,0.006341526109498993,1.161512147345779,7.773472958134708,0.17010140737361362,0.25799779521145727,5.446217838054527,31.97778615332964,"exponentially weighted second moment about zero (no mean subtracted), newest observation weight 1, normalised to sum to 1",0.29236806916771735
250,30,shrinkage,regime_1,0.007388543539091186,5.459057562904611e-05,3.6169542490908924e-05,0.006014111945325671,1.0237578286406848,1.180918588471247,0.05828929967783769,0.1988243343774269,6.439635403487382,17.978840831666272,"Ledoit-Wolf (2004) linear shrinkage toward tr(S)/p * I, divisor T as in the paper's own derivation, intensity solved in closed form (not cross-validated)",0.01672419327786903
250,35,sample,straddling,0.009407149056635181,8.849445337375217e-05,5.2452892911594434e-05,0.0072424369456416,1.1873750941083079,8.966742362443236,0.12097849688843275,0.20148478495100589,6.433265737458882,20.585967102825013,"unbiased sample covariance, divisor n - 1, per-asset means subtracted",0.03294438181164057
250,35,ewma,straddling,0.009995443758266123,9.99088959246612e-05,6.246941909957052e-05,0.007903759807811123,1.340528475833127,15.78119345701734,0.214588369459871,0.24726394115226288,5.439619055305998,32.42595187923148,"exponentially weighted second moment about zero (no mean subtracted), newest observation weight 1, normalised to sum to 1",0.12521231274251995
250,35,shrinkage,straddling,0.009415557946107442,8.865273143650699e-05,5.248208458790572e-05,0.007244451986720991,1.1894987913853003,9.064145867709449,0.1205198672925375,0.19858608453869983,6.478674403902934,18.138836786897784,"Ledoit-Wolf (2004) linear shrinkage toward tr(S)/p * I, divisor T as in the paper's own derivation, intensity solved in closed form (not cross-validated)",0.030228148453229603
250,40,sample,straddling,0.011043545460480053,0.00012195989633768958,0.00011661501403838273,0.01079884318056257,1.4406513228679811,20.027135384794615,0.17314824922333794,0.19989088960747234,6.441890615067574,20.264454198576942,"unbiased sample covariance, divisor n - 1, per-asset means subtracted",0.02344985246466684
250,40,ewma,straddling,0.011258842462205218,0.00012676153358875527,0.00011893974112604037,0.01090594980393915,1.4973706647615364,22.367097896515318,0.22632592963866485,0.23254262329417044,5.701848928979192,20.772963310505403,"exponentially weighted second moment about zero (no mean subtracted), newest observation weight 1, normalised to sum to 1",0.1553350351547944
250,40,shrinkage,straddling,0.011062250505492357,0.00012237338624626593,0.00011687658042380477,0.010810947249145412,1.445535672573672,20.23043177888333,0.17283472128573696,0.19693915329026832,6.488771017668508,17.858144125627753,"Ledoit-Wolf (2004) linear shrinkage toward tr(S)/p * I, divisor T as in the paper's own derivation, intensity solved in closed form (not cross-validated)",0.021461012767608506
250,45,sample,straddling,0.012539767780063561,0.00015724577597792022,0.00014589676833057924,0.0120787734613486,1.7409034475098217,31.943300228159433,0.20981839154088694,0.19840905322302818,6.441325586771518,20.641682627495435,"unbiased sample covariance, divisor n - 1, per-asset means subtracted",0.026241583604769067
250,45,ewma,straddling,0.013203874317150744,0.00017434229698311303,0.0001591858386367138,0.012616887042242782,1.9301828871212459,38.93102199009573,0.24171162199679197,0.2132066761178491,6.036597183382643,29.993612603689623,"exponentially weighted second moment about zero (no mean subtracted), newest observation weight 1, normalised to sum to 1",0.21902981943396663
250,45,shrinkage,straddling,0.0125649186259909,0.000157877180077773,0.00014688545143898578,0.012119630829319257,1.7478938646919018,32.20793715552415,0.2097412001392721,0.19566658231551248,6.490585410906605,18.24164021453105,"Ledoit-Wolf (2004) linear shrinkage toward tr(S)/p * I, divisor T as in the paper's own derivation, intensity solved in closed form (not cross-validated)",0.02409762894563107
250,50,sample,regime_2,0.013853987065418493,0.00019193295760878292,0.0001681653344927198,0.012967857744929184,2.053584596523862,43.30333549934775,0.2409322353370608,0.1977616231172959,6.449907511361416,20.86297509604513,"unbiased sample covariance, divisor n - 1, per-asset means subtracted",0.012530771637038043
250,50,ewma,regime_2,0.014428259816061375,0.00020817468131977142,0.0001792445375396769,0.0133882238381227,2.227362743067445,49.24351721490101,0.2909973276216063,0.21866999509884927,5.838183318424529,36.85487444073992,"exponentially weighted second moment about zero (no mean subtracted), newest observation weight 1, normalised to sum to 1",0.10803138330396052
250,50,shrinkage,regime_2,0.01388486191351795,0.00019278939035746138,0.0001693031147415256,0.013011653036471792,2.0627479894218634,43.62269978738957,0.24111493511081786,0.19513746904207435,6.495599701201263,18.481974631663462,"Ledoit-Wolf (2004) linear shrinkage toward tr(S)/p * I, divisor T as in the paper's own derivation, intensity solved in closed form (not cross-validated)",0.011067636589058322
250,55,sample,regime_2,0.013518422429993033,0.00018274774499573874,0.000192815337498309,0.013885796250064631,1.9553075138750766,39.83231078241811,0.2443547153593002,0.19823394871706013,6.366922731954102,22.751868367456233,"unbiased sample covariance, divisor n - 1, per-asset means subtracted",0.03148157129244605
250,55,ewma,regime_2,0.012398042857941584,0.0001537114667073563,0.00016843208821472707,0.01297813885789203,1.644634169514161,28.24329103365062,0.30912101089944644,0.28580631499193015,5.612468920116751,78.56107295705272,"exponentially weighted second moment about zero (no mean subtracted), newest observation weight 1, normalised to sum to 1",0.2826459256107191
250,55,shrinkage,regime_2,0.013554485267054987,0.00018372407085481073,0.0001933143334382133,0.013903752494855958,1.9657537018063067,40.20533876448167,0.2438723238338243,0.1951165568786429,6.421872552631609,19.829976840450378,"Ledoit-Wolf (2004) linear shrinkage toward tr(S)/p * I, divisor T as in the paper's own derivation, intensity solved in closed form (not cross-validated)",0.02941633470062195
250,60,sample,regime_2,0.013171291577621399,0.0001734829218227204,0.0001491280505679305,0.012211799644930738,1.8561786389040116,36.241647043186155,0.23888749212370647,0.19447706831989325,6.323709458516638,23.409580642307773,"unbiased sample covariance, divisor n - 1, per-asset means subtracted",0.03678252451286426
250,60,ewma,regime_2,0.011369594559104612,0.0001292676804384212,0.00012089062769824057,0.010995027407798516,1.3830981436643226,17.605193068347226,0.34184534159614266,0.2803176657258198,4.704977575496787,89.72278027241319,"exponentially weighted second moment about zero (no mean subtracted), newest observation weight 1, normalised to sum to 1",0.39401521395274436
250,60,shrinkage,regime_2,0.013212777694028198,0.0001745774943918091,0.000149135553407912,0.012212106837393455,1.8678900062255102,36.6707725238103,0.2382915207003236,0.1906049297545064,6.380217278129423,20.374488447840733,"Ledoit-Wolf (2004) linear shrinkage toward tr(S)/p * I, divisor T as in the paper's own derivation, intensity solved in closed form (not cross-validated)",0.03516395803888943
250,65,sample,regime_2,0.013019651351850695,0.00016951132132374762,0.00015675729742021025,0.012520275453048558,1.8136845424765422,34.67310579609213,0.22263005796866042,0.2031640557887473,6.199271844434811,24.283954142406547,"unbiased sample covariance, divisor n - 1, per-asset means subtracted",0.05476793204986598
250,65,ewma,regime_2,0.011000921583564914,0.00012102027568774437,0.00010265718070733823,0.010131987993841003,1.2948551260591343,13.791701193853957,0.14858350822589175,0.2419958946665266,5.072179946250115,91.09022445450752,"exponentially weighted second moment about zero (no mean subtracted), newest observation weight 1, normalised to sum to 1",0.4938269191332225
250,65,shrinkage,regime_2,0.013062080944146503,0.0001706179585914352,0.00015672967932027466,0.012519172469467568,1.8255249959097388,35.11199043422233,0.2225810391667138,0.1999267848347456,6.262165069618462,21.014764355616325,"Ledoit-Wolf (2004) linear shrinkage toward tr(S)/p * I, divisor T as in the paper's own derivation, intensity solved in closed form (not cross-validated)",0.05231887380068043
250,70,sample,regime_2,0.012671937903713845,0.00016057801023557964,0.00012148495585764394,0.011022021405243412,1.718102677458806,31.076415783267652,0.20705176796170324,0.21335199435443852,6.2959507493244855,25.04516805125707,"unbiased sample covariance, divisor n - 1, per-asset means subtracted",0.05806659702154429
250,70,ewma,regime_2,0.010456408109088709,0.00010933647054381611,6.69185442160168e-05,0.008180375554705101,1.1698443797481037,8.159344476013896,0.12846540818395139,0.3042258958063293,4.918094567519482,86.2221241365034,"exponentially weighted second moment about zero (no mean subtracted), newest observation weight 1, normalised to sum to 1",0.5357617619947945
250,70,shrinkage,regime_2,0.012676600971225215,0.00016069621218366806,0.00011995881971344682,0.010952571374496805,1.7193673779193088,31.124649777198975,0.20642816235113962,0.2072799306973669,6.421617564868186,21.549072769226733,"Ledoit-Wolf (2004) linear shrinkage toward tr(S)/p * I, divisor T as in the paper's own derivation, intensity solved in closed form (not cross-validated)",0.06243374815937029
250,75,sample,regime_2,0.012466914277568103,0.00015542395160423141,0.00010564316095274467,0.01027828589565131,1.6629568830794397,28.955685531093955,0.19347203828423395,0.2112091357462613,6.339295148373452,24.835591352502327,"unbiased sample covariance, divisor n - 1, per-asset means subtracted",0.04206951303917707
250,75,ewma,regime_2,0.010430955322781188,0.00010880482894585718,7.501175898953457e-05,0.00866093291681298,1.1641560862416538,7.896065092368132,0.10748998032253265,0.29707155156434556,4.7950383523549815,88.32203646688723,"exponentially weighted second moment about zero (no mean subtracted), newest observation weight 1, normalised to sum to 1",0.2685180366763529
250,75,shrinkage,regime_2,0.012478319651215887,0.00015570846131792056,0.00010306865932724864,0.010152273603841093,1.6660009916727347,29.073660817098347,0.19409890266917915,0.2051605913967769,6.458814365792977,21.437115781626478,"Ledoit-Wolf (2004) linear shrinkage toward tr(S)/p * I, divisor T as in the paper's own derivation, intensity solved in closed form (not cross-validated)",0.03923218840511141
250,80,sample,regime_2,0.012167056305382704,0.00014803725913835303,0.00013752148520678823,0.011726955496069226,1.5839230472225145,25.854004593517587,0.19207681471093396,0.20724072346506647,6.43301503564846,27.425283113309654,"unbiased sample covariance, divisor n - 1, per-asset means subtracted",0.04254386671291102
250,80,ewma,regime_2,0.010294959956318404,0.00010598620050219942,0.00011203114810120126,0.010584476751412952,1.1339982018046417,6.489351665067522,0.17709899275344182,0.27686296189691906,4.564796726033649,117.08551071005517,"exponentially weighted second moment about zero (no mean subtracted), newest observation weight 1, normalised to sum to 1",0.35761447353811815
250,80,shrinkage,regime_2,0.01218989287742305,0.0001485934883630492,0.00013591520416059944,0.011658267631196302,1.5898744157743436,26.09022229238649,0.19276991575502764,0.20139982634395906,6.556726420388578,23.433972498760397,"Ledoit-Wolf (2004) linear shrinkage toward tr(S)/p * I, divisor T as in the paper's own derivation, intensity solved in closed form (not cross-validated)",0.039820803966130164
250,85,sample,regime_2,0.012037929291247931,0.00014491174162108492,0.00015264167246253207,0.012354823853966194,1.550481606473656,24.518336259109084,0.18714755954840806,0.20974746261494287,6.37316430170345,27.906800785657243,"unbiased sample covariance, divisor n - 1, per-asset means subtracted",0.02227654863885421
250,85,ewma,regime_2,0.009982494255952653,9.965019157012772e-05,0.00011398970345492595,0.010676596061241895,1.0662061430126262,3.2572584863953313,0.08816869457005866,0.2774905853292218,4.68435429605198,93.90141610246485,"exponentially weighted second moment about zero (no mean subtracted), newest observation weight 1, normalised to sum to 1",0.22960693455153894
250,85,shrinkage,regime_2,0.012062942660599298,0.00014551458563290644,0.00015143154240210223,0.012305752411051599,1.5569317294343343,24.77707038692383,0.1880506922398781,0.2037729946152839,6.497676938324003,23.903289261508466,"Ledoit-Wolf (2004) linear shrinkage toward tr(S)/p * I, divisor T as in the paper's own derivation, intensity solved in closed form (not cross-validated)",0.02044815827813626
250,90,sample,regime_2,0.011934772240565494,0.0001424387884341727,0.0001566775920447857,0.012517091996337876,1.5240222706939257,23.45129690262171,0.1817746690880955,0.21434125471707133,6.414103346633732,29.362360402481237,"unbiased sample covariance, divisor n - 1, per-asset means subtracted",0.025380564571448296
250,90,ewma,regime_2,0.01005438196722912,0.00010109059674294214,0.00011564674696110145,0.01075391774941121,1.081617742523713,4.000853002449589,0.06908590774517658,0.2791979835750527,5.251928652572447,96.03414683554635,"exponentially weighted second moment about zero (no mean subtracted), newest observation weight 1, normalised to sum to 1",0.15847553053249044
250,90,shrinkage,regime_2,0.011964595042368718,0.0001431515345278741,0.00015637012206514778,0.012504803959484842,1.531648289786703,23.759778998942238,0.18365278330657434,0.20793045898559623,6.533995856299782,25.152576840018504,"Ledoit-Wolf (2004) linear shrinkage toward tr(S)/p * I, divisor T as in the paper's own derivation, intensity solved in closed form (not cross-validated)",0.02239837797728247
250,95,sample,regime_2,0.011889318758752127,0.0001413559005472152,0.0001539146279397668,0.012406233430810772,1.512435923502054,22.981133654803077,0.17917987302771607,0.2197591869522401,6.534539044022057,32.07357381279652,"unbiased sample covariance, divisor n - 1, per-asset means subtracted",0.04698006808639546
250,95,ewma,regime_2,0.0108676124427544,0.00011810500020591026,0.0001188938187826747,0.010903844220396525,1.2636631676862475,12.412773637440665,0.15083643561616153,0.25796829359147255,6.35600431618801,131.38802296971278,"exponentially weighted second moment about zero (no mean subtracted), newest observation weight 1, normalised to sum to 1",0.3211972451453138
250,95,shrinkage,regime_2,0.011927351368357644,0.00014226171066426298,0.0001542519884025859,0.012419822398190157,1.5221276290169365,23.37453663608777,0.18205288730592598,0.21234742696067796,6.651158786002037,27.347460979856443,"Ledoit-Wolf (2004) linear shrinkage toward tr(S)/p * I, divisor T as in the paper's own derivation, intensity solved in closed form (not cross-validated)",0.04258431208961356
250,100,sample,regime_2,0.011651399537928885,0.00013575511119244944,8.009216092822344e-05,0.008949422379585369,1.4525103385966949,20.520136848441005,0.175211091970231,0.21853285405514125,6.433336961052722,32.6155081613501,"unbiased sample covariance, divisor n - 1, per-asset means subtracted",0.04113884256150951
250,100,ewma,regime_2,0.010546646832090422,0.00011123175940084293,6.169908124390305e-05,0.007854876271711926,1.1901230023007086,9.0927588018888,0.21453053146597043,0.24156939479721493,5.571395830546892,128.94484696602083,"exponentially weighted second moment about zero (no mean subtracted), newest observation weight 1, normalised to sum to 1",0.48944679312213113
250,100,shrinkage,regime_2,0.011691698547545508,0.00013669581492667773,8.030916477912606e-05,0.008961538081106729,1.462575387989834,20.936983094082272,0.1778362127565155,0.2110657592465492,6.557341887791637,27.653059099440313,"Ledoit-Wolf (2004) linear shrinkage toward tr(S)/p * I, divisor T as in the paper's own derivation, intensity solved in closed form (not cross-validated)",0.03864279886308563
250,105,sample,regime_2,0.011441211330305215,0.00013090131670470443,8.269526432500974e-05,0.009093693656870664,1.4005772171624766,18.345985025368595,0.1685753956924575,0.2183833523206725,6.392676255252962,33.10590509769748,"unbiased sample covariance, divisor n - 1, per-asset means subtracted",0.024790161110960357
250,105,ewma,regime_2,0.010057979657555404,0.00010116295479179831,6.630818125440908e-05,0.008142983559753089,1.082391936682011,4.03806691216495,0.16052624536507556,0.2748825346897746,5.3470339128334325,121.34667659383963,"exponentially weighted second moment about zero (no mean subtracted), newest observation weight 1, normalised to sum to 1",0.21953569797140066
250,105,shrinkage,regime_2,0.011485391338386827,0.00013191421419589112,8.253718342336168e-05,0.009084997711797273,1.411414702874537,18.802975672940825,0.17163345779221742,0.21095782409733654,6.517839045732202,28.117180103837292,"Ledoit-Wolf (2004) linear shrinkage toward tr(S)/p * I, divisor T as in the paper's own derivation, intensity solved in closed form (not cross-validated)",0.022762201197337892
250,110,sample,regime_2,0.011308858345575159,0.00012789027708028493,7.246618699555655e-05,0.008512707383409614,1.3683606313855066,16.976947788250428,0.16234145385795978,0.22894002035354682,6.362450267679442,34.60167911339775,"unbiased sample covariance, divisor n - 1, per-asset means subtracted",0.03829617131601929
250,110,ewma,regime_2,0.010122543348504974,0.00010246588384236228,6.875492381291119e-05,0.008291858887662717,1.0963326119153676,4.705902981415888,0.10243209201870289,0.250310440973093,5.557460258726241,115.59053637951901,"exponentially weighted second moment about zero (no mean subtracted), newest observation weight 1, normalised to sum to 1",0.2457245845501027
250,110,shrinkage,regime_2,0.011357371077941329,0.00012898987780205818,7.187189345479302e-05,0.008477729262885966,1.3801257973720737,17.47875541441839,0.1658349959594968,0.2202065523872424,6.500227153323376,29.39087352023504,"Ledoit-Wolf (2004) linear shrinkage toward tr(S)/p * I, divisor T as in the paper's own derivation, intensity solved in closed form (not cross-validated)",0.03420701328111249
250,115,sample,regime_2,0.011301646923228627,0.0001277272231773231,9.346008041417536e-05,0.009667475389892408,1.3666160379206989,16.9023540362083,0.16767303011013662,0.21922048161879387,6.476341211803383,35.856356769531025,"unbiased sample covariance, divisor n - 1, per-asset means subtracted",0.026801529953232803
250,115,ewma,regime_2,0.01030973166385496,0.00010629056698069356,9.343548840463582e-05,0.009666203412128043,1.137254767637425,6.642147748318772,0.1562183221208236,0.21078754340037106,6.274329889568116,118.0842315696389,"exponentially weighted second moment about zero (no mean subtracted), newest observation weight 1, normalised to sum to 1",0.232012582298321
250,115,shrinkage,regime_2,0.011349549994212614,0.00012881228507113154,9.332171139967139e-05,0.009660316319855752,1.3782256458752737,17.397855426548304,0.1708203370171091,0.21159778767045406,6.600940817661951,30.440374112174965,"Ledoit-Wolf (2004) linear shrinkage toward tr(S)/p * I, divisor T as in the paper's own derivation, intensity solved in closed form (not cross-validated)",0.024143617601504054
250,120,sample,regime_2,0.011225759215076346,0.0001260176699548715,0.00012866177367637044,0.011342917335340607,1.3483246917740916,16.11738421847486,0.1683150641724887,0.2221841422809015,6.396302934027529,35.681651726251644,"unbiased sample covariance, divisor n - 1, per-asset means subtracted",0.028541445497824308
250,120,ewma,regime_2,0.010343394958042455,0.00010698581925805809,0.00012948619427543949,0.011379200071860917,1.144693611832199,6.990355258415648,0.22054275693414818,0.21667903750388773,5.890271373270595,99.33724797614798,"exponentially weighted second moment about zero (no mean subtracted), newest observation weight 1, normalised to sum to 1",0.19533341647425106
250,120,shrinkage,regime_2,0.011274152376691228,0.00012710651181285245,0.00012897900099460922,0.011356892224310716,1.3599747434142992,16.61795502470018,0.17058886937470027,0.21414781951124692,6.529379531993706,30.40644776609373,"Ledoit-Wolf (2004) linear shrinkage toward tr(S)/p * I, divisor T as in the paper's own derivation, intensity solved in closed form (not cross-validated)",0.02619071009655223
250,125,sample,regime_2,0.01116888745873603,0.000124744047065911,0.0001371841691863782,0.011712564586220142,1.3346975774986962,15.52911224010578,0.16778434429113134,0.2131092301897509,6.449619714481626,34.9754678304759,"unbiased sample covariance, divisor n - 1, per-asset means subtracted",0.02672401019784082
250,125,ewma,regime_2,0.010588178943240779,0.0001121095333340874,0.00014647352847012556,0.012102624858687704,1.1995147349713176,9.522360044482149,0.3021555122212058,0.28969186592372065,4.746547000032706,94.97638510503413,"exponentially weighted second moment about zero (no mean subtracted), newest observation weight 1, normalised to sum to 1",0.27135493561866914
250,125,shrinkage,regime_2,0.011216846108914174,0.00012581763663106304,0.00013830600723131734,0.011760357444878848,1.346184437397343,16.025188532376156,0.17016205359550857,0.20613968733678248,6.57212971807842,29.75653609041882,"Ledoit-Wolf (2004) linear shrinkage toward tr(S)/p * I, divisor T as in the paper's own derivation, intensity solved in closed form (not cross-validated)",0.024077091166116518
250,130,sample,regime_2,0.011210770480203204,0.00012568137475979556,0.00017469811962604403,0.013217341624776294,1.3447265049848243,15.962343240589295,0.17819017725299646,0.19499970786113016,6.448399426267337,35.39343962635249,"unbiased sample covariance, divisor n - 1, per-asset means subtracted",0.06627488429486236
250,130,ewma,regime_2,0.010400814661829023,0.00010817694562971757,0.00016122590661742052,0.012697476387748098,1.157438055516223,7.58429511393488,0.2573712312480498,0.2650227004579475,5.156721524499758,68.38611748308666,"exponentially weighted second moment about zero (no mean subtracted), newest observation weight 1, normalised to sum to 1",0.3204401549964985
250,130,shrinkage,regime_2,0.011252833658380547,0.00012662626534318212,0.00017562394542495094,0.013252318492435614,1.3548363515250847,16.397437752086464,0.17941416976391605,0.19013518588055967,6.5659515138376525,30.027108973854762,"Ledoit-Wolf (2004) linear shrinkage toward tr(S)/p * I, divisor T as in the paper's own derivation, intensity solved in closed form (not cross-validated)",0.059956438707096174
250,135,sample,regime_2,0.011183967388414224,0.00012508112654511288,0.00016318066306069385,0.012774218686897992,1.3383041557274558,15.68509652187078,0.1755637633682426,0.19809328142444632,6.473658354365457,36.33046930353271,"unbiased sample covariance, divisor n - 1, per-asset means subtracted",0.030498324692003587
250,135,ewma,regime_2,0.010585676649804608,0.0001120565501342185,0.00015308628114947117,0.012372804094039118,1.1989478417994472,9.49647673781322,0.255437668293543,0.2901460720180553,4.891796367596598,86.02236336605712,"exponentially weighted second moment about zero (no mean subtracted), newest observation weight 1, normalised to sum to 1",0.30609628082235785
250,135,shrinkage,regime_2,0.011226255319683846,0.00012602880850272986,0.00016365645936383823,0.012792828434862957,1.3484438685459945,16.12251584193285,0.17703834543442265,0.19293803010225485,6.592935688931732,30.789639056832446,"Ledoit-Wolf (2004) linear shrinkage toward tr(S)/p * I, divisor T as in the paper's own derivation, intensity solved in closed form (not cross-validated)",0.02900666846879757
250,140,sample,regime_2,0.010922952354693068,0.00011931088814289482,0.00015319419382442217,0.012377164207702109,1.276565552578232,12.985200472373016,0.15485155389979702,0.2096771972798475,6.27063519774996,34.78324537453119,"unbiased sample covariance, divisor n - 1, per-asset means subtracted",0.07225208582731556
250,140,ewma,regime_2,0.010172173221331165,0.00010347310804476684,0.00012769019074182147,0.011300008439900453,1.1071093963356862,5.219266122497079,0.20750256484689722,0.30015812600689334,4.072018088809862,47.665813649286065,"exponentially weighted second moment about zero (no mean subtracted), newest observation weight 1, normalised to sum to 1",0.4823999314423686
250,140,shrinkage,regime_2,0.010973986466583588,0.00012042837896875973,0.0001533933540632626,0.012385207065821007,1.2885221335393324,13.513088828528153,0.15775890724137337,0.20303182678930076,6.406653288565343,29.8226513296852,"Ledoit-Wolf (2004) linear shrinkage toward tr(S)/p * I, divisor T as in the paper's own derivation, intensity solved in closed form (not cross-validated)",0.06531339664251695
250,145,sample,regime_2,0.010788885305486893,0.00011640004613495101,0.00013316327133968789,0.011539639133858904,1.2454210301111095,11.598433237707662,0.14083123634552847,0.21525890526021285,6.266301655347278,35.68183809291739,"unbiased sample covariance, divisor n - 1, per-asset means subtracted",0.045445075990795544
250,145,ewma,regime_2,0.009799894581790815,9.603793381421297e-05,9.885835551320074e-05,0.009942753919976132,1.02755683036388,1.3684778599284408,0.10516876022517582,0.2803442662664646,4.7492221809759005,43.06021688975551,"exponentially weighted second moment about zero (no mean subtracted), newest observation weight 1, normalised to sum to 1",0.2985612300307752
250,145,shrinkage,regime_2,0.01084373121142698,0.00011758650658567567,0.00013383587236732888,0.011568745496696212,1.2581155508247392,12.165750156843291,0.14509981888227494,0.20772480259641088,6.409630078846631,30.43233082457259,"Ledoit-Wolf (2004) linear shrinkage toward tr(S)/p * I, divisor T as in the paper's own derivation, intensity solved in closed form (not cross-validated)",0.042697780682480174
250,150,sample,regime_2,0.010750041806503562,0.00011556339884157436,9.004064328736677e-05,0.009488974828050013,1.236469331477341,11.196642551712909,0.1434554885412014,0.21293463711394098,6.174420302037925,34.821238702980885,"unbiased sample covariance, divisor n - 1, per-asset means subtracted",0.02729586175634182
250,150,ewma,regime_2,0.009904176289375927,9.809270797103628e-05,6.475796417648945e-05,0.008047233324347534,1.049541864150462,2.447150480160354,0.11373602617182488,0.2349596111838269,4.978381690317432,46.92883574111617,"exponentially weighted second moment about zero (no mean subtracted), newest observation weight 1, normalised to sum to 1",0.14069386452620822
250,150,shrinkage,regime_2,0.010802523907971592,0.00011669452278229782,9.013738587560687e-05,0.009494071090717978,1.2485717798028848,11.739508670965826,0.14673101142076417,0.20568427317548874,6.32320430519022,29.754502535807617,"Ledoit-Wolf (2004) linear shrinkage toward tr(S)/p * I, divisor T as in the paper's own derivation, intensity solved in closed form (not cross-validated)",0.025306058892409236
250,155,sample,regime_2,0.010630661583655412,0.00011301096570620698,7.069615800413318e-05,0.008408100737035278,1.209159600851861,9.961793403520879,0.12988716368712488,0.22004532780412905,6.153108937095691,34.16943068944164,"unbiased sample covariance, divisor n - 1, per-asset means subtracted",0.038086367010476546
250,155,ewma,regime_2,0.010259426200156197,0.00010525582595645143,5.011124551947781e-05,0.0070789296874229374,1.1261835672805471,6.121796407738356,0.18292567628551226,0.3128852022605445,4.890784483396743,54.699844946504754,"exponentially weighted second moment about zero (no mean subtracted), newest observation weight 1, normalised to sum to 1",0.25093647101066463
250,155,shrinkage,regime_2,0.01068504396011506,0.00011417016442959133,7.108414724934631e-05,0.008431141515201029,1.2215624350097363,10.524315650889072,0.13437050613605706,0.21220602486494794,6.299841034764083,29.234865751037873,"Ledoit-Wolf (2004) linear shrinkage toward tr(S)/p * I, divisor T as in the paper's own derivation, intensity solved in closed form (not cross-validated)",0.03531870666704785
250,160,sample,regime_2,0.010385362557639083,0.0001078557554536118,9.76823523020806e-05,0.009883438283415372,1.1540014847134634,7.424461120987869,0.12279479470078866,0.22839610101564184,6.115091646082751,35.987213159857326,"unbiased sample covariance, divisor n - 1, per-asset means subtracted",0.0572164893914105
250,160,ewma,regime_2,0.01063691404383972,0.00011314394037603468,0.00012065627810064077,0.010984365166027611,1.2105823618882567,10.026467810625306,0.15443851927912314,0.3173436627664193,5.0117990460595285,106.21539645910251,"exponentially weighted second moment about zero (no mean subtracted), newest observation weight 1, normalised to sum to 1",0.22656568010685635
250,160,shrinkage,regime_2,0.010452276595556843,0.00010925008603002536,9.793429587182673e-05,0.009896175820579722,1.1689201095804942,8.116608787942203,0.1284213823487711,0.21868907697841053,6.275521981982842,30.23589695163528,"Ledoit-Wolf (2004) linear shrinkage toward tr(S)/p * I, divisor T as in the paper's own derivation, intensity solved in closed form (not cross-validated)",0.05079324052309728
250,165,sample,regime_2,0.010323050782206395,0.00010656537745201206,9.021218212279384e-05,0.009498009376853333,1.1401950992922596,6.779918490896941,0.10614823837518808,0.24128832694629504,5.986658154487224,36.292235618306506,"unbiased sample covariance, divisor n - 1, per-asset means subtracted",0.05435540764941468
250,165,ewma,regime_2,0.010641197869858643,0.00011323509210548414,0.00011499333773366366,0.010723494660494947,1.2115576388280593,10.070778993702923,0.18360137978061464,0.33298938177668524,4.186180590640496,66.53912731094137,"exponentially weighted second moment about zero (no mean subtracted), newest observation weight 1, normalised to sum to 1",0.281827750315351
250,165,shrinkage,regime_2,0.010388264578278539,0.00010791604094831661,9.034928177906292e-05,0.009505223920511443,1.1546465087096651,7.454479139292514,0.11281818434340109,0.23048754922375422,6.157682950252598,30.43853781630573,"Ledoit-Wolf (2004) linear shrinkage toward tr(S)/p * I, divisor T as in the paper's own derivation, intensity solved in closed form (not cross-validated)",0.051308367358940725
250,170,sample,regime_2,0.01025056898341919,0.00010507416448383553,0.00011730711175300654,0.010830840768518691,1.1242398823262088,6.030178832547883,0.09747274818144513,0.25075528631923877,5.914549977214143,35.97602170871895,"unbiased sample covariance, divisor n - 1, per-asset means subtracted",0.05105658846023884
250,170,ewma,regime_2,0.010257667751192554,0.0001052197476938557,0.00014061601113834086,0.01185816221588914,1.12579754830153,6.103607304442282,0.1763154988328459,0.3301858897545869,4.187043987388373,54.49972805610681,"exponentially weighted second moment about zero (no mean subtracted), newest observation weight 1, normalised to sum to 1",0.2897667152840995
250,170,shrinkage,regime_2,0.010315392397102455,0.00010640732030619911,0.00011713123514420914,0.01082271847292579,1.138503968576327,6.700701430512024,0.10441124251667892,0.23867090123954357,6.100747529792314,30.31334109305547,"Ledoit-Wolf (2004) linear shrinkage toward tr(S)/p * I, divisor T as in the paper's own derivation, intensity solved in closed form (not cross-validated)",0.0447818529858578
250,175,sample,regime_2,0.010252261113321485,0.0001051088579357239,0.00013483952191790453,0.011612042107997392,1.1246110845380948,6.0476819425155925,0.098574505516791,0.24710826705273928,5.959151062979354,36.26591777471504,"unbiased sample covariance, divisor n - 1, per-asset means subtracted",0.021311346033769347
250,175,ewma,regime_2,0.010129339067580437,0.00010260350994601133,0.0001584340055055609,0.012587057062934167,1.097805140917444,4.776196768037155,0.13845337607361474,0.29055950847298617,4.505317586828096,39.47888346145392,"exponentially weighted second moment about zero (no mean subtracted), newest observation weight 1, normalised to sum to 1",0.15807504332736755
250,175,shrinkage,regime_2,0.01031788813820163,0.00010645881563244188,0.00013524853089244728,0.011629640187574475,1.1390549422604852,6.726516960898032,0.10587026489459855,0.235632314804187,6.1365628357950905,30.475952050474916,"Ledoit-Wolf (2004) linear shrinkage toward tr(S)/p * I, divisor T as in the paper's own derivation, intensity solved in closed form (not cross-validated)",0.01875531160522438
250,180,sample,regime_2,0.010345377051289198,0.00010702682633334116,8.915086845038375e-05,0.009441973758191861,1.145132366589063,7.010857700939077,0.09608116415384485,0.23973224364491866,6.038473457092768,35.965997474606915,"unbiased sample covariance, divisor n - 1, per-asset means subtracted",0.047857774577758395
250,180,ewma,regime_2,0.010943580496489611,0.00011976195408314782,0.0001148871609940798,0.010718542857780613,1.2813917277096973,13.198574536506303,0.1671115218205431,0.26860887154855445,5.5580827635073575,39.81153973896735,"exponentially weighted second moment about zero (no mean subtracted), newest observation weight 1, normalised to sum to 1",0.4787709402317101
250,180,shrinkage,regime_2,0.010409189979280711,0.00010835123602475797,9.021313267516446e-05,0.00949805941627891,1.1593028737060544,7.670928003154809,0.10433025032324589,0.2290188912547361,6.210872649257981,30.441912775117046,"Ledoit-Wolf (2004) linear shrinkage toward tr(S)/p * I, divisor T as in the paper's own derivation, intensity solved in closed form (not cross-validated)",0.04223921152888475
250,185,sample,regime_2,0.010324603557250296,0.00010659743861438546,9.797511033562296e-05,0.009898237738891856,1.1405381373510532,6.795980137412161,0.09346218612249674,0.23891956262520828,6.063409562781458,34.844577325217216,"unbiased sample covariance, divisor n - 1, per-asset means subtracted",0.021074354745989593
250,185,ewma,regime_2,0.011056507157074002,0.00012224635051442863,0.00012237276629707293,0.0110622224845224,1.3079735003583342,14.366669111167795,0.15033496041416702,0.269821136361269,5.1693853426544365,31.611926116881968,"exponentially weighted second moment about zero (no mean subtracted), newest observation weight 1, normalised to sum to 1",0.27460453169003635
250,185,shrinkage,regime_2,0.010387605933986603,0.00010790235703979367,9.888736148506937e-05,0.00994421246178245,1.1545000978789612,7.447666232401784,0.10218220933058327,0.22868160930482812,6.223836272859235,29.533263733956577,"Ledoit-Wolf (2004) linear shrinkage toward tr(S)/p * I, divisor T as in the paper's own derivation, intensity solved in closed form (not cross-validated)",0.018252181616809145
250,190,sample,regime_2,0.01031526345584525,0.00010640466016349648,8.608862398304875e-05,0.009278395550042515,1.1384755064083556,6.699367683616386,0.09391326895634575,0.2443045337914368,6.071704666358188,34.62726863937127,"unbiased sample covariance, divisor n - 1, per-asset means subtracted",0.03200446099970329
250,190,ewma,regime_2,0.011119994748063227,0.00012365428319695377,8.613294523527386e-05,0.00928078365415733,1.3230376608120562,15.023374181600847,0.227976829094908,0.3643890542576541,4.493056255177181,33.08334560549747,"exponentially weighted second moment about zero (no mean subtracted), newest observation weight 1, normalised to sum to 1",0.6333871774032367
250,190,shrinkage,regime_2,0.01037732456812057,0.00010768886519211878,8.806145020700855e-05,0.009384106255100085,1.1522158441721946,7.341317495743205,0.10253822723101852,0.2334778965645689,6.231734463859926,29.39371209851163,"Ledoit-Wolf (2004) linear shrinkage toward tr(S)/p * I, divisor T as in the paper's own derivation, intensity solved in closed form (not cross-validated)",0.028755453397282256
250,195,sample,regime_2,0.010272215979335732,0.00010551842112612036,7.24670791040395e-05,0.008512759781882694,1.128993201447978,6.254091754058,0.09347924704549301,0.2459062905785215,6.009780489141136,34.9264525957019,"unbiased sample covariance, divisor n - 1, per-asset means subtracted",0.03999600914289331
250,195,ewma,regime_2,0.010904294408819225,0.00011890363655420623,7.919231405122297e-05,0.008899006351903733,1.2722081686257298,12.792205786824184,0.20484138325660126,0.32323835272227597,4.9488688187332155,48.27522356698147,"exponentially weighted second moment about zero (no mean subtracted), newest observation weight 1, normalised to sum to 1",0.10097047353216174
250,195,shrinkage,regime_2,0.010332751303749735,0.00010676574950514184,7.359901766319981e-05,0.008578986983508006,1.1423389778997048,6.880259070592865,0.10128568356978661,0.234718057846368,6.182492047962143,29.821430266723816,"Ledoit-Wolf (2004) linear shrinkage toward tr(S)/p * I, divisor T as in the paper's own derivation, intensity solved in closed form (not cross-validated)",0.03585704748141911
250,200,sample,regime_2,0.01014612308576066,0.00010294381367140545,9.569020656413049e-05,0.009782137116404088,1.1014462169333388,4.949807857534383,0.08284465330472242,0.2472976985108049,5.887193425551181,36.01675007542162,"unbiased sample covariance, divisor n - 1, per-asset means subtracted",0.03410975744299939
250,200,ewma,regime_2,0.009962602966496762,9.925345786805008e-05,0.00010237561275866543,0.010118083452841523,1.0619612950737476,3.051506300186979,0.11554632931145589,0.2402407620645225,5.377915786747077,38.86830299307429,"exponentially weighted second moment about zero (no mean subtracted), newest observation weight 1, normalised to sum to 1",0.3649423862681196
250,200,shrinkage,regime_2,0.010207986003215952,0.00010420297824185279,9.790151736417975e-05,0.009894519562069689,1.1149186345867461,5.589707575442504,0.09114883234962833,0.23597429619092616,6.068584332506144,30.620170384617232,"Ledoit-Wolf (2004) linear shrinkage toward tr(S)/p * I, divisor T as in the paper's own derivation, intensity solved in closed form (not cross-validated)",0.03116224263022111
250,205,sample,regime_2,0.010099879965195896,0.00010200757531136546,0.00012653606479216006,0.011248825040516901,1.091428944762856,4.471476717947098,0.08415146507674877,0.2502693699027555,5.830659584908567,37.984527937389224,"unbiased sample covariance, divisor n - 1, per-asset means subtracted",0.03966310675654691
250,205,ewma,regime_2,0.010058427828292174,0.00010117197037696243,0.00014358504727724983,0.011982697829672992,1.0824883988376113,4.04270271564513,0.1223628783297909,0.2593761234807111,5.330004601919512,53.29945700814986,"exponentially weighted second moment about zero (no mean subtracted), newest observation weight 1, normalised to sum to 1",0.1638379707421458
250,205,shrinkage,regime_2,0.010156872659022934,0.00010316206221160762,0.00012944750620985356,0.011377499998235709,1.1037813648201678,5.060999653542586,0.09095238982477269,0.23961332175474967,6.007384904500778,32.26782072611261,"Ledoit-Wolf (2004) linear shrinkage toward tr(S)/p * I, divisor T as in the paper's own derivation, intensity solved in closed form (not cross-validated)",0.03844510122666725
250,210,sample,regime_2,0.010081473091747437,0.00010163609969962762,0.00014787392052352798,0.012160342121976996,1.0874543454873944,4.281079083762562,0.09722492412279371,0.2441195607901375,5.821375641517073,38.562373292827935,"unbiased sample covariance, divisor n - 1, per-asset means subtracted",0.05826789113162025
250,210,ewma,regime_2,0.010442727608081931,0.00010905055989659656,0.0001737819088417318,0.013182636642255288,1.166785281881707,8.017835651419492,0.1747732214099738,0.29791584810119154,5.029936020002395,62.370438761784015,"exponentially weighted second moment about zero (no mean subtracted), newest observation weight 1, normalised to sum to 1",0.29089672912978515
250,210,shrinkage,regime_2,0.01013739616177643,0.00010276680094079951,0.00014967062800650362,0.012233994768942139,1.0995522711436743,4.859538008884745,0.1026000317013984,0.23424176655689435,5.992605721720913,32.58241376624881,"Ledoit-Wolf (2004) linear shrinkage toward tr(S)/p * I, divisor T as in the paper's own derivation, intensity solved in closed form (not cross-validated)",0.0530725505809325
250,215,sample,regime_2,0.010103316003545977,0.00010207699426750824,0.00016327256111390654,0.012777815193291322,1.0921716921305706,4.507018526535855,0.09841423287597369,0.23587248522845325,5.892985394631949,37.694437193917274,"unbiased sample covariance, divisor n - 1, per-asset means subtracted",0.026059844263068805
250,215,ewma,regime_2,0.010566051912116427,0.00011164145300953921,0.00018479944805944705,0.013594096073643406,1.194506514619775,9.293481718708874,0.15560713777192425,0.2634518663800674,5.572930512834581,76.17771355864554,"exponentially weighted second moment about zero (no mean subtracted), newest observation weight 1, normalised to sum to 1",0.18066632324698098
250,215,shrinkage,regime_2,0.01015891614148069,0.00010320357716963691,0.00016709189741540576,0.012926403112057342,1.1042255536629617,5.082137095843353,0.10434065744341844,0.22703200110175986,6.048284054153976,32.1188651122121,"Ledoit-Wolf (2004) linear shrinkage toward tr(S)/p * I, divisor T as in the paper's own derivation, intensity solved in closed form (not cross-validated)",0.022472555598684395
250,220,sample,regime_2,0.010051247291419027,0.00010102757211325832,0.00011565974007267428,0.010754521843051614,1.0809434111825365,3.9684284377972334,0.08498855568211551,0.24680592835784582,5.6996284294194,38.45727179355752,"unbiased sample covariance, divisor n - 1, per-asset means subtracted",0.05873174784983227
250,220,ewma,regime_2,0.01061902319043492,0.00011276365351899461,0.00011365059558682205,0.010660703334528263,1.206513486789329,9.841407801854452,0.17879775062137068,0.3833193342648578,3.721942522425943,59.06049098069759,"exponentially weighted second moment about zero (no mean subtracted), newest observation weight 1, normalised to sum to 1",0.6072747126426957
250,220,shrinkage,regime_2,0.010102771962732583,0.00010206600133097558,0.0001173951281564234,0.010834903237058623,1.0920540733254664,4.501391058945536,0.09046941927929149,0.236689062298364,5.8757609910032755,32.69197721161502,"Ledoit-Wolf (2004) linear shrinkage toward tr(S)/p * I, divisor T as in the paper's own derivation, intensity solved in closed form (not cross-validated)",0.052941254593577985
250,225,sample,regime_2,0.009954139897816888,9.908490110531e-05,0.00011303737355639234,0.010631903571627818,1.0601578238204752,2.9639657268733632,0.08178489361566109,0.24780353075316702,5.605478444553167,38.9690103808175,"unbiased sample covariance, divisor n - 1, per-asset means subtracted",0.023708323174538602
250,225,ewma,regime_2,0.010757498966455847,0.0001157237840132986,0.00010233464404895527,0.010116058721110474,1.238185370881241,11.273778172633332,0.2632195798423431,0.3658952615284616,3.484972267005716,75.74558668400434,"exponentially weighted second moment about zero (no mean subtracted), newest observation weight 1, normalised to sum to 1",0.3230339431942143
250,225,shrinkage,regime_2,0.010003414073486455,0.00010006829312562686,0.00011400606966520815,0.010677362486363763,1.0706796160672425,3.4736495957904623,0.0867015032712961,0.2379671835229684,5.778250440334273,33.219146405777266,"Ledoit-Wolf (2004) linear shrinkage toward tr(S)/p * I, divisor T as in the paper's own derivation, intensity solved in closed form (not cross-validated)",0.023246602358899617
250,230,sample,regime_2,0.009877128592389208,9.755766923059241e-05,0.00012001383976495136,0.010955082827845318,1.04381722295487,2.1673736060034976,0.07788465454794083,0.24752558375044198,5.541229973822175,38.437110578630005,"unbiased sample covariance, divisor n - 1, per-asset means subtracted",0.038754012342497327
250,230,ewma,regime_2,0.011495302563014245,0.00013214198101524187,0.0002111354121623527,0.014530499377597204,1.4138516914857961,18.90549573025615,0.33560563975650726,0.43099697500592393,3.206453977485721,71.68864664792608,"exponentially weighted second moment about zero (no mean subtracted), newest observation weight 1, normalised to sum to 1",0.21331734441738856
250,230,shrinkage,regime_2,0.009925732615543059,9.852016795525527e-05,0.0001213033735942674,0.0110137810761912,1.0541154676115814,2.670125528879197,0.08343227590039053,0.2381322169989018,5.703633037968872,33.02708702638634,"Ledoit-Wolf (2004) linear shrinkage toward tr(S)/p * I, divisor T as in the paper's own derivation, intensity solved in closed form (not cross-validated)",0.03533437859535021
250,235,sample,regime_2,0.009843545603972248,9.689539005748135e-05,0.0001282905337884499,0.0113265411220041,1.0367311741311362,1.819996765426013,0.07693870060521257,0.2467816896914748,5.409688648857568,39.08526230257741,"unbiased sample covariance, divisor n - 1, per-asset means subtracted",0.040456029985715826
250,235,ewma,regime_2,0.011528141012971947,0.00013289803521496587,0.00025657912988361753,0.016018087585090098,1.4219410851888574,19.245171188977594,0.3295393016956043,0.4254842280080941,3.28199655482439,76.73116831677486,"exponentially weighted second moment about zero (no mean subtracted), newest observation weight 1, normalised to sum to 1",0.02794973921908045
250,235,shrinkage,regime_2,0.009873924642313374,9.749438784208329e-05,0.00012893132868282145,0.011354793202996762,1.0431401444254291,2.13423247988056,0.08141620369164333,0.2382364405840942,5.5548379343596785,33.706259044905025,"Ledoit-Wolf (2004) linear shrinkage toward tr(S)/p * I, divisor T as in the paper's own derivation, intensity solved in closed form (not cross-validated)",0.03959269183802091
250,240,sample,regime_2,0.009815894265281814,9.635178022719242e-05,0.00015152063480572197,0.012309371828234045,1.0309148266527852,1.5339759219929805,0.07040303957054449,0.24747365318169146,5.353376277054059,39.80333392298921,"unbiased sample covariance, divisor n - 1, per-asset means subtracted",0.018846357633294782
250,240,ewma,regime_2,0.010226560147963153,0.00010458253245990814,0.00017573801074903747,0.013256621392686655,1.1189796708228097,5.7818354360903434,0.18070339246666683,0.3327594332860399,4.390424809412842,75.21313980294295,"exponentially weighted second moment about zero (no mean subtracted), newest observation weight 1, normalised to sum to 1",0.43264427282831913
250,240,shrinkage,regime_2,0.009845017456688707,9.692436872250539e-05,0.00015235817276251272,0.012343345282479653,1.0370412310430006,1.8352213648598292,0.07521213218307926,0.2388899549387938,5.498473439462928,34.421513302563255,"Ledoit-Wolf (2004) linear shrinkage toward tr(S)/p * I, divisor T as in the paper's own derivation, intensity solved in closed form (not cross-validated)",0.017972175864060413
250,245,sample,regime_2,0.009806166510861658,9.61609016387447e-05,0.00014970183688197485,0.012235270200611626,1.028872523267655,1.4333536499535837,0.07396782660461736,0.2379173912409503,5.3477656544153,40.87006793556653,"unbiased sample covariance, divisor n - 1, per-asset means subtracted",0.04699276617252438
250,245,ewma,regime_2,0.010588070791649605,0.0001121072430889835,0.0002226552332707916,0.014921636413972551,1.1994902305186887,9.521241342430397,0.2550168589895528,0.3620752810806577,4.27331234544658,61.158117817192675,"exponentially weighted second moment about zero (no mean subtracted), newest observation weight 1, normalised to sum to 1",0.19434790901308582
250,245,shrinkage,regime_2,0.009846257488057213,9.694878652112275e-05,0.00015044400517213354,0.012265561755261499,1.0373024890142546,1.848048042868955,0.0772866870704251,0.22979010030061553,5.512890539847602,35.30871264203754,"Ledoit-Wolf (2004) linear shrinkage toward tr(S)/p * I, divisor T as in the paper's own derivation, intensity solved in closed form (not cross-validated)",0.0469867950317845
250,250,sample,regime_2,0.009840367595095628,9.683283440660811e-05,0.00017185210878593461,0.013109237536406708,1.0360618606236527,1.7871239707485165,0.0710686296495024,0.2371773160854884,5.336234084242042,41.653362887159425,"unbiased sample covariance, divisor n - 1, per-asset means subtracted",0.05350596530284689
250,250,ewma,regime_2,0.009990375567181244,9.980760397333197e-05,0.00016859273356297443,0.012984326457809602,1.0678903753120157,3.338781457496176,0.12782010698064158,0.301447559078299,4.43585084850922,75.58626210649531,"exponentially weighted second moment about zero (no mean subtracted), newest observation weight 1, normalised to sum to 1",0.49094686961293865
250,250,shrinkage,regime_2,0.009877170165242297,9.755849047315253e-05,0.00017208183613363364,0.013117996650923251,1.0438260098307273,2.1678036286739033,0.07457479562845638,0.22915026107528944,5.497931660404172,36.04420252451607,"Ledoit-Wolf (2004) linear shrinkage toward tr(S)/p * I, divisor T as in the paper's own derivation, intensity solved in closed form (not cross-validated)",0.050701210502154384
250,255,sample,regime_2,0.009814319516872004,9.632086757925472e-05,0.00017051135157517512,0.013057999524244713,1.0305840771117292,1.5176869866393883,0.05608351903498928,0.26192282470807865,5.1927312321515435,39.86979793044028,"unbiased sample covariance, divisor n - 1, per-asset means subtracted",0.059574627432012674
250,255,ewma,regime_2,0.010182659399244202,0.00010368655244101628,0.00018826544428078947,0.013720985543348899,1.1093931423364416,5.3277334008684285,0.11737592394316318,0.3072863988974264,4.492102560093524,50.21005441826478,"exponentially weighted second moment about zero (no mean subtracted), newest observation weight 1, normalised to sum to 1",0.3403330091905699
250,255,shrinkage,regime_2,0.009852380167697797,9.706939496884488e-05,0.00017066834959241934,0.013064009705768721,1.0385929377914658,1.9113800216377097,0.060732654618381635,0.25180168739128084,5.335877035651724,34.74741210369164,"Ledoit-Wolf (2004) linear shrinkage toward tr(S)/p * I, divisor T as in the paper's own derivation, intensity solved in closed form (not cross-validated)",0.058514409533297645
250,260,sample,regime_2,0.009753308419690063,9.512702512959705e-05,0.00016497199550716203,0.012844142459002937,1.0178105727806463,0.886598355809709,0.051759824283339625,0.260187662905998,5.103596825310813,41.214717479466884,"unbiased sample covariance, divisor n - 1, per-asset means subtracted",0.030485226821292677
250,260,ewma,regime_2,0.010454859306957697,0.00010930408312827998,0.0002022200607792578,0.014220410007424461,1.169497850947137,8.143323924648115,0.11530317863038719,0.3274527778580579,4.379568681218718,58.88650175400781,"exponentially weighted second moment about zero (no mean subtracted), newest observation weight 1, normalised to sum to 1",0.29097997135489584
250,260,shrinkage,regime_2,0.009785045295745809,9.57471114397972e-05,0.00016476098536429923,0.01283592557489717,1.0244451795256637,1.214879317502704,0.055050784950048635,0.2504220149545281,5.269887272417365,35.81603318566768,"Ledoit-Wolf (2004) linear shrinkage toward tr(S)/p * I, divisor T as in the paper's own derivation, intensity solved in closed form (not cross-validated)",0.03336145462637445
250,265,sample,regime_2,0.009720470172880405,9.448754038185759e-05,0.00013716683544033517,0.011711824599110727,1.0109684126637453,0.5469249984177971,0.04463649729531463,0.2577086711443364,5.1073213243723385,42.68044410451397,"unbiased sample covariance, divisor n - 1, per-asset means subtracted",0.028562049422806733
250,265,ewma,regime_2,0.01038868667223603,0.0001079248107738945,0.00012752600549465677,0.011292741274582394,1.1547403413632404,7.458845208909648,0.19434905500404756,0.360475428467156,3.6623807752259574,82.0682691654206,"exponentially weighted second moment about zero (no mean subtracted), newest observation weight 1, normalised to sum to 1",0.2994168617721531
250,265,shrinkage,regime_2,0.009753888278293587,9.513833654543301e-05,0.00013725263791031938,0.011715487096587977,1.0179315991515991,0.8925963166574125,0.050335187924765316,0.24770499091769962,5.26587743818294,36.95512632188652,"Ledoit-Wolf (2004) linear shrinkage toward tr(S)/p * I, divisor T as in the paper's own derivation, intensity solved in closed form (not cross-validated)",0.026536329075193568
250,270,sample,regime_2,0.009676660083019347,9.363775036229998e-05,8.303213215968601e-05,0.009112196889866132,1.0018760935738664,0.09376072332714092,0.016503893517145218,0.2720950992166512,5.040964212558789,44.94720737815127,"unbiased sample covariance, divisor n - 1, per-asset means subtracted",0.06668054425038232
250,270,ewma,regime_2,0.010919139842934035,0.00011922761490954948,8.042279781720986e-05,0.0089678758810105,1.2756745715219753,12.945764485525334,0.23734292100872245,0.36346277145329425,3.3211450839321004,90.82787694656123,"exponentially weighted second moment about zero (no mean subtracted), newest observation weight 1, normalised to sum to 1",0.16059106495612502
250,270,shrinkage,regime_2,0.00970703964457229,9.422661866129812e-05,8.326298356315023e-05,0.009124855262586372,1.008176683546896,0.40800184979761234,0.02812116846021954,0.26045931568008496,5.211313316676377,38.87079973646975,"Ledoit-Wolf (2004) linear shrinkage toward tr(S)/p * I, divisor T as in the paper's own derivation, intensity solved in closed form (not cross-validated)",0.06163572892724481
250,275,sample,regime_2,0.009680108965339437,9.370450958084495e-05,9.012300700784476e-05,0.009493313805402451,1.0025903831080243,0.12943538780312291,0.024846609932793823,0.26324697881755754,5.093828798066043,45.097511469877425,"unbiased sample covariance, divisor n - 1, per-asset means subtracted",0.0394045458738566
250,275,ewma,regime_2,0.011019968043976482,0.00012143969569026283,6.702466096553049e-05,0.008186859041508562,1.2993427058233222,13.988714609092877,0.21532879527602203,0.32771677893189943,3.929340601032872,74.97914206045445,"exponentially weighted second moment about zero (no mean subtracted), newest observation weight 1, normalised to sum to 1",0.2523583657100399
250,275,shrinkage,regime_2,0.009692966990113029,9.395360907142083e-05,9.052451039663041e-05,0.009514436945853938,1.0052556204034933,0.2624366551847279,0.035676618177949045,0.2531867933897839,5.230777419275063,39.130712468027106,"Ledoit-Wolf (2004) linear shrinkage toward tr(S)/p * I, divisor T as in the paper's own derivation, intensity solved in closed form (not cross-validated)",0.038068453742967814
250,280,sample,regime_2,0.009690241644716022,9.39007831329887e-05,7.94199255666844e-05,0.008911785767548747,1.0046904098486584,0.2342461361713566,0.035785934590351814,0.2642557649119723,4.966428295349647,48.450790635662614,"unbiased sample covariance, divisor n - 1, per-asset means subtracted",0.04866920600819262
250,280,ewma,regime_2,0.011571360863344747,0.00013389639222974648,7.628906051560906e-05,0.008734360910542286,1.432622995231446,19.6922301250773,0.2196053934053536,0.3209796723060141,3.862036336458737,96.25485349699889,"exponentially weighted second moment about zero (no mean subtracted), newest observation weight 1, normalised to sum to 1",0.04903397184969186
250,280,shrinkage,regime_2,0.00969782232484443,9.404775784425099e-05,8.0632926156809e-05,0.008979583852095206,1.006262964176415,0.3126594292273355,0.0377806711340799,0.2539613344284897,5.119956534706309,41.9430262488274,"Ledoit-Wolf (2004) linear shrinkage toward tr(S)/p * I, divisor T as in the paper's own derivation, intensity solved in closed form (not cross-validated)",0.04429562152680018
250,285,sample,regime_2,0.009692720664814103,9.394883388611435e-05,9.614489612875137e-05,0.009805350382763044,1.0052045283601407,0.2598887073061107,0.03293150878875879,0.2661376777794606,4.972418072765741,47.13968633198378,"unbiased sample covariance, divisor n - 1, per-asset means subtracted",0.02134217938902319
250,285,ewma,regime_2,0.011399610645042038,0.00012995112285855577,9.470566374258442e-05,0.00973168349991842,1.3904106284198594,17.91567446356992,0.21044962409759682,0.31701134033763423,3.8939702266789666,108.95319266550918,"exponentially weighted second moment about zero (no mean subtracted), newest observation weight 1, normalised to sum to 1",0.08144896641812527
250,285,shrinkage,regime_2,0.00969902000344011,9.40709890271314e-05,9.743549387700837e-05,0.009870941894115696,1.0065115259654718,0.32504801720614207,0.03611078585811606,0.2558081307298955,5.109658780008119,41.02952621091126,"Ledoit-Wolf (2004) linear shrinkage toward tr(S)/p * I, divisor T as in the paper's own derivation, intensity solved in closed form (not cross-validated)",0.019867114753896558
250,290,sample,regime_2,0.009692201003454415,9.393876029136275e-05,9.185145213632431e-05,0.009583916325611588,1.0050967460424436,0.25451341672573236,0.02993148890240573,0.27146204751721237,4.942177631100419,47.66888426439545,"unbiased sample covariance, divisor n - 1, per-asset means subtracted",0.015140723997530922
250,290,ewma,regime_2,0.010832487240868566,0.00011734277982358029,8.353897526177613e-05,0.009139965823884471,1.255507798979327,12.049444397521537,0.1556151306794133,0.278692763798817,4.781743894359668,56.76437002945662,"exponentially weighted second moment about zero (no mean subtracted), newest observation weight 1, normalised to sum to 1",0.27788267359668095
250,290,shrinkage,regime_2,0.009698694284209823,9.406467081856428e-05,9.344016264516043e-05,0.00966644519175278,1.0064439243614915,0.32167883172069534,0.032309728868892995,0.2608709933079863,5.087435940367549,41.5533925567075,"Ledoit-Wolf (2004) linear shrinkage toward tr(S)/p * I, divisor T as in the paper's own derivation, intensity solved in closed form (not cross-validated)",0.017216872715400885
250,295,sample,regime_2,0.009729321727025347,9.465970126796747e-05,7.647682338957316e-05,0.00874510282327047,1.0128104461958902,0.6384840006987691,0.04767954618634542,0.2678515077455426,4.932871846550336,48.725631380058815,"unbiased sample covariance, divisor n - 1, per-asset means subtracted",0.048059476783789905
250,295,ewma,regime_2,0.011052871841573494,0.00012216597594624825,9.049574547073024e-05,0.009512925179498167,1.3071135335385453,14.329066012914904,0.20519227025803552,0.2788401408179861,4.5523913212302265,74.8861234236891,"exponentially weighted second moment about zero (no mean subtracted), newest observation weight 1, normalised to sum to 1",0.24999118439695192
250,295,shrinkage,regime_2,0.009729829633509395,9.466958469711756e-05,7.639756114292995e-05,0.008740569840858773,1.012916193838798,0.6437377008027267,0.045821515993885543,0.2575329990273609,5.057772509837967,42.44773385408247,"Ledoit-Wolf (2004) linear shrinkage toward tr(S)/p * I, divisor T as in the paper's own derivation, intensity solved in closed form (not cross-validated)",0.04548061591043736
250,300,sample,regime_2,0.009739500180155118,9.485786375924158e-05,6.024166545755816e-05,0.007761550454487696,1.0149306836202454,0.7437682251485667,0.05120636800496939,0.27821347775847016,4.847088849632392,49.02406575117099,"unbiased sample covariance, divisor n - 1, per-asset means subtracted",0.027090883872169173
250,300,ewma,regime_2,0.010949218746732355,0.00011988539116379524,8.399617853580414e-05,0.009164942909576914,1.2827124414141884,13.256895658241863,0.19265020620331122,0.36442591149118114,3.9097882871853997,85.21143319043541,"exponentially weighted second moment about zero (no mean subtracted), newest observation weight 1, normalised to sum to 1",0.2726854526652962
250,300,shrinkage,regime_2,0.009735430572566112,9.477860843325496e-05,5.876742602003452e-05,0.007665991522303851,1.0140826921201593,0.7016728818423967,0.045924451878914654,0.26705774828921197,4.976307065959247,42.79317472284884,"Ledoit-Wolf (2004) linear shrinkage toward tr(S)/p * I, divisor T as in the paper's own derivation, intensity solved in closed form (not cross-validated)",0.025349966008084188
250,305,sample,regime_2,0.009761277786548278,9.528254402616084e-05,6.587407663078436e-05,0.008116284656835563,1.0194745455262901,0.9690321596820262,0.05877846764658222,0.274501803149308,4.827985279383663,46.76240014480449,"unbiased sample covariance, divisor n - 1, per-asset means subtracted",0.030105141502376823
250,305,ewma,regime_2,0.010382481517042677,0.00010779592245173282,7.685109996132409e-05,0.008766475914603547,1.15336130215934,7.394660116755336,0.1562017036219353,0.31396671379900903,4.3369654835106335,71.34595344384083,"exponentially weighted second moment about zero (no mean subtracted), newest observation weight 1, normalised to sum to 1",0.25905767820897874
250,305,shrinkage,regime_2,0.009755996947773586,9.517947644496755e-05,6.492687210736755e-05,0.008057721272628356,1.0183717750600998,0.91440804266254,0.053923415466077367,0.26370670683152486,4.955428907194953,40.931133996762455,"Ledoit-Wolf (2004) linear shrinkage toward tr(S)/p * I, divisor T as in the paper's own derivation, intensity solved in closed form (not cross-validated)",0.028349037781324804
250,310,sample,regime_2,0.009749948660961764,9.50614988913901e-05,7.142961565925671e-05,0.008451604324579844,1.0171094755062313,0.8518455709280115,0.05226477260807076,0.2823935562490201,4.823626422920082,45.77276858883337,"unbiased sample covariance, divisor n - 1, per-asset means subtracted",0.02686409199676694
250,310,ewma,regime_2,0.010303723139134597,0.0001061667105279377,9.613885921745467e-05,0.00980504254031846,1.135929566865612,6.579996569037849,0.17405413638143793,0.34375444745619177,4.2431800789063425,74.84837178281639,"exponentially weighted second moment about zero (no mean subtracted), newest observation weight 1, normalised to sum to 1",0.16174637950950002
250,310,shrinkage,regime_2,0.009746121088394222,9.49868762696426e-05,6.962337684779705e-05,0.008344062370799793,1.0163110515748643,0.812253797584761,0.04715729144137716,0.27116553024936974,4.94970038079035,40.0928060498725,"Ledoit-Wolf (2004) linear shrinkage toward tr(S)/p * I, divisor T as in the paper's own derivation, intensity solved in closed form (not cross-validated)",0.02446069445621555
250,315,sample,regime_2,0.009777998831040772,9.560926113983472e-05,9.133889803207454e-05,0.009557138590188726,1.022970251737565,1.1419918598385648,0.055694904486785164,0.2676628574815354,4.937889106418438,45.312719668941924,"unbiased sample covariance, divisor n - 1, per-asset means subtracted",0.029461397534969486
250,315,ewma,regime_2,0.010485125283313855,0.00010993785220678743,0.00010057532684640437,0.01002872508579253,1.176278856323133,8.4563901447551,0.17139300449349287,0.2514444609909524,5.01253060138971,44.245062463503466,"exponentially weighted second moment about zero (no mean subtracted), newest observation weight 1, normalised to sum to 1",0.23203519983450582
250,315,shrinkage,regime_2,0.009778419864393102,9.561749504435761e-05,9.06170908224892e-05,0.009519300962911573,1.0230583503096295,1.1463469587325026,0.05423090434207453,0.25778529594215965,5.0513351180498285,39.71176563624159,"Ledoit-Wolf (2004) linear shrinkage toward tr(S)/p * I, divisor T as in the paper's own derivation, intensity solved in closed form (not cross-validated)",0.026760468614420316
250,320,sample,regime_2,0.009770256248114154,9.545790715381367e-05,7.922451070738686e-05,0.008900815170948494,1.021350841407064,1.0619038711948914,0.05782548255745472,0.2583204717370077,4.9951868993827455,46.15612048913323,"unbiased sample covariance, divisor n - 1, per-asset means subtracted",0.01959943838407359
250,320,ewma,regime_2,0.010153037199625264,0.00010308416437697444,7.662795532371496e-05,0.008753739505132361,1.1029478977840825,5.021326300141649,0.16195848303640173,0.3004647035589456,4.975387043109815,49.19080817070278,"exponentially weighted second moment about zero (no mean subtracted), newest observation weight 1, normalised to sum to 1",0.36057164078328924
250,320,shrinkage,regime_2,0.009771460146688617,9.548143339832393e-05,7.877447128527371e-05,0.008875498368276212,1.0216025602048266,1.0743567975985968,0.05787703827642797,0.24940134504822145,5.0996430241915744,40.31025590623577,"Ledoit-Wolf (2004) linear shrinkage toward tr(S)/p * I, divisor T as in the paper's own derivation, intensity solved in closed form (not cross-validated)",0.01790301760022514
250,325,sample,regime_2,0.009786884245520279,9.578310323521304e-05,0.00012317150149621534,0.011098265697676161,1.0248302733500283,1.2339011077824757,0.0627770681524838,0.2724239233170433,4.9457516630401095,46.58113500776999,"unbiased sample covariance, divisor n - 1, per-asset means subtracted",0.05488816561791864
250,325,ewma,regime_2,0.01059897798046257,0.00011233833423033042,0.00016229142777018663,0.012739365281291947,1.2019627876770609,9.634063487451773,0.23382393343038446,0.33712140000656193,3.96942901255917,58.40721046026082,"exponentially weighted second moment about zero (no mean subtracted), newest observation weight 1, normalised to sum to 1",0.3118986508355996
250,325,shrinkage,regime_2,0.009785459278856816,9.575521329816497e-05,0.00012062188351343437,0.010982799438824072,1.024531865271325,1.2191614898742653,0.06067374002237858,0.2622414505634631,5.060622516452937,40.52178421526738,"Ledoit-Wolf (2004) linear shrinkage toward tr(S)/p * I, divisor T as in the paper's own derivation, intensity solved in closed form (not cross-validated)",0.050909579071082095
250,330,sample,regime_2,0.009780272767289832,9.56537354025911e-05,0.00012402460688063863,0.011136633552408853,1.0234461036291638,1.1655130777857403,0.064453605202257,0.26941950643752854,4.993214837212455,45.00123346244658,"unbiased sample covariance, divisor n - 1, per-asset means subtracted",0.026882668111550947
250,330,ewma,regime_2,0.010400390539750086,0.00010816812337932307,0.00012541341756429168,0.011198813221243208,1.1573436619438915,7.57990806576716,0.2626303858029076,0.2691503597175853,4.275250684681387,85.61495190322016,"exponentially weighted second moment about zero (no mean subtracted), newest observation weight 1, normalised to sum to 1",0.3674377162585362
250,330,shrinkage,regime_2,0.009781739757763364,9.568243268860848e-05,0.0001215216771420227,0.011023687093800454,1.0237531499294008,1.180687382988288,0.06406596865432737,0.2595742112153124,5.09677442996179,39.24758826204857,"Ledoit-Wolf (2004) linear shrinkage toward tr(S)/p * I, divisor T as in the paper's own derivation, intensity solved in closed form (not cross-validated)",0.02348798469748213
