date,factor,move
2014-01-03,DGS10,0.01
2014-01-06,DGS10,-0.03
2014-01-07,DGS10,-0.02
2014-01-08,DGS10,0.05
2014-01-09,DGS10,-0.04
2014-01-10,DGS10,-0.09
2014-01-13,DGS10,-0.04
2014-01-14,DGS10,0.04
2014-01-15,DGS10,0.02
2014-01-16,DGS10,-0.04
2014-01-17,DGS10,-0.02
2014-01-21,DGS10,0.01
2014-01-22,DGS10,0.02
2014-01-23,DGS10,-0.08
2014-01-24,DGS10,-0.04
2014-01-27,DGS10,0.03
2014-01-28,DGS10,-0.01
2014-01-29,DGS10,-0.08
2014-01-30,DGS10,0.03
2014-01-31,DGS10,-0.05
2014-02-03,DGS10,-0.06
2014-02-04,DGS10,0.03
2014-02-05,DGS10,0.06
2014-02-06,DGS10,0.03
2014-02-07,DGS10,-0.02
2014-02-10,DGS10,-0.01
2014-02-11,DGS10,0.05
2014-02-12,DGS10,0.05
2014-02-13,DGS10,-0.07
2014-02-14,DGS10,0.02
2014-02-18,DGS10,-0.04
2014-02-19,DGS10,0.02
2014-02-20,DGS10,0.03
2014-02-21,DGS10,-0.03
2014-02-24,DGS10,0.02
2014-02-25,DGS10,-0.05
2014-02-26,DGS10,-0.03
2014-02-27,DGS10,-0.02
2014-02-28,DGS10,0.01
2014-03-03,DGS10,-0.06
2014-03-04,DGS10,0.1
2014-03-05,DGS10,0
2014-03-06,DGS10,0.04
2014-03-07,DGS10,0.06
2014-03-10,DGS10,-0.01
2014-03-11,DGS10,-0.02
2014-03-12,DGS10,-0.04
2014-03-13,DGS10,-0.07
2014-03-14,DGS10,-0.01
2014-03-17,DGS10,0.05
2014-03-18,DGS10,-0.02
2014-03-19,DGS10,0.1
2014-03-20,DGS10,0.01
2014-03-21,DGS10,-0.04
2014-03-24,DGS10,-0.01
2014-03-25,DGS10,0.01
2014-03-26,DGS10,-0.04
2014-03-27,DGS10,-0.02
2014-03-28,DGS10,0.04
2014-03-31,DGS10,0
2014-04-01,DGS10,0.04
2014-04-02,DGS10,0.05
2014-04-03,DGS10,-0.02
2014-04-04,DGS10,-0.06
2014-04-07,DGS10,-0.03
2014-04-08,DGS10,-0.02
2014-04-09,DGS10,0.02
2014-04-10,DGS10,-0.06
2014-04-11,DGS10,-0.02
2014-04-14,DGS10,0.02
2014-04-15,DGS10,-0.01
2014-04-16,DGS10,0.01
2014-04-17,DGS10,0.08
2014-04-21,DGS10,0
2014-04-22,DGS10,0
2014-04-23,DGS10,-0.03
2014-04-24,DGS10,0
2014-04-25,DGS10,-0.02
2014-04-28,DGS10,0.02
2014-04-29,DGS10,0.01
2014-04-30,DGS10,-0.04
2014-05-01,DGS10,-0.04
2014-05-02,DGS10,-0.03
2014-05-05,DGS10,0.03
2014-05-06,DGS10,-0.02
2014-05-07,DGS10,0.01
2014-05-08,DGS10,-0.01
2014-05-09,DGS10,0.01
2014-05-12,DGS10,0.04
2014-05-13,DGS10,-0.05
2014-05-14,DGS10,-0.07
2014-05-15,DGS10,-0.04
2014-05-16,DGS10,0.02
2014-05-19,DGS10,0.02
2014-05-20,DGS10,-0.02
2014-05-21,DGS10,0.02
2014-05-22,DGS10,0.02
2014-05-23,DGS10,-0.02
2014-05-27,DGS10,-0.02
2014-05-28,DGS10,-0.08
2014-05-29,DGS10,0.01
2014-05-30,DGS10,0.03
2014-06-02,DGS10,0.06
2014-06-03,DGS10,0.06
2014-06-04,DGS10,0.01
2014-06-05,DGS10,-0.02
2014-06-06,DGS10,0.01
2014-06-09,DGS10,0.02
2014-06-10,DGS10,0.02
2014-06-11,DGS10,0.01
2014-06-12,DGS10,-0.07
2014-06-13,DGS10,0.02
2014-06-16,DGS10,0.01
2014-06-17,DGS10,0.05
2014-06-18,DGS10,-0.05
2014-06-19,DGS10,0.03
2014-06-20,DGS10,-0.01
2014-06-23,DGS10,0
2014-06-24,DGS10,-0.04
2014-06-25,DGS10,-0.02
2014-06-26,DGS10,-0.04
2014-06-27,DGS10,0.01
2014-06-30,DGS10,-0.01
2014-07-01,DGS10,0.05
2014-07-02,DGS10,0.06
2014-07-03,DGS10,0.01
2014-07-07,DGS10,-0.02
2014-07-08,DGS10,-0.05
2014-07-09,DGS10,-0.01
2014-07-10,DGS10,-0.02
2014-07-11,DGS10,-0.02
2014-07-14,DGS10,0.02
2014-07-15,DGS10,0.01
2014-07-16,DGS10,-0.01
2014-07-17,DGS10,-0.08
2014-07-18,DGS10,0.03
2014-07-21,DGS10,-0.01
2014-07-22,DGS10,-0.01
2014-07-23,DGS10,0
2014-07-24,DGS10,0.04
2014-07-25,DGS10,-0.04
2014-07-28,DGS10,0.02
2014-07-29,DGS10,-0.03
2014-07-30,DGS10,0.1
2014-07-31,DGS10,0.01
2014-08-01,DGS10,-0.06
2014-08-04,DGS10,-0.01
2014-08-05,DGS10,-0.02
2014-08-06,DGS10,0
2014-08-07,DGS10,-0.06
2014-08-08,DGS10,0.01
2014-08-11,DGS10,0
2014-08-12,DGS10,0.02
2014-08-13,DGS10,-0.03
2014-08-14,DGS10,-0.03
2014-08-15,DGS10,-0.06
2014-08-18,DGS10,0.05
2014-08-19,DGS10,0.01
2014-08-20,DGS10,0.03
2014-08-21,DGS10,-0.02
2014-08-22,DGS10,-0.01
2014-08-25,DGS10,-0.01
2014-08-26,DGS10,0
2014-08-27,DGS10,-0.02
2014-08-28,DGS10,-0.03
2014-08-29,DGS10,0.01
2014-09-02,DGS10,0.07
2014-09-03,DGS10,-0.01
2014-09-04,DGS10,0.04
2014-09-05,DGS10,0.01
2014-09-08,DGS10,0.02
2014-09-09,DGS10,0.02
2014-09-10,DGS10,0.04
2014-09-11,DGS10,0
2014-09-12,DGS10,0.08
2014-09-15,DGS10,-0.02
2014-09-16,DGS10,0
2014-09-17,DGS10,0.02
2014-09-18,DGS10,0.01
2014-09-19,DGS10,-0.04
2014-09-22,DGS10,-0.02
2014-09-23,DGS10,-0.03
2014-09-24,DGS10,0.03
2014-09-25,DGS10,-0.05
2014-09-26,DGS10,0.02
2014-09-29,DGS10,-0.04
2014-09-30,DGS10,0.02
2014-10-01,DGS10,-0.1
2014-10-02,DGS10,0.02
2014-10-03,DGS10,0.01
2014-10-06,DGS10,-0.02
2014-10-07,DGS10,-0.07
2014-10-08,DGS10,-0.01
2014-10-09,DGS10,-0.01
2014-10-10,DGS10,-0.03
2014-10-14,DGS10,-0.1
2014-10-15,DGS10,-0.06
2014-10-16,DGS10,0.02
2014-10-17,DGS10,0.05
2014-10-20,DGS10,-0.02
2014-10-21,DGS10,0.03
2014-10-22,DGS10,0.02
2014-10-23,DGS10,0.04
2014-10-24,DGS10,0
2014-10-27,DGS10,-0.02
2014-10-28,DGS10,0.03
2014-10-29,DGS10,0.04
2014-10-30,DGS10,-0.02
2014-10-31,DGS10,0.03
2014-11-03,DGS10,0.01
2014-11-04,DGS10,-0.01
2014-11-05,DGS10,0.01
2014-11-06,DGS10,0.03
2014-11-07,DGS10,-0.07
2014-11-10,DGS10,0.06
2014-11-12,DGS10,-0.01
2014-11-13,DGS10,-0.02
2014-11-14,DGS10,-0.03
2014-11-17,DGS10,0.02
2014-11-18,DGS10,-0.02
2014-11-19,DGS10,0.04
2014-11-20,DGS10,-0.02
2014-11-21,DGS10,-0.03
2014-11-24,DGS10,-0.01
2014-11-25,DGS10,-0.03
2014-11-26,DGS10,-0.03
2014-11-28,DGS10,-0.06
2014-12-01,DGS10,0.04
2014-12-02,DGS10,0.06
2014-12-03,DGS10,0.01
2014-12-04,DGS10,-0.04
2014-12-05,DGS10,0.06
2014-12-08,DGS10,-0.05
2014-12-09,DGS10,-0.04
2014-12-10,DGS10,-0.04
2014-12-11,DGS10,0.01
2014-12-12,DGS10,-0.09
2014-12-15,DGS10,0.02
2014-12-16,DGS10,-0.05
2014-12-17,DGS10,0.07
2014-12-18,DGS10,0.08
2014-12-19,DGS10,-0.05
2014-12-22,DGS10,0
2014-12-23,DGS10,0.09
2014-12-24,DGS10,0.01
2014-12-26,DGS10,-0.02
2014-12-29,DGS10,-0.03
2014-12-30,DGS10,-0.02
2014-12-31,DGS10,-0.03
2015-01-02,DGS10,-0.05
2015-01-05,DGS10,-0.08
2015-01-06,DGS10,-0.07
2015-01-07,DGS10,-0.01
2015-01-08,DGS10,0.07
2015-01-09,DGS10,-0.05
2015-01-12,DGS10,-0.06
2015-01-13,DGS10,-0.01
2015-01-14,DGS10,-0.05
2015-01-15,DGS10,-0.09
2015-01-16,DGS10,0.06
2015-01-20,DGS10,-0.01
2015-01-21,DGS10,0.05
2015-01-22,DGS10,0.03
2015-01-23,DGS10,-0.09
2015-01-26,DGS10,0.02
2015-01-27,DGS10,0
2015-01-28,DGS10,-0.1
2015-01-29,DGS10,0.04
2015-01-30,DGS10,-0.09
2015-02-02,DGS10,0
2015-02-03,DGS10,0.11
2015-02-04,DGS10,0.02
2015-02-05,DGS10,0.02
2015-02-06,DGS10,0.12
2015-02-09,DGS10,0.01
2015-02-10,DGS10,0.05
2015-02-11,DGS10,-0.01
2015-02-12,DGS10,-0.01
2015-02-13,DGS10,0.03
2015-02-17,DGS10,0.12
2015-02-18,DGS10,-0.07
2015-02-19,DGS10,0.04
2015-02-20,DGS10,0.02
2015-02-23,DGS10,-0.07
2015-02-24,DGS10,-0.07
2015-02-25,DGS10,-0.03
2015-02-26,DGS10,0.07
2015-02-27,DGS10,-0.03
2015-03-02,DGS10,0.08
2015-03-03,DGS10,0.04
2015-03-04,DGS10,0
2015-03-05,DGS10,-0.01
2015-03-06,DGS10,0.13
2015-03-09,DGS10,-0.04
2015-03-10,DGS10,-0.06
2015-03-11,DGS10,-0.03
2015-03-12,DGS10,-0.01
2015-03-13,DGS10,0.03
2015-03-16,DGS10,-0.03
2015-03-17,DGS10,-0.04
2015-03-18,DGS10,-0.13
2015-03-19,DGS10,0.05
2015-03-20,DGS10,-0.05
2015-03-23,DGS10,-0.01
2015-03-24,DGS10,-0.04
2015-03-25,DGS10,0.05
2015-03-26,DGS10,0.08
2015-03-27,DGS10,-0.06
2015-03-30,DGS10,0.01
2015-03-31,DGS10,-0.02
2015-04-01,DGS10,-0.07
2015-04-02,DGS10,0.05
2015-04-06,DGS10,0
2015-04-07,DGS10,-0.03
2015-04-08,DGS10,0.03
2015-04-09,DGS10,0.05
2015-04-10,DGS10,-0.01
2015-04-13,DGS10,-0.02
2015-04-14,DGS10,-0.04
2015-04-15,DGS10,0.01
2015-04-16,DGS10,-0.01
2015-04-17,DGS10,-0.03
2015-04-20,DGS10,0.03
2015-04-21,DGS10,0.02
2015-04-22,DGS10,0.07
2015-04-23,DGS10,-0.03
2015-04-24,DGS10,-0.03
2015-04-27,DGS10,0.01
2015-04-28,DGS10,0.06
2015-04-29,DGS10,0.06
2015-04-30,DGS10,-0.01
2015-05-01,DGS10,0.07
2015-05-04,DGS10,0.04
2015-05-05,DGS10,0.03
2015-05-06,DGS10,0.06
2015-05-07,DGS10,-0.07
2015-05-08,DGS10,-0.02
2015-05-11,DGS10,0.12
2015-05-12,DGS10,0
2015-05-13,DGS10,-0.01
2015-05-14,DGS10,-0.04
2015-05-15,DGS10,-0.09
2015-05-18,DGS10,0.09
2015-05-19,DGS10,0.04
2015-05-20,DGS10,-0.01
2015-05-21,DGS10,-0.07
2015-05-22,DGS10,0.02
2015-05-26,DGS10,-0.07
2015-05-27,DGS10,0
2015-05-28,DGS10,-0.01
2015-05-29,DGS10,-0.01
2015-06-01,DGS10,0.07
2015-06-02,DGS10,0.08
2015-06-03,DGS10,0.11
2015-06-04,DGS10,-0.07
2015-06-05,DGS10,0.1
2015-06-08,DGS10,-0.02
2015-06-09,DGS10,0.03
2015-06-10,DGS10,0.08
2015-06-11,DGS10,-0.11
2015-06-12,DGS10,0
2015-06-15,DGS10,-0.03
2015-06-16,DGS10,-0.04
2015-06-17,DGS10,0
2015-06-18,DGS10,0.03
2015-06-19,DGS10,-0.09
2015-06-22,DGS10,0.11
2015-06-23,DGS10,0.05
2015-06-24,DGS10,-0.04
2015-06-25,DGS10,0.02
2015-06-26,DGS10,0.09
2015-06-29,DGS10,-0.16
2015-06-30,DGS10,0.02
2015-07-01,DGS10,0.08
2015-07-02,DGS10,-0.03
2015-07-06,DGS10,-0.1
2015-07-07,DGS10,-0.03
2015-07-08,DGS10,-0.05
2015-07-09,DGS10,0.1
2015-07-10,DGS10,0.1
2015-07-13,DGS10,0.02
2015-07-14,DGS10,-0.03
2015-07-15,DGS10,-0.05
2015-07-16,DGS10,0
2015-07-17,DGS10,-0.02
2015-07-20,DGS10,0.04
2015-07-21,DGS10,-0.03
2015-07-22,DGS10,-0.02
2015-07-23,DGS10,-0.05
2015-07-24,DGS10,-0.01
2015-07-27,DGS10,-0.04
2015-07-28,DGS10,0.03
2015-07-29,DGS10,0.03
2015-07-30,DGS10,-0.01
2015-07-31,DGS10,-0.08
2015-08-03,DGS10,-0.04
2015-08-04,DGS10,0.07
2015-08-05,DGS10,0.05
2015-08-06,DGS10,-0.05
2015-08-07,DGS10,-0.05
2015-08-10,DGS10,0.06
2015-08-11,DGS10,-0.09
2015-08-12,DGS10,-0.01
2015-08-13,DGS10,0.05
2015-08-14,DGS10,0.01
2015-08-17,DGS10,-0.04
2015-08-18,DGS10,0.04
2015-08-19,DGS10,-0.08
2015-08-20,DGS10,-0.03
2015-08-21,DGS10,-0.04
2015-08-24,DGS10,-0.04
2015-08-25,DGS10,0.11
2015-08-26,DGS10,0.06
2015-08-27,DGS10,0
2015-08-28,DGS10,0.01
2015-08-31,DGS10,0.02
2015-09-01,DGS10,-0.04
2015-09-02,DGS10,0.03
2015-09-03,DGS10,-0.02
2015-09-04,DGS10,-0.05
2015-09-08,DGS10,0.07
2015-09-09,DGS10,0.01
2015-09-10,DGS10,0.02
2015-09-11,DGS10,-0.03
2015-09-14,DGS10,-0.02
2015-09-15,DGS10,0.1
2015-09-16,DGS10,0.02
2015-09-17,DGS10,-0.09
2015-09-18,DGS10,-0.08
2015-09-21,DGS10,0.07
2015-09-22,DGS10,-0.06
2015-09-23,DGS10,0.02
2015-09-24,DGS10,-0.03
2015-09-25,DGS10,0.04
2015-09-28,DGS10,-0.07
2015-09-29,DGS10,-0.05
2015-09-30,DGS10,0.01
2015-10-01,DGS10,-0.01
2015-10-02,DGS10,-0.06
2015-10-05,DGS10,0.08
2015-10-06,DGS10,-0.02
2015-10-07,DGS10,0.03
2015-10-08,DGS10,0.04
2015-10-09,DGS10,0
2015-10-13,DGS10,-0.06
2015-10-14,DGS10,-0.07
2015-10-15,DGS10,0.05
2015-10-16,DGS10,0
2015-10-19,DGS10,0
2015-10-20,DGS10,0.04
2015-10-21,DGS10,-0.04
2015-10-22,DGS10,0
2015-10-23,DGS10,0.05
2015-10-26,DGS10,-0.02
2015-10-27,DGS10,-0.02
2015-10-28,DGS10,0.05
2015-10-29,DGS10,0.09
2015-10-30,DGS10,-0.03
2015-11-02,DGS10,0.04
2015-11-03,DGS10,0.03
2015-11-04,DGS10,0.02
2015-11-05,DGS10,0.01
2015-11-06,DGS10,0.08
2015-11-09,DGS10,0.02
2015-11-10,DGS10,-0.04
2015-11-12,DGS10,0
2015-11-13,DGS10,-0.04
2015-11-16,DGS10,-0.01
2015-11-17,DGS10,-0.02
2015-11-18,DGS10,0.02
2015-11-19,DGS10,-0.03
2015-11-20,DGS10,0.02
2015-11-23,DGS10,-0.01
2015-11-24,DGS10,-0.01
2015-11-25,DGS10,-0.01
2015-11-27,DGS10,-0.01
2015-11-30,DGS10,-0.01
2015-12-01,DGS10,-0.06
2015-12-02,DGS10,0.03
2015-12-03,DGS10,0.15
2015-12-04,DGS10,-0.05
2015-12-07,DGS10,-0.05
2015-12-08,DGS10,0.01
2015-12-09,DGS10,-0.02
2015-12-10,DGS10,0.02
2015-12-11,DGS10,-0.11
2015-12-14,DGS10,0.1
2015-12-15,DGS10,0.05
2015-12-16,DGS10,0.02
2015-12-17,DGS10,-0.06
2015-12-18,DGS10,-0.05
2015-12-21,DGS10,0.01
2015-12-22,DGS10,0.04
2015-12-23,DGS10,0.03
2015-12-24,DGS10,-0.02
2015-12-28,DGS10,-0.01
2015-12-29,DGS10,0.08
2015-12-30,DGS10,-0.01
2015-12-31,DGS10,-0.04
2016-01-04,DGS10,-0.03
2016-01-05,DGS10,0.01
2016-01-06,DGS10,-0.07
2016-01-07,DGS10,-0.02
2016-01-08,DGS10,-0.03
2016-01-11,DGS10,0.04
2016-01-12,DGS10,-0.05
2016-01-13,DGS10,-0.04
2016-01-14,DGS10,0.02
2016-01-15,DGS10,-0.07
2016-01-19,DGS10,0.03
2016-01-20,DGS10,-0.05
2016-01-21,DGS10,0.01
2016-01-22,DGS10,0.05
2016-01-25,DGS10,-0.04
2016-01-26,DGS10,-0.02
2016-01-27,DGS10,0.01
2016-01-28,DGS10,-0.02
2016-01-29,DGS10,-0.06
2016-02-01,DGS10,0.03
2016-02-02,DGS10,-0.1
2016-02-03,DGS10,0.01
2016-02-04,DGS10,-0.01
2016-02-05,DGS10,-0.01
2016-02-08,DGS10,-0.11
2016-02-09,DGS10,-0.01
2016-02-10,DGS10,-0.03
2016-02-11,DGS10,-0.08
2016-02-12,DGS10,0.11
2016-02-16,DGS10,0.04
2016-02-17,DGS10,0.03
2016-02-18,DGS10,-0.06
2016-02-19,DGS10,0.01
2016-02-22,DGS10,0.01
2016-02-23,DGS10,-0.03
2016-02-24,DGS10,0.01
2016-02-25,DGS10,-0.04
2016-02-26,DGS10,0.05
2016-02-29,DGS10,-0.02
2016-03-01,DGS10,0.09
2016-03-02,DGS10,0.01
2016-03-03,DGS10,-0.01
2016-03-04,DGS10,0.05
2016-03-07,DGS10,0.03
2016-03-08,DGS10,-0.08
2016-03-09,DGS10,0.07
2016-03-10,DGS10,0.03
2016-03-11,DGS10,0.05
2016-03-14,DGS10,-0.01
2016-03-15,DGS10,0
2016-03-16,DGS10,-0.03
2016-03-17,DGS10,-0.03
2016-03-18,DGS10,-0.03
2016-03-21,DGS10,0.04
2016-03-22,DGS10,0.02
2016-03-23,DGS10,-0.06
2016-03-24,DGS10,0.03
2016-03-28,DGS10,-0.02
2016-03-29,DGS10,-0.08
2016-03-30,DGS10,0.02
2016-03-31,DGS10,-0.05
2016-04-01,DGS10,0.01
2016-04-04,DGS10,-0.01
2016-04-05,DGS10,-0.05
2016-04-06,DGS10,0.03
2016-04-07,DGS10,-0.06
2016-04-08,DGS10,0.02
2016-04-11,DGS10,0.01
2016-04-12,DGS10,0.06
2016-04-13,DGS10,-0.02
2016-04-14,DGS10,0.03
2016-04-15,DGS10,-0.04
2016-04-18,DGS10,0.02
2016-04-19,DGS10,0.01
2016-04-20,DGS10,0.06
2016-04-21,DGS10,0.03
2016-04-22,DGS10,0.01
2016-04-25,DGS10,0.02
2016-04-26,DGS10,0.03
2016-04-27,DGS10,-0.07
2016-04-28,DGS10,-0.03
2016-04-29,DGS10,-0.01
2016-05-02,DGS10,0.05
2016-05-03,DGS10,-0.07
2016-05-04,DGS10,-0.02
2016-05-05,DGS10,-0.03
2016-05-06,DGS10,0.03
2016-05-09,DGS10,-0.02
2016-05-10,DGS10,0
2016-05-11,DGS10,-0.04
2016-05-12,DGS10,0.02
2016-05-13,DGS10,-0.04
2016-05-16,DGS10,0.04
2016-05-17,DGS10,0.01
2016-05-18,DGS10,0.11
2016-05-19,DGS10,-0.02
2016-05-20,DGS10,0
2016-05-23,DGS10,-0.01
2016-05-24,DGS10,0.02
2016-05-25,DGS10,0.01
2016-05-26,DGS10,-0.04
2016-05-27,DGS10,0.02
2016-05-31,DGS10,-0.01
2016-06-01,DGS10,0.01
2016-06-02,DGS10,-0.04
2016-06-03,DGS10,-0.1
2016-06-06,DGS10,0.02
2016-06-07,DGS10,-0.01
2016-06-08,DGS10,-0.01
2016-06-09,DGS10,-0.03
2016-06-10,DGS10,-0.04
2016-06-13,DGS10,-0.02
2016-06-14,DGS10,0
2016-06-15,DGS10,-0.02
2016-06-16,DGS10,-0.03
2016-06-17,DGS10,0.05
2016-06-20,DGS10,0.05
2016-06-21,DGS10,0.04
2016-06-22,DGS10,-0.02
2016-06-23,DGS10,0.05
2016-06-24,DGS10,-0.17
2016-06-27,DGS10,-0.11
2016-06-28,DGS10,0
2016-06-29,DGS10,0.04
2016-06-30,DGS10,-0.01
2016-07-01,DGS10,-0.03
2016-07-05,DGS10,-0.09
2016-07-06,DGS10,0.01
2016-07-07,DGS10,0.02
2016-07-08,DGS10,-0.03
2016-07-11,DGS10,0.06
2016-07-12,DGS10,0.1
2016-07-13,DGS10,-0.05
2016-07-14,DGS10,0.05
2016-07-15,DGS10,0.07
2016-07-18,DGS10,-0.01
2016-07-19,DGS10,-0.03
2016-07-20,DGS10,0.03
2016-07-21,DGS10,-0.02
2016-07-22,DGS10,0
2016-07-25,DGS10,0.01
2016-07-26,DGS10,-0.01
2016-07-27,DGS10,-0.05
2016-07-28,DGS10,0
2016-07-29,DGS10,-0.06
2016-08-01,DGS10,0.05
2016-08-02,DGS10,0.04
2016-08-03,DGS10,0
2016-08-04,DGS10,-0.04
2016-08-05,DGS10,0.08
2016-08-08,DGS10,0
2016-08-09,DGS10,-0.04
2016-08-10,DGS10,-0.05
2016-08-11,DGS10,0.07
2016-08-12,DGS10,-0.06
2016-08-15,DGS10,0.04
2016-08-16,DGS10,0.02
2016-08-17,DGS10,-0.01
2016-08-18,DGS10,-0.03
2016-08-19,DGS10,0.05
2016-08-22,DGS10,-0.03
2016-08-23,DGS10,0
2016-08-24,DGS10,0.01
2016-08-25,DGS10,0.02
2016-08-26,DGS10,0.04
2016-08-29,DGS10,-0.05
2016-08-30,DGS10,0
2016-08-31,DGS10,0.01
2016-09-01,DGS10,-0.01
2016-09-02,DGS10,0.03
2016-09-06,DGS10,-0.05
2016-09-07,DGS10,-0.01
2016-09-08,DGS10,0.07
2016-09-09,DGS10,0.06
2016-09-12,DGS10,0.01
2016-09-13,DGS10,0.05
2016-09-14,DGS10,-0.03
2016-09-15,DGS10,0.01
2016-09-16,DGS10,-0.01
2016-09-19,DGS10,0
2016-09-20,DGS10,-0.01
2016-09-21,DGS10,-0.03
2016-09-22,DGS10,-0.03
2016-09-23,DGS10,-0.01
2016-09-26,DGS10,-0.03
2016-09-27,DGS10,-0.03
2016-09-28,DGS10,0.01
2016-09-29,DGS10,-0.01
2016-09-30,DGS10,0.04
2016-10-03,DGS10,0.03
2016-10-04,DGS10,0.06
2016-10-05,DGS10,0.03
2016-10-06,DGS10,0.03
2016-10-07,DGS10,-0.02
2016-10-11,DGS10,0.04
2016-10-12,DGS10,0.02
2016-10-13,DGS10,-0.04
2016-10-14,DGS10,0.05
2016-10-17,DGS10,-0.03
2016-10-18,DGS10,-0.02
2016-10-19,DGS10,0.01
2016-10-20,DGS10,0
2016-10-21,DGS10,-0.02
2016-10-24,DGS10,0.03
2016-10-25,DGS10,0
2016-10-26,DGS10,0.02
2016-10-27,DGS10,0.06
2016-10-28,DGS10,0.01
2016-10-31,DGS10,-0.02
2016-11-01,DGS10,-0.01
2016-11-02,DGS10,-0.02
2016-11-03,DGS10,0.01
2016-11-04,DGS10,-0.03
2016-11-07,DGS10,0.04
2016-11-08,DGS10,0.05
2016-11-09,DGS10,0.19
2016-11-10,DGS10,0.08
2016-11-14,DGS10,0.08
2016-11-15,DGS10,0
2016-11-16,DGS10,-0.01
2016-11-17,DGS10,0.07
2016-11-18,DGS10,0.05
2016-11-21,DGS10,-0.01
2016-11-22,DGS10,-0.02
2016-11-23,DGS10,0.05
2016-11-25,DGS10,0
2016-11-28,DGS10,-0.04
2016-11-29,DGS10,-0.02
2016-11-30,DGS10,0.07
2016-12-01,DGS10,0.08
2016-12-02,DGS10,-0.05
2016-12-05,DGS10,-0.01
2016-12-06,DGS10,0
2016-12-07,DGS10,-0.05
2016-12-08,DGS10,0.06
2016-12-09,DGS10,0.07
2016-12-12,DGS10,0.02
2016-12-13,DGS10,-0.01
2016-12-14,DGS10,0.06
2016-12-15,DGS10,0.06
2016-12-16,DGS10,0
2016-12-19,DGS10,-0.06
2016-12-20,DGS10,0.03
2016-12-21,DGS10,-0.02
2016-12-22,DGS10,0
2016-12-23,DGS10,0
2016-12-27,DGS10,0.02
2016-12-28,DGS10,-0.06
2016-12-29,DGS10,-0.02
2016-12-30,DGS10,-0.04
2017-01-03,DGS10,0
2017-01-04,DGS10,0.01
2017-01-05,DGS10,-0.09
2017-01-06,DGS10,0.05
2017-01-09,DGS10,-0.04
2017-01-10,DGS10,0
2017-01-11,DGS10,0
2017-01-12,DGS10,-0.02
2017-01-13,DGS10,0.04
2017-01-17,DGS10,-0.07
2017-01-18,DGS10,0.09
2017-01-19,DGS10,0.05
2017-01-20,DGS10,0.01
2017-01-23,DGS10,-0.07
2017-01-24,DGS10,0.06
2017-01-25,DGS10,0.06
2017-01-26,DGS10,-0.02
2017-01-27,DGS10,-0.02
2017-01-30,DGS10,0
2017-01-31,DGS10,-0.04
2017-02-01,DGS10,0.03
2017-02-02,DGS10,0
2017-02-03,DGS10,0.01
2017-02-06,DGS10,-0.07
2017-02-07,DGS10,-0.02
2017-02-08,DGS10,-0.06
2017-02-09,DGS10,0.06
2017-02-10,DGS10,0.01
2017-02-13,DGS10,0.02
2017-02-14,DGS10,0.04
2017-02-15,DGS10,0.04
2017-02-16,DGS10,-0.06
2017-02-17,DGS10,-0.03
2017-02-21,DGS10,0.01
2017-02-22,DGS10,-0.01
2017-02-23,DGS10,-0.04
2017-02-24,DGS10,-0.07
2017-02-27,DGS10,0.05
2017-02-28,DGS10,0
2017-03-01,DGS10,0.1
2017-03-02,DGS10,0.03
2017-03-03,DGS10,0
2017-03-06,DGS10,0
2017-03-07,DGS10,0.03
2017-03-08,DGS10,0.05
2017-03-09,DGS10,0.03
2017-03-10,DGS10,-0.02
2017-03-13,DGS10,0.04
2017-03-14,DGS10,-0.02
2017-03-15,DGS10,-0.09
2017-03-16,DGS10,0.02
2017-03-17,DGS10,-0.03
2017-03-20,DGS10,-0.03
2017-03-21,DGS10,-0.04
2017-03-22,DGS10,-0.03
2017-03-23,DGS10,0.01
2017-03-24,DGS10,-0.01
2017-03-27,DGS10,-0.02
2017-03-28,DGS10,0.04
2017-03-29,DGS10,-0.03
2017-03-30,DGS10,0.03
2017-03-31,DGS10,-0.02
2017-04-03,DGS10,-0.05
2017-04-04,DGS10,0.01
2017-04-05,DGS10,-0.02
2017-04-06,DGS10,0
2017-04-07,DGS10,0.04
2017-04-10,DGS10,-0.01
2017-04-11,DGS10,-0.05
2017-04-12,DGS10,-0.04
2017-04-13,DGS10,-0.04
2017-04-17,DGS10,0.02
2017-04-18,DGS10,-0.08
2017-04-19,DGS10,0.03
2017-04-20,DGS10,0.03
2017-04-21,DGS10,0
2017-04-24,DGS10,0.04
2017-04-25,DGS10,0.07
2017-04-26,DGS10,-0.03
2017-04-27,DGS10,-0.02
2017-04-28,DGS10,-0.01
2017-05-01,DGS10,0.04
2017-05-02,DGS10,-0.04
2017-05-03,DGS10,0.04
2017-05-04,DGS10,0.03
2017-05-05,DGS10,0
2017-05-08,DGS10,0.03
2017-05-09,DGS10,0.03
2017-05-10,DGS10,-0.01
2017-05-11,DGS10,-0.02
2017-05-12,DGS10,-0.06
2017-05-15,DGS10,0.01
2017-05-16,DGS10,-0.01
2017-05-17,DGS10,-0.11
2017-05-18,DGS10,0.01
2017-05-19,DGS10,0
2017-05-22,DGS10,0.02
2017-05-23,DGS10,0.04
2017-05-24,DGS10,-0.03
2017-05-25,DGS10,-0.01
2017-05-26,DGS10,0
2017-05-30,DGS10,-0.04
2017-05-31,DGS10,0
2017-06-01,DGS10,0
2017-06-02,DGS10,-0.06
2017-06-05,DGS10,0.03
2017-06-06,DGS10,-0.04
2017-06-07,DGS10,0.04
2017-06-08,DGS10,0.01
2017-06-09,DGS10,0.02
2017-06-12,DGS10,0
2017-06-13,DGS10,0
2017-06-14,DGS10,-0.06
2017-06-15,DGS10,0.01
2017-06-16,DGS10,0
2017-06-19,DGS10,0.03
2017-06-20,DGS10,-0.03
2017-06-21,DGS10,0
2017-06-22,DGS10,-0.01
2017-06-23,DGS10,0
2017-06-26,DGS10,-0.01
2017-06-27,DGS10,0.07
2017-06-28,DGS10,0.01
2017-06-29,DGS10,0.05
2017-06-30,DGS10,0.04
2017-07-03,DGS10,0.04
2017-07-05,DGS10,-0.02
2017-07-06,DGS10,0.04
2017-07-07,DGS10,0.02
2017-07-10,DGS10,-0.01
2017-07-11,DGS10,-0.01
2017-07-12,DGS10,-0.04
2017-07-13,DGS10,0.02
2017-07-14,DGS10,-0.02
2017-07-17,DGS10,-0.02
2017-07-18,DGS10,-0.04
2017-07-19,DGS10,0
2017-07-20,DGS10,0
2017-07-21,DGS10,-0.03
2017-07-24,DGS10,0.02
2017-07-25,DGS10,0.07
2017-07-26,DGS10,-0.04
2017-07-27,DGS10,0.03
2017-07-28,DGS10,-0.02
2017-07-31,DGS10,0
2017-08-01,DGS10,-0.04
2017-08-02,DGS10,0.01
2017-08-03,DGS10,-0.03
2017-08-04,DGS10,0.03
2017-08-07,DGS10,-0.01
2017-08-08,DGS10,0.03
2017-08-09,DGS10,-0.05
2017-08-10,DGS10,-0.04
2017-08-11,DGS10,-0.01
2017-08-14,DGS10,0.03
2017-08-15,DGS10,0.05
2017-08-16,DGS10,-0.04
2017-08-17,DGS10,-0.04
2017-08-18,DGS10,0
2017-08-21,DGS10,-0.01
2017-08-22,DGS10,0.04
2017-08-23,DGS10,-0.05
2017-08-24,DGS10,0.02
2017-08-25,DGS10,-0.02
2017-08-28,DGS10,-0.01
2017-08-29,DGS10,-0.03
2017-08-30,DGS10,0.02
2017-08-31,DGS10,-0.03
2017-09-01,DGS10,0.04
2017-09-05,DGS10,-0.09
2017-09-06,DGS10,0.03
2017-09-07,DGS10,-0.05
2017-09-08,DGS10,0.01
2017-09-11,DGS10,0.08
2017-09-12,DGS10,0.03
2017-09-13,DGS10,0.03
2017-09-14,DGS10,0
2017-09-15,DGS10,0
2017-09-18,DGS10,0.03
2017-09-19,DGS10,0.01
2017-09-20,DGS10,0.04
2017-09-21,DGS10,-0.01
2017-09-22,DGS10,-0.01
2017-09-25,DGS10,-0.04
2017-09-26,DGS10,0.02
2017-09-27,DGS10,0.07
2017-09-28,DGS10,0
2017-09-29,DGS10,0.02
2017-10-02,DGS10,0.01
2017-10-03,DGS10,-0.01
2017-10-04,DGS10,0
2017-10-05,DGS10,0.02
2017-10-06,DGS10,0.02
2017-10-10,DGS10,-0.02
2017-10-11,DGS10,0
2017-10-12,DGS10,-0.02
2017-10-13,DGS10,-0.05
2017-10-16,DGS10,0.02
2017-10-17,DGS10,0
2017-10-18,DGS10,0.04
2017-10-19,DGS10,-0.01
2017-10-20,DGS10,0.06
2017-10-23,DGS10,-0.01
2017-10-24,DGS10,0.04
2017-10-25,DGS10,0.02
2017-10-26,DGS10,0.02
2017-10-27,DGS10,-0.04
2017-10-30,DGS10,-0.05
2017-10-31,DGS10,0.01
2017-11-01,DGS10,-0.01
2017-11-02,DGS10,-0.02
2017-11-03,DGS10,-0.01
2017-11-06,DGS10,-0.02
2017-11-07,DGS10,0
2017-11-08,DGS10,0
2017-11-09,DGS10,0.01
2017-11-10,DGS10,0.07
2017-11-13,DGS10,0
2017-11-14,DGS10,-0.02
2017-11-15,DGS10,-0.05
2017-11-16,DGS10,0.04
2017-11-17,DGS10,-0.02
2017-11-20,DGS10,0.02
2017-11-21,DGS10,-0.01
2017-11-22,DGS10,-0.04
2017-11-24,DGS10,0.02
2017-11-27,DGS10,-0.02
2017-11-28,DGS10,0.02
2017-11-29,DGS10,0.03
2017-11-30,DGS10,0.05
2017-12-01,DGS10,-0.05
2017-12-04,DGS10,0
2017-12-05,DGS10,-0.01
2017-12-06,DGS10,-0.03
2017-12-07,DGS10,0.04
2017-12-08,DGS10,0.01
2017-12-11,DGS10,0.01
2017-12-12,DGS10,0.01
2017-12-13,DGS10,-0.04
2017-12-14,DGS10,-0.01
2017-12-15,DGS10,0
2017-12-18,DGS10,0.04
2017-12-19,DGS10,0.07
2017-12-20,DGS10,0.03
2017-12-21,DGS10,-0.01
2017-12-22,DGS10,0
2017-12-26,DGS10,-0.01
2017-12-27,DGS10,-0.05
2017-12-28,DGS10,0.01
2017-12-29,DGS10,-0.03
2018-01-02,DGS10,0.06
2018-01-03,DGS10,-0.02
2018-01-04,DGS10,0.02
2018-01-05,DGS10,0.01
2018-01-08,DGS10,0.02
2018-01-09,DGS10,0.06
2018-01-10,DGS10,0
2018-01-11,DGS10,-0.01
2018-01-12,DGS10,0.01
2018-01-16,DGS10,-0.01
2018-01-17,DGS10,0.03
2018-01-18,DGS10,0.05
2018-01-19,DGS10,0.02
2018-01-22,DGS10,0.02
2018-01-23,DGS10,-0.03
2018-01-24,DGS10,0.02
2018-01-25,DGS10,-0.02
2018-01-26,DGS10,0.03
2018-01-29,DGS10,0.04
2018-01-30,DGS10,0.03
2018-01-31,DGS10,-0.01
2018-02-01,DGS10,0.06
2018-02-02,DGS10,0.06
2018-02-05,DGS10,-0.07
2018-02-06,DGS10,0.02
2018-02-07,DGS10,0.05
2018-02-08,DGS10,0.01
2018-02-09,DGS10,-0.02
2018-02-12,DGS10,0.03
2018-02-13,DGS10,-0.03
2018-02-14,DGS10,0.08
2018-02-15,DGS10,-0.01
2018-02-16,DGS10,-0.03
2018-02-20,DGS10,0.01
2018-02-21,DGS10,0.06
2018-02-22,DGS10,-0.02
2018-02-23,DGS10,-0.04
2018-02-26,DGS10,-0.02
2018-02-27,DGS10,0.04
2018-02-28,DGS10,-0.03
2018-03-01,DGS10,-0.06
2018-03-02,DGS10,0.05
2018-03-05,DGS10,0.02
2018-03-06,DGS10,0
2018-03-07,DGS10,0.01
2018-03-08,DGS10,-0.03
2018-03-09,DGS10,0.04
2018-03-12,DGS10,-0.03
2018-03-13,DGS10,-0.03
2018-03-14,DGS10,-0.03
2018-03-15,DGS10,0.01
2018-03-16,DGS10,0.03
2018-03-19,DGS10,0
2018-03-20,DGS10,0.04
2018-03-21,DGS10,0
2018-03-22,DGS10,-0.06
2018-03-23,DGS10,-0.01
2018-03-26,DGS10,0.03
2018-03-27,DGS10,-0.07
2018-03-28,DGS10,-0.01
2018-03-29,DGS10,-0.03
2018-04-02,DGS10,-0.01
2018-04-03,DGS10,0.06
2018-04-04,DGS10,0
2018-04-05,DGS10,0.04
2018-04-06,DGS10,-0.06
2018-04-09,DGS10,0.01
2018-04-10,DGS10,0.02
2018-04-11,DGS10,-0.01
2018-04-12,DGS10,0.04
2018-04-13,DGS10,-0.01
2018-04-16,DGS10,0.01
2018-04-17,DGS10,-0.01
2018-04-18,DGS10,0.05
2018-04-19,DGS10,0.05
2018-04-20,DGS10,0.04
2018-04-23,DGS10,0.02
2018-04-24,DGS10,0.02
2018-04-25,DGS10,0.03
2018-04-26,DGS10,-0.03
2018-04-27,DGS10,-0.04
2018-04-30,DGS10,-0.01
2018-05-01,DGS10,0.02
2018-05-02,DGS10,0
2018-05-03,DGS10,-0.03
2018-05-04,DGS10,0.01
2018-05-07,DGS10,0
2018-05-08,DGS10,0.02
2018-05-09,DGS10,0.03
2018-05-10,DGS10,-0.03
2018-05-11,DGS10,0
2018-05-14,DGS10,0.03
2018-05-15,DGS10,0.08
2018-05-16,DGS10,0.01
2018-05-17,DGS10,0.02
2018-05-18,DGS10,-0.05
2018-05-21,DGS10,0
2018-05-22,DGS10,0
2018-05-23,DGS10,-0.05
2018-05-24,DGS10,-0.03
2018-05-25,DGS10,-0.05
2018-05-29,DGS10,-0.16
2018-05-30,DGS10,0.07
2018-05-31,DGS10,-0.01
2018-06-01,DGS10,0.06
2018-06-04,DGS10,0.05
2018-06-05,DGS10,-0.02
2018-06-06,DGS10,0.05
2018-06-07,DGS10,-0.04
2018-06-08,DGS10,0
2018-06-11,DGS10,0.03
2018-06-12,DGS10,0
2018-06-13,DGS10,0.02
2018-06-14,DGS10,-0.04
2018-06-15,DGS10,-0.01
2018-06-18,DGS10,-0.01
2018-06-19,DGS10,-0.03
2018-06-20,DGS10,0.04
2018-06-21,DGS10,-0.03
2018-06-22,DGS10,0
2018-06-25,DGS10,-0.03
2018-06-26,DGS10,0.01
2018-06-27,DGS10,-0.05
2018-06-28,DGS10,0.01
2018-06-29,DGS10,0.01
2018-07-02,DGS10,0.02
2018-07-03,DGS10,-0.04
2018-07-05,DGS10,0.01
2018-07-06,DGS10,-0.02
2018-07-09,DGS10,0.04
2018-07-10,DGS10,0.01
2018-07-11,DGS10,-0.02
2018-07-12,DGS10,0
2018-07-13,DGS10,-0.02
2018-07-16,DGS10,0.02
2018-07-17,DGS10,0.01
2018-07-18,DGS10,0.02
2018-07-19,DGS10,-0.04
2018-07-20,DGS10,0.05
2018-07-23,DGS10,0.07
2018-07-24,DGS10,-0.01
2018-07-25,DGS10,-0.01
2018-07-26,DGS10,0.04
2018-07-27,DGS10,-0.02
2018-07-30,DGS10,0.02
2018-07-31,DGS10,-0.02
2018-08-01,DGS10,0.04
2018-08-02,DGS10,-0.02
2018-08-03,DGS10,-0.03
2018-08-06,DGS10,-0.01
2018-08-07,DGS10,0.04
2018-08-08,DGS10,-0.02
2018-08-09,DGS10,-0.03
2018-08-10,DGS10,-0.06
2018-08-13,DGS10,0.01
2018-08-14,DGS10,0.01
2018-08-15,DGS10,-0.03
2018-08-16,DGS10,0.01
2018-08-17,DGS10,0
2018-08-20,DGS10,-0.05
2018-08-21,DGS10,0.03
2018-08-22,DGS10,-0.03
2018-08-23,DGS10,0
2018-08-24,DGS10,0
2018-08-27,DGS10,0.03
2018-08-28,DGS10,0.03
2018-08-29,DGS10,0.01
2018-08-30,DGS10,-0.03
2018-08-31,DGS10,0
2018-09-04,DGS10,0.04
2018-09-05,DGS10,0
2018-09-06,DGS10,-0.02
2018-09-07,DGS10,0.06
2018-09-10,DGS10,0
2018-09-11,DGS10,0.04
2018-09-12,DGS10,-0.01
2018-09-13,DGS10,0
2018-09-14,DGS10,0.02
2018-09-17,DGS10,0
2018-09-18,DGS10,0.06
2018-09-19,DGS10,0.03
2018-09-20,DGS10,-0.01
2018-09-21,DGS10,0
2018-09-24,DGS10,0.01
2018-09-25,DGS10,0.02
2018-09-26,DGS10,-0.04
2018-09-27,DGS10,0
2018-09-28,DGS10,-0.01
2018-10-01,DGS10,0.04
2018-10-02,DGS10,-0.04
2018-10-03,DGS10,0.1
2018-10-04,DGS10,0.04
2018-10-05,DGS10,0.04
2018-10-09,DGS10,-0.02
2018-10-10,DGS10,0.01
2018-10-11,DGS10,-0.08
2018-10-12,DGS10,0.01
2018-10-15,DGS10,0.01
2018-10-16,DGS10,0
2018-10-17,DGS10,0.03
2018-10-18,DGS10,-0.02
2018-10-19,DGS10,0.03
2018-10-22,DGS10,0
2018-10-23,DGS10,-0.03
2018-10-24,DGS10,-0.07
2018-10-25,DGS10,0.04
2018-10-26,DGS10,-0.06
2018-10-29,DGS10,0
2018-10-30,DGS10,0.04
2018-10-31,DGS10,0.03
2018-11-01,DGS10,-0.01
2018-11-02,DGS10,0.08
2018-11-05,DGS10,-0.02
2018-11-06,DGS10,0.02
2018-11-07,DGS10,0
2018-11-08,DGS10,0.02
2018-11-09,DGS10,-0.05
2018-11-13,DGS10,-0.05
2018-11-14,DGS10,-0.02
2018-11-15,DGS10,-0.01
2018-11-16,DGS10,-0.03
2018-11-19,DGS10,-0.02
2018-11-20,DGS10,0
2018-11-21,DGS10,0
2018-11-23,DGS10,-0.01
2018-11-26,DGS10,0.02
2018-11-27,DGS10,-0.01
2018-11-28,DGS10,0
2018-11-29,DGS10,-0.03
2018-11-30,DGS10,-0.02
2018-12-03,DGS10,-0.03
2018-12-04,DGS10,-0.07
2018-12-06,DGS10,-0.04
2018-12-07,DGS10,-0.02
2018-12-10,DGS10,0
2018-12-11,DGS10,0.04
2018-12-12,DGS10,0.02
2018-12-13,DGS10,0
2018-12-14,DGS10,-0.02
2018-12-17,DGS10,-0.03
2018-12-18,DGS10,-0.04
2018-12-19,DGS10,-0.05
2018-12-20,DGS10,0.02
2018-12-21,DGS10,0
2018-12-24,DGS10,-0.05
2018-12-26,DGS10,0.07
2018-12-27,DGS10,-0.04
2018-12-28,DGS10,-0.05
2018-12-31,DGS10,-0.03
2019-01-02,DGS10,-0.03
2019-01-03,DGS10,-0.1
2019-01-04,DGS10,0.11
2019-01-07,DGS10,0.03
2019-01-08,DGS10,0.03
2019-01-09,DGS10,0.01
2019-01-10,DGS10,0
2019-01-11,DGS10,-0.03
2019-01-14,DGS10,0
2019-01-15,DGS10,0.01
2019-01-16,DGS10,0.01
2019-01-17,DGS10,0.02
2019-01-18,DGS10,0.04
2019-01-22,DGS10,-0.05
2019-01-23,DGS10,0.02
2019-01-24,DGS10,-0.04
2019-01-25,DGS10,0.04
2019-01-28,DGS10,-0.01
2019-01-29,DGS10,-0.03
2019-01-30,DGS10,-0.02
2019-01-31,DGS10,-0.07
2019-02-01,DGS10,0.07
2019-02-04,DGS10,0.03
2019-02-05,DGS10,-0.02
2019-02-06,DGS10,-0.01
2019-02-07,DGS10,-0.05
2019-02-08,DGS10,-0.02
2019-02-11,DGS10,0.02
2019-02-12,DGS10,0.03
2019-02-13,DGS10,0.03
2019-02-14,DGS10,-0.05
2019-02-15,DGS10,0
2019-02-19,DGS10,-0.01
2019-02-20,DGS10,0
2019-02-21,DGS10,0.04
2019-02-22,DGS10,-0.04
2019-02-25,DGS10,0.02
2019-02-26,DGS10,-0.03
2019-02-27,DGS10,0.05
2019-02-28,DGS10,0.04
2019-03-01,DGS10,0.03
2019-03-04,DGS10,-0.04
2019-03-05,DGS10,0
2019-03-06,DGS10,-0.03
2019-03-07,DGS10,-0.05
2019-03-08,DGS10,-0.02
2019-03-11,DGS10,0.02
2019-03-12,DGS10,-0.03
2019-03-13,DGS10,0
2019-03-14,DGS10,0.02
2019-03-15,DGS10,-0.04
2019-03-18,DGS10,0.01
2019-03-19,DGS10,0.01
2019-03-20,DGS10,-0.07
2019-03-21,DGS10,0
2019-03-22,DGS10,-0.1
2019-03-25,DGS10,-0.01
2019-03-26,DGS10,-0.02
2019-03-27,DGS10,-0.02
2019-03-28,DGS10,0
2019-03-29,DGS10,0.02
2019-04-01,DGS10,0.08
2019-04-02,DGS10,-0.01
2019-04-03,DGS10,0.04
2019-04-04,DGS10,-0.01
2019-04-05,DGS10,-0.01
2019-04-08,DGS10,0.02
2019-04-09,DGS10,-0.01
2019-04-10,DGS10,-0.03
2019-04-11,DGS10,0.03
2019-04-12,DGS10,0.05
2019-04-15,DGS10,-0.01
2019-04-16,DGS10,0.05
2019-04-17,DGS10,-0.01
2019-04-18,DGS10,-0.02
2019-04-22,DGS10,0.02
2019-04-23,DGS10,-0.02
2019-04-24,DGS10,-0.04
2019-04-25,DGS10,0.01
2019-04-26,DGS10,-0.03
2019-04-29,DGS10,0.03
2019-04-30,DGS10,-0.03
2019-05-01,DGS10,0.01
2019-05-02,DGS10,0.03
2019-05-03,DGS10,-0.01
2019-05-06,DGS10,-0.03
2019-05-07,DGS10,-0.06
2019-05-08,DGS10,0.04
2019-05-09,DGS10,-0.04
2019-05-10,DGS10,0.02
2019-05-13,DGS10,-0.07
2019-05-14,DGS10,0.02
2019-05-15,DGS10,-0.05
2019-05-16,DGS10,0.03
2019-05-17,DGS10,-0.01
2019-05-20,DGS10,0.02
2019-05-21,DGS10,0.02
2019-05-22,DGS10,-0.04
2019-05-23,DGS10,-0.08
2019-05-24,DGS10,0.01
2019-05-28,DGS10,-0.06
2019-05-29,DGS10,-0.01
2019-05-30,DGS10,-0.03
2019-05-31,DGS10,-0.08
2019-06-03,DGS10,-0.07
2019-06-04,DGS10,0.05
2019-06-05,DGS10,0
2019-06-06,DGS10,0
2019-06-07,DGS10,-0.03
2019-06-10,DGS10,0.06
2019-06-11,DGS10,0
2019-06-12,DGS10,-0.02
2019-06-13,DGS10,-0.03
2019-06-14,DGS10,-0.01
2019-06-17,DGS10,0
2019-06-18,DGS10,-0.03
2019-06-19,DGS10,-0.03
2019-06-20,DGS10,-0.02
2019-06-21,DGS10,0.06
2019-06-24,DGS10,-0.05
2019-06-25,DGS10,-0.02
2019-06-26,DGS10,0.05
2019-06-27,DGS10,-0.04
2019-06-28,DGS10,-0.01
2019-07-01,DGS10,0.03
2019-07-02,DGS10,-0.05
2019-07-03,DGS10,-0.02
2019-07-05,DGS10,0.08
2019-07-08,DGS10,0.01
2019-07-09,DGS10,0.02
2019-07-10,DGS10,0
2019-07-11,DGS10,0.06
2019-07-12,DGS10,-0.01
2019-07-15,DGS10,-0.03
2019-07-16,DGS10,0.04
2019-07-17,DGS10,-0.07
2019-07-18,DGS10,-0.02
2019-07-19,DGS10,0.01
2019-07-22,DGS10,0
2019-07-23,DGS10,0.03
2019-07-24,DGS10,-0.03
2019-07-25,DGS10,0.03
2019-07-26,DGS10,0
2019-07-29,DGS10,-0.02
2019-07-30,DGS10,0
2019-07-31,DGS10,-0.04
2019-08-01,DGS10,-0.12
2019-08-02,DGS10,-0.04
2019-08-05,DGS10,-0.11
2019-08-06,DGS10,-0.02
2019-08-07,DGS10,-0.02
2019-08-08,DGS10,0.01
2019-08-09,DGS10,0.02
2019-08-12,DGS10,-0.09
2019-08-13,DGS10,0.03
2019-08-14,DGS10,-0.09
2019-08-15,DGS10,-0.07
2019-08-16,DGS10,0.03
2019-08-19,DGS10,0.05
2019-08-20,DGS10,-0.05
2019-08-21,DGS10,0.04
2019-08-22,DGS10,0.03
2019-08-23,DGS10,-0.1
2019-08-26,DGS10,0.02
2019-08-27,DGS10,-0.05
2019-08-28,DGS10,-0.02
2019-08-29,DGS10,0.03
2019-08-30,DGS10,0
2019-09-03,DGS10,-0.03
2019-09-04,DGS10,0
2019-09-05,DGS10,0.1
2019-09-06,DGS10,-0.02
2019-09-09,DGS10,0.08
2019-09-10,DGS10,0.09
2019-09-11,DGS10,0.03
2019-09-12,DGS10,0.04
2019-09-13,DGS10,0.11
2019-09-16,DGS10,-0.06
2019-09-17,DGS10,-0.03
2019-09-18,DGS10,-0.01
2019-09-19,DGS10,-0.01
2019-09-20,DGS10,-0.05
2019-09-23,DGS10,-0.02
2019-09-24,DGS10,-0.08
2019-09-25,DGS10,0.09
2019-09-26,DGS10,-0.03
2019-09-27,DGS10,-0.01
2019-09-30,DGS10,-0.01
2019-10-01,DGS10,-0.03
2019-10-02,DGS10,-0.05
2019-10-03,DGS10,-0.06
2019-10-04,DGS10,-0.02
2019-10-07,DGS10,0.04
2019-10-08,DGS10,-0.02
2019-10-09,DGS10,0.05
2019-10-10,DGS10,0.08
2019-10-11,DGS10,0.09
2019-10-15,DGS10,0.01
2019-10-16,DGS10,-0.02
2019-10-17,DGS10,0.01
2019-10-18,DGS10,0
2019-10-21,DGS10,0.04
2019-10-22,DGS10,-0.02
2019-10-23,DGS10,-0.01
2019-10-24,DGS10,0
2019-10-25,DGS10,0.03
2019-10-28,DGS10,0.05
2019-10-29,DGS10,-0.01
2019-10-30,DGS10,-0.06
2019-10-31,DGS10,-0.09
2019-11-01,DGS10,0.04
2019-11-04,DGS10,0.06
2019-11-05,DGS10,0.07
2019-11-06,DGS10,-0.05
2019-11-07,DGS10,0.11
2019-11-08,DGS10,0.02
2019-11-12,DGS10,-0.02
2019-11-13,DGS10,-0.04
2019-11-14,DGS10,-0.06
2019-11-15,DGS10,0.02
2019-11-18,DGS10,-0.03
2019-11-19,DGS10,-0.02
2019-11-20,DGS10,-0.06
2019-11-21,DGS10,0.04
2019-11-22,DGS10,0
2019-11-25,DGS10,-0.01
2019-11-26,DGS10,-0.02
2019-11-27,DGS10,0.03
2019-11-29,DGS10,0.01
2019-12-02,DGS10,0.05
2019-12-03,DGS10,-0.11
2019-12-04,DGS10,0.05
2019-12-05,DGS10,0.03
2019-12-06,DGS10,0.04
2019-12-09,DGS10,-0.01
2019-12-10,DGS10,0.02
2019-12-11,DGS10,-0.06
2019-12-12,DGS10,0.11
2019-12-13,DGS10,-0.08
2019-12-16,DGS10,0.07
2019-12-17,DGS10,0
2019-12-18,DGS10,0.03
2019-12-19,DGS10,0
2019-12-20,DGS10,0
2019-12-23,DGS10,0.01
2019-12-24,DGS10,-0.03
2019-12-26,DGS10,0
2019-12-27,DGS10,-0.02
2019-12-30,DGS10,0.02
2019-12-31,DGS10,0.02
2020-01-02,DGS10,-0.04
2020-01-03,DGS10,-0.08
2020-01-06,DGS10,0.01
2020-01-07,DGS10,0.02
2020-01-08,DGS10,0.04
2020-01-09,DGS10,-0.02
2020-01-10,DGS10,-0.02
2020-01-13,DGS10,0.02
2020-01-14,DGS10,-0.03
2020-01-15,DGS10,-0.03
2020-01-16,DGS10,0.02
2020-01-17,DGS10,0.03
2020-01-21,DGS10,-0.06
2020-01-22,DGS10,-0.01
2020-01-23,DGS10,-0.03
2020-01-24,DGS10,-0.04
2020-01-27,DGS10,-0.09
2020-01-28,DGS10,0.04
2020-01-29,DGS10,-0.05
2020-01-30,DGS10,-0.03
2020-01-31,DGS10,-0.06
2020-02-03,DGS10,0.03
2020-02-04,DGS10,0.07
2020-02-05,DGS10,0.05
2020-02-06,DGS10,-0.01
2020-02-07,DGS10,-0.06
2020-02-10,DGS10,-0.03
2020-02-11,DGS10,0.03
2020-02-12,DGS10,0.03
2020-02-13,DGS10,-0.01
2020-02-14,DGS10,-0.02
2020-02-18,DGS10,-0.04
2020-02-19,DGS10,0.01
2020-02-20,DGS10,-0.04
2020-02-21,DGS10,-0.06
2020-02-24,DGS10,-0.08
2020-02-25,DGS10,-0.05
2020-02-26,DGS10,0
2020-02-27,DGS10,-0.03
2020-02-28,DGS10,-0.17
2020-03-02,DGS10,-0.03
2020-03-03,DGS10,-0.08
2020-03-04,DGS10,0
2020-03-05,DGS10,-0.1
2020-03-06,DGS10,-0.18
2020-03-09,DGS10,-0.2
2020-03-10,DGS10,0.22
2020-03-11,DGS10,0.06
2020-03-12,DGS10,0.06
2020-03-13,DGS10,0.06
2020-03-16,DGS10,-0.21
2020-03-17,DGS10,0.29
2020-03-18,DGS10,0.16
2020-03-19,DGS10,-0.06
2020-03-20,DGS10,-0.2
2020-03-23,DGS10,-0.16
2020-03-24,DGS10,0.08
2020-03-25,DGS10,0.04
2020-03-26,DGS10,-0.05
2020-03-27,DGS10,-0.11
2020-03-30,DGS10,-0.02
2020-03-31,DGS10,0
2020-04-01,DGS10,-0.08
2020-04-02,DGS10,0.01
2020-04-03,DGS10,-0.01
2020-04-06,DGS10,0.05
2020-04-07,DGS10,0.08
2020-04-08,DGS10,0.02
2020-04-09,DGS10,-0.04
2020-04-13,DGS10,0.03
2020-04-14,DGS10,0
2020-04-15,DGS10,-0.13
2020-04-16,DGS10,-0.02
2020-04-17,DGS10,0.04
2020-04-20,DGS10,-0.02
2020-04-21,DGS10,-0.05
2020-04-22,DGS10,0.05
2020-04-23,DGS10,-0.02
2020-04-24,DGS10,-0.01
2020-04-27,DGS10,0.07
2020-04-28,DGS10,-0.05
2020-04-29,DGS10,0.01
2020-04-30,DGS10,0.01
2020-05-01,DGS10,0
2020-05-04,DGS10,0
2020-05-05,DGS10,0.02
2020-05-06,DGS10,0.06
2020-05-07,DGS10,-0.09
2020-05-08,DGS10,0.06
2020-05-11,DGS10,0.04
2020-05-12,DGS10,-0.04
2020-05-13,DGS10,-0.05
2020-05-14,DGS10,-0.01
2020-05-15,DGS10,0.01
2020-05-18,DGS10,0.09
2020-05-19,DGS10,-0.03
2020-05-20,DGS10,-0.02
2020-05-21,DGS10,0
2020-05-22,DGS10,-0.02
2020-05-26,DGS10,0.03
2020-05-27,DGS10,-0.01
2020-05-28,DGS10,0.02
2020-05-29,DGS10,-0.05
2020-06-01,DGS10,0.01
2020-06-02,DGS10,0.02
2020-06-03,DGS10,0.09
2020-06-04,DGS10,0.05
2020-06-05,DGS10,0.09
2020-06-08,DGS10,-0.03
2020-06-09,DGS10,-0.04
2020-06-10,DGS10,-0.09
2020-06-11,DGS10,-0.09
2020-06-12,DGS10,0.05
2020-06-15,DGS10,0
2020-06-16,DGS10,0.04
2020-06-17,DGS10,-0.01
2020-06-18,DGS10,-0.03
2020-06-19,DGS10,-0.01
2020-06-22,DGS10,0.01
2020-06-23,DGS10,0.01
2020-06-24,DGS10,-0.03
2020-06-25,DGS10,-0.01
2020-06-26,DGS10,-0.04
2020-06-29,DGS10,0
2020-06-30,DGS10,0.02
2020-07-01,DGS10,0.03
2020-07-02,DGS10,-0.01
2020-07-06,DGS10,0.01
2020-07-07,DGS10,-0.04
2020-07-08,DGS10,0.02
2020-07-09,DGS10,-0.05
2020-07-10,DGS10,0.03
2020-07-13,DGS10,-0.01
2020-07-14,DGS10,-0.01
2020-07-15,DGS10,0.01
2020-07-16,DGS10,-0.02
2020-07-17,DGS10,0.02
2020-07-20,DGS10,-0.02
2020-07-21,DGS10,-0.01
2020-07-22,DGS10,-0.01
2020-07-23,DGS10,-0.01
2020-07-24,DGS10,0
2020-07-27,DGS10,0.03
2020-07-28,DGS10,-0.03
2020-07-29,DGS10,-0.01
2020-07-30,DGS10,-0.03
2020-07-31,DGS10,0
2020-08-03,DGS10,0.01
2020-08-04,DGS10,-0.04
2020-08-05,DGS10,0.03
2020-08-06,DGS10,0
2020-08-07,DGS10,0.02
2020-08-10,DGS10,0.02
2020-08-11,DGS10,0.05
2020-08-12,DGS10,0.05
2020-08-13,DGS10,0.02
2020-08-14,DGS10,0
2020-08-17,DGS10,-0.02
2020-08-18,DGS10,-0.02
2020-08-19,DGS10,0.01
2020-08-20,DGS10,-0.03
2020-08-21,DGS10,-0.01
2020-08-24,DGS10,0.01
2020-08-25,DGS10,0.04
2020-08-26,DGS10,0
2020-08-27,DGS10,0.05
2020-08-28,DGS10,0
2020-08-31,DGS10,-0.02
2020-09-01,DGS10,-0.04
2020-09-02,DGS10,-0.02
2020-09-03,DGS10,-0.03
2020-09-04,DGS10,0.09
2020-09-08,DGS10,-0.03
2020-09-09,DGS10,0.02
2020-09-10,DGS10,-0.03
2020-09-11,DGS10,-0.01
2020-09-14,DGS10,0.01
2020-09-15,DGS10,0
2020-09-16,DGS10,0.01
2020-09-17,DGS10,0
2020-09-18,DGS10,0.01
2020-09-21,DGS10,-0.02
2020-09-22,DGS10,0
2020-09-23,DGS10,0
2020-09-24,DGS10,-0.01
2020-09-25,DGS10,-0.01
2020-09-28,DGS10,0.01
2020-09-29,DGS10,-0.01
2020-09-30,DGS10,0.03
2020-10-01,DGS10,-0.01
2020-10-02,DGS10,0.02
2020-10-05,DGS10,0.08
2020-10-06,DGS10,-0.02
2020-10-07,DGS10,0.05
2020-10-08,DGS10,-0.03
2020-10-09,DGS10,0.01
2020-10-13,DGS10,-0.05
2020-10-14,DGS10,-0.01
2020-10-15,DGS10,0.01
2020-10-16,DGS10,0.02
2020-10-19,DGS10,0.02
2020-10-20,DGS10,0.03
2020-10-21,DGS10,0.02
2020-10-22,DGS10,0.04
2020-10-23,DGS10,-0.02
2020-10-26,DGS10,-0.04
2020-10-27,DGS10,-0.02
2020-10-28,DGS10,0
2020-10-29,DGS10,0.06
2020-10-30,DGS10,0.03
2020-11-02,DGS10,-0.01
2020-11-03,DGS10,0.03
2020-11-04,DGS10,-0.12
2020-11-05,DGS10,0.01
2020-11-06,DGS10,0.04
2020-11-09,DGS10,0.13
2020-11-10,DGS10,0.02
2020-11-12,DGS10,-0.1
2020-11-13,DGS10,0.01
2020-11-16,DGS10,0.02
2020-11-17,DGS10,-0.04
2020-11-18,DGS10,0.01
2020-11-19,DGS10,-0.02
2020-11-20,DGS10,-0.03
2020-11-23,DGS10,0.03
2020-11-24,DGS10,0.02
2020-11-25,DGS10,0
2020-11-27,DGS10,-0.04
2020-11-30,DGS10,0
2020-12-01,DGS10,0.08
2020-12-02,DGS10,0.03
2020-12-03,DGS10,-0.03
2020-12-04,DGS10,0.05
2020-12-07,DGS10,-0.03
2020-12-08,DGS10,-0.02
2020-12-09,DGS10,0.03
2020-12-10,DGS10,-0.03
2020-12-11,DGS10,-0.02
2020-12-14,DGS10,0
2020-12-15,DGS10,0.02
2020-12-16,DGS10,0
2020-12-17,DGS10,0.02
2020-12-18,DGS10,0.01
2020-12-21,DGS10,0
2020-12-22,DGS10,-0.02
2020-12-23,DGS10,0.03
2020-12-24,DGS10,-0.02
2020-12-28,DGS10,0
2020-12-29,DGS10,0
2020-12-30,DGS10,-0.01
2020-12-31,DGS10,0
2021-01-04,DGS10,0
2021-01-05,DGS10,0.03
2021-01-06,DGS10,0.08
2021-01-07,DGS10,0.04
2021-01-08,DGS10,0.05
2021-01-11,DGS10,0.02
2021-01-12,DGS10,0
2021-01-13,DGS10,-0.05
2021-01-14,DGS10,0.05
2021-01-15,DGS10,-0.04
2021-01-19,DGS10,-0.01
2021-01-20,DGS10,0
2021-01-21,DGS10,0.02
2021-01-22,DGS10,-0.02
2021-01-25,DGS10,-0.05
2021-01-26,DGS10,0
2021-01-27,DGS10,-0.01
2021-01-28,DGS10,0.03
2021-01-29,DGS10,0.04
2021-02-01,DGS10,-0.02
2021-02-02,DGS10,0.03
2021-02-03,DGS10,0.03
2021-02-04,DGS10,0
2021-02-05,DGS10,0.04
2021-02-08,DGS10,0
2021-02-09,DGS10,-0.01
2021-02-10,DGS10,-0.03
2021-02-11,DGS10,0.01
2021-02-12,DGS10,0.04
2021-02-16,DGS10,0.1
2021-02-17,DGS10,-0.01
2021-02-18,DGS10,0
2021-02-19,DGS10,0.05
2021-02-22,DGS10,0.03
2021-02-23,DGS10,0
2021-02-24,DGS10,0.01
2021-02-25,DGS10,0.16
2021-02-26,DGS10,-0.1
2021-03-01,DGS10,0.01
2021-03-02,DGS10,-0.03
2021-03-03,DGS10,0.05
2021-03-04,DGS10,0.07
2021-03-05,DGS10,0.02
2021-03-08,DGS10,0.03
2021-03-09,DGS10,-0.04
2021-03-10,DGS10,-0.02
2021-03-11,DGS10,0.01
2021-03-12,DGS10,0.1
2021-03-15,DGS10,-0.02
2021-03-16,DGS10,0
2021-03-17,DGS10,0.01
2021-03-18,DGS10,0.08
2021-03-19,DGS10,0.03
2021-03-22,DGS10,-0.05
2021-03-23,DGS10,-0.06
2021-03-24,DGS10,-0.01
2021-03-25,DGS10,0.01
2021-03-26,DGS10,0.04
2021-03-29,DGS10,0.06
2021-03-30,DGS10,0
2021-03-31,DGS10,0.01
2021-04-01,DGS10,-0.05
2021-04-05,DGS10,0.04
2021-04-06,DGS10,-0.06
2021-04-07,DGS10,0.01
2021-04-08,DGS10,-0.04
2021-04-09,DGS10,0.03
2021-04-12,DGS10,0.02
2021-04-13,DGS10,-0.05
2021-04-14,DGS10,0
2021-04-15,DGS10,-0.08
2021-04-16,DGS10,0.03
2021-04-19,DGS10,0.02
2021-04-20,DGS10,-0.03
2021-04-21,DGS10,-0.01
2021-04-22,DGS10,0
2021-04-23,DGS10,0.01
2021-04-26,DGS10,0
2021-04-27,DGS10,0.05
2021-04-28,DGS10,0
2021-04-29,DGS10,0.02
2021-04-30,DGS10,0
2021-05-03,DGS10,-0.02
2021-05-04,DGS10,-0.02
2021-05-05,DGS10,-0.02
2021-05-06,DGS10,-0.01
2021-05-07,DGS10,0.02
2021-05-10,DGS10,0.03
2021-05-11,DGS10,0.01
2021-05-12,DGS10,0.05
2021-05-13,DGS10,-0.03
2021-05-14,DGS10,-0.03
2021-05-17,DGS10,0.01
2021-05-18,DGS10,0
2021-05-19,DGS10,0.04
2021-05-20,DGS10,-0.05
2021-05-21,DGS10,0
2021-05-24,DGS10,-0.02
2021-05-25,DGS10,-0.05
2021-05-26,DGS10,0.02
2021-05-27,DGS10,0.03
2021-05-28,DGS10,-0.03
2021-06-01,DGS10,0.04
2021-06-02,DGS10,-0.03
2021-06-03,DGS10,0.04
2021-06-04,DGS10,-0.07
2021-06-07,DGS10,0.01
2021-06-08,DGS10,-0.04
2021-06-09,DGS10,-0.03
2021-06-10,DGS10,-0.05
2021-06-11,DGS10,0.02
2021-06-14,DGS10,0.04
2021-06-15,DGS10,0
2021-06-16,DGS10,0.06
2021-06-17,DGS10,-0.05
2021-06-18,DGS10,-0.07
2021-06-21,DGS10,0.05
2021-06-22,DGS10,-0.02
2021-06-23,DGS10,0.02
2021-06-24,DGS10,-0.01
2021-06-25,DGS10,0.05
2021-06-28,DGS10,-0.05
2021-06-29,DGS10,0
2021-06-30,DGS10,-0.04
2021-07-01,DGS10,0.03
2021-07-02,DGS10,-0.04
2021-07-06,DGS10,-0.07
2021-07-07,DGS10,-0.04
2021-07-08,DGS10,-0.03
2021-07-09,DGS10,0.07
2021-07-12,DGS10,0.01
2021-07-13,DGS10,0.04
2021-07-14,DGS10,-0.05
2021-07-15,DGS10,-0.06
2021-07-16,DGS10,0
2021-07-19,DGS10,-0.12
2021-07-20,DGS10,0.04
2021-07-21,DGS10,0.07
2021-07-22,DGS10,-0.03
2021-07-23,DGS10,0.03
2021-07-26,DGS10,-0.01
2021-07-27,DGS10,-0.04
2021-07-28,DGS10,0.01
2021-07-29,DGS10,0.02
2021-07-30,DGS10,-0.04
2021-08-02,DGS10,-0.04
2021-08-03,DGS10,-0.01
2021-08-04,DGS10,0
2021-08-05,DGS10,0.04
2021-08-06,DGS10,0.08
2021-08-09,DGS10,0.02
2021-08-10,DGS10,0.03
2021-08-11,DGS10,-0.01
2021-08-12,DGS10,0.01
2021-08-13,DGS10,-0.07
2021-08-16,DGS10,-0.03
2021-08-17,DGS10,0
2021-08-18,DGS10,0.01
2021-08-19,DGS10,-0.03
2021-08-20,DGS10,0.02
2021-08-23,DGS10,-0.01
2021-08-24,DGS10,0.04
2021-08-25,DGS10,0.06
2021-08-26,DGS10,-0.01
2021-08-27,DGS10,-0.03
2021-08-30,DGS10,-0.02
2021-08-31,DGS10,0.01
2021-09-01,DGS10,0.01
2021-09-02,DGS10,-0.02
2021-09-03,DGS10,0.04
2021-09-07,DGS10,0.05
2021-09-08,DGS10,-0.03
2021-09-09,DGS10,-0.05
2021-09-10,DGS10,0.05
2021-09-13,DGS10,-0.02
2021-09-14,DGS10,-0.05
2021-09-15,DGS10,0.03
2021-09-16,DGS10,0.03
2021-09-17,DGS10,0.03
2021-09-20,DGS10,-0.06
2021-09-21,DGS10,0.02
2021-09-22,DGS10,-0.01
2021-09-23,DGS10,0.09
2021-09-24,DGS10,0.06
2021-09-27,DGS10,0.01
2021-09-28,DGS10,0.06
2021-09-29,DGS10,0.01
2021-09-30,DGS10,-0.03
2021-10-01,DGS10,-0.04
2021-10-04,DGS10,0.01
2021-10-05,DGS10,0.05
2021-10-06,DGS10,-0.01
2021-10-07,DGS10,0.05
2021-10-08,DGS10,0.03
2021-10-12,DGS10,-0.02
2021-10-13,DGS10,-0.03
2021-10-14,DGS10,-0.04
2021-10-15,DGS10,0.07
2021-10-18,DGS10,0
2021-10-19,DGS10,0.06
2021-10-20,DGS10,0
2021-10-21,DGS10,0.03
2021-10-22,DGS10,-0.02
2021-10-25,DGS10,-0.02
2021-10-26,DGS10,-0.01
2021-10-27,DGS10,-0.09
2021-10-28,DGS10,0.03
2021-10-29,DGS10,-0.02
2021-11-01,DGS10,0.03
2021-11-02,DGS10,-0.02
2021-11-03,DGS10,0.04
2021-11-04,DGS10,-0.07
2021-11-05,DGS10,-0.08
2021-11-08,DGS10,0.06
2021-11-09,DGS10,-0.05
2021-11-10,DGS10,0.1
2021-11-12,DGS10,0.02
2021-11-15,DGS10,0.05
2021-11-16,DGS10,0
2021-11-17,DGS10,-0.03
2021-11-18,DGS10,-0.01
2021-11-19,DGS10,-0.05
2021-11-22,DGS10,0.09
2021-11-23,DGS10,0.04
2021-11-24,DGS10,-0.03
2021-11-26,DGS10,-0.16
2021-11-29,DGS10,0.04
2021-11-30,DGS10,-0.09
2021-12-01,DGS10,0
2021-12-02,DGS10,0.01
2021-12-03,DGS10,-0.09
2021-12-06,DGS10,0.08
2021-12-07,DGS10,0.05
2021-12-08,DGS10,0.04
2021-12-09,DGS10,-0.03
2021-12-10,DGS10,-0.01
2021-12-13,DGS10,-0.06
2021-12-14,DGS10,0.02
2021-12-15,DGS10,0.03
2021-12-16,DGS10,-0.03
2021-12-17,DGS10,-0.03
2021-12-20,DGS10,0.02
2021-12-21,DGS10,0.05
2021-12-22,DGS10,-0.02
2021-12-23,DGS10,0.04
2021-12-27,DGS10,-0.02
2021-12-28,DGS10,0.01
2021-12-29,DGS10,0.06
2021-12-30,DGS10,-0.03
2021-12-31,DGS10,0
2022-01-03,DGS10,0.11
2022-01-04,DGS10,0.03
2022-01-05,DGS10,0.05
2022-01-06,DGS10,0.02
2022-01-07,DGS10,0.03
2022-01-10,DGS10,0.02
2022-01-11,DGS10,-0.03
2022-01-12,DGS10,-0.01
2022-01-13,DGS10,-0.04
2022-01-14,DGS10,0.08
2022-01-18,DGS10,0.09
2022-01-19,DGS10,-0.04
2022-01-20,DGS10,0
2022-01-21,DGS10,-0.08
2022-01-24,DGS10,0
2022-01-25,DGS10,0.03
2022-01-26,DGS10,0.07
2022-01-27,DGS10,-0.04
2022-01-28,DGS10,-0.03
2022-01-31,DGS10,0.01
2022-02-01,DGS10,0.02
2022-02-02,DGS10,-0.03
2022-02-03,DGS10,0.04
2022-02-04,DGS10,0.11
2022-02-07,DGS10,-0.01
2022-02-08,DGS10,0.04
2022-02-09,DGS10,-0.02
2022-02-10,DGS10,0.09
2022-02-11,DGS10,-0.11
2022-02-14,DGS10,0.06
2022-02-15,DGS10,0.07
2022-02-16,DGS10,-0.02
2022-02-17,DGS10,-0.06
2022-02-18,DGS10,-0.05
2022-02-22,DGS10,0.02
2022-02-23,DGS10,0.05
2022-02-24,DGS10,-0.03
2022-02-25,DGS10,0.01
2022-02-28,DGS10,-0.14
2022-03-01,DGS10,-0.11
2022-03-02,DGS10,0.14
2022-03-03,DGS10,0
2022-03-04,DGS10,-0.12
2022-03-07,DGS10,0.04
2022-03-08,DGS10,0.08
2022-03-09,DGS10,0.08
2022-03-10,DGS10,0.04
2022-03-11,DGS10,0.02
2022-03-14,DGS10,0.14
2022-03-15,DGS10,0.01
2022-03-16,DGS10,0.04
2022-03-17,DGS10,0.01
2022-03-18,DGS10,-0.06
2022-03-21,DGS10,0.18
2022-03-22,DGS10,0.06
2022-03-23,DGS10,-0.06
2022-03-24,DGS10,0.02
2022-03-25,DGS10,0.14
2022-03-28,DGS10,-0.02
2022-03-29,DGS10,-0.05
2022-03-30,DGS10,-0.06
2022-03-31,DGS10,-0.03
2022-04-01,DGS10,0.07
2022-04-04,DGS10,0.03
2022-04-05,DGS10,0.12
2022-04-06,DGS10,0.07
2022-04-07,DGS10,0.05
2022-04-08,DGS10,0.06
2022-04-11,DGS10,0.07
2022-04-12,DGS10,-0.07
2022-04-13,DGS10,-0.02
2022-04-14,DGS10,0.13
2022-04-18,DGS10,0.02
2022-04-19,DGS10,0.08
2022-04-20,DGS10,-0.08
2022-04-21,DGS10,0.05
2022-04-22,DGS10,0
2022-04-25,DGS10,-0.09
2022-04-26,DGS10,-0.04
2022-04-27,DGS10,0.05
2022-04-28,DGS10,0.03
2022-04-29,DGS10,0.04
2022-05-02,DGS10,0.1
2022-05-03,DGS10,-0.02
2022-05-04,DGS10,-0.04
2022-05-05,DGS10,0.12
2022-05-06,DGS10,0.07
2022-05-09,DGS10,-0.07
2022-05-10,DGS10,-0.06
2022-05-11,DGS10,-0.08
2022-05-12,DGS10,-0.07
2022-05-13,DGS10,0.09
2022-05-16,DGS10,-0.05
2022-05-17,DGS10,0.1
2022-05-18,DGS10,-0.09
2022-05-19,DGS10,-0.05
2022-05-20,DGS10,-0.06
2022-05-23,DGS10,0.08
2022-05-24,DGS10,-0.1
2022-05-25,DGS10,-0.01
2022-05-26,DGS10,0
2022-05-27,DGS10,-0.01
2022-05-31,DGS10,0.11
2022-06-01,DGS10,0.09
2022-06-02,DGS10,-0.02
2022-06-03,DGS10,0.04
2022-06-06,DGS10,0.08
2022-06-07,DGS10,-0.06
2022-06-08,DGS10,0.05
2022-06-09,DGS10,0.01
2022-06-10,DGS10,0.11
2022-06-13,DGS10,0.28
2022-06-14,DGS10,0.06
2022-06-15,DGS10,-0.16
2022-06-16,DGS10,-0.05
2022-06-17,DGS10,-0.03
2022-06-21,DGS10,0.06
2022-06-22,DGS10,-0.15
2022-06-23,DGS10,-0.07
2022-06-24,DGS10,0.04
2022-06-27,DGS10,0.07
2022-06-28,DGS10,0
2022-06-29,DGS10,-0.1
2022-06-30,DGS10,-0.12
2022-07-01,DGS10,-0.1
2022-07-05,DGS10,-0.06
2022-07-06,DGS10,0.11
2022-07-07,DGS10,0.08
2022-07-08,DGS10,0.08
2022-07-11,DGS10,-0.1
2022-07-12,DGS10,-0.03
2022-07-13,DGS10,-0.05
2022-07-14,DGS10,0.05
2022-07-15,DGS10,-0.03
2022-07-18,DGS10,0.03
2022-07-19,DGS10,0.05
2022-07-20,DGS10,0.03
2022-07-21,DGS10,-0.13
2022-07-22,DGS10,-0.14
2022-07-25,DGS10,0.04
2022-07-26,DGS10,0
2022-07-27,DGS10,-0.03
2022-07-28,DGS10,-0.1
2022-07-29,DGS10,-0.01
2022-08-01,DGS10,-0.07
2022-08-02,DGS10,0.15
2022-08-03,DGS10,-0.02
2022-08-04,DGS10,-0.05
2022-08-05,DGS10,0.15
2022-08-08,DGS10,-0.06
2022-08-09,DGS10,0.03
2022-08-10,DGS10,-0.02
2022-08-11,DGS10,0.09
2022-08-12,DGS10,-0.03
2022-08-15,DGS10,-0.05
2022-08-16,DGS10,0.03
2022-08-17,DGS10,0.07
2022-08-18,DGS10,-0.01
2022-08-19,DGS10,0.1
2022-08-22,DGS10,0.05
2022-08-23,DGS10,0.02
2022-08-24,DGS10,0.06
2022-08-25,DGS10,-0.08
2022-08-26,DGS10,0.01
2022-08-29,DGS10,0.08
2022-08-30,DGS10,-0.01
2022-08-31,DGS10,0.04
2022-09-01,DGS10,0.11
2022-09-02,DGS10,-0.06
2022-09-06,DGS10,0.13
2022-09-07,DGS10,-0.06
2022-09-08,DGS10,0.02
2022-09-09,DGS10,0.04
2022-09-12,DGS10,0.04
2022-09-13,DGS10,0.05
2022-09-14,DGS10,-0.01
2022-09-15,DGS10,0.04
2022-09-16,DGS10,0
2022-09-19,DGS10,0.04
2022-09-20,DGS10,0.08
2022-09-21,DGS10,-0.06
2022-09-22,DGS10,0.19
2022-09-23,DGS10,-0.01
2022-09-26,DGS10,0.19
2022-09-27,DGS10,0.09
2022-09-28,DGS10,-0.25
2022-09-29,DGS10,0.04
2022-09-30,DGS10,0.07
2022-10-03,DGS10,-0.16
2022-10-04,DGS10,-0.05
2022-10-05,DGS10,0.14
2022-10-06,DGS10,0.07
2022-10-07,DGS10,0.06
2022-10-11,DGS10,0.04
2022-10-12,DGS10,-0.02
2022-10-13,DGS10,0.06
2022-10-14,DGS10,0.03
2022-10-17,DGS10,0.02
2022-10-18,DGS10,-0.01
2022-10-19,DGS10,0.13
2022-10-20,DGS10,0.1
2022-10-21,DGS10,-0.03
2022-10-24,DGS10,0.04
2022-10-25,DGS10,-0.15
2022-10-26,DGS10,-0.06
2022-10-27,DGS10,-0.08
2022-10-28,DGS10,0.06
2022-10-31,DGS10,0.08
2022-11-01,DGS10,-0.03
2022-11-02,DGS10,0.03
2022-11-03,DGS10,0.04
2022-11-04,DGS10,0.03
2022-11-07,DGS10,0.05
2022-11-08,DGS10,-0.08
2022-11-09,DGS10,-0.02
2022-11-10,DGS10,-0.3
2022-11-14,DGS10,0.06
2022-11-15,DGS10,-0.08
2022-11-16,DGS10,-0.13
2022-11-17,DGS10,0.1
2022-11-18,DGS10,0.05
2022-11-21,DGS10,0.01
2022-11-22,DGS10,-0.07
2022-11-23,DGS10,-0.05
2022-11-25,DGS10,-0.03
2022-11-28,DGS10,0.01
2022-11-29,DGS10,0.06
2022-11-30,DGS10,-0.07
2022-12-01,DGS10,-0.15
2022-12-02,DGS10,-0.02
2022-12-05,DGS10,0.09
2022-12-06,DGS10,-0.09
2022-12-07,DGS10,-0.09
2022-12-08,DGS10,0.06
2022-12-09,DGS10,0.09
2022-12-12,DGS10,0.04
2022-12-13,DGS10,-0.1
2022-12-14,DGS10,-0.02
2022-12-15,DGS10,-0.05
2022-12-16,DGS10,0.04
2022-12-19,DGS10,0.09
2022-12-20,DGS10,0.12
2022-12-21,DGS10,-0.01
2022-12-22,DGS10,-0.01
2022-12-23,DGS10,0.08
2022-12-27,DGS10,0.09
2022-12-28,DGS10,0.04
2022-12-29,DGS10,-0.05
2022-12-30,DGS10,0.05
2023-01-03,DGS10,-0.09
2023-01-04,DGS10,-0.1
2023-01-05,DGS10,0.02
2023-01-06,DGS10,-0.16
2023-01-09,DGS10,-0.02
2023-01-10,DGS10,0.08
2023-01-11,DGS10,-0.07
2023-01-12,DGS10,-0.11
2023-01-13,DGS10,0.06
2023-01-17,DGS10,0.04
2023-01-18,DGS10,-0.16
2023-01-19,DGS10,0.02
2023-01-20,DGS10,0.09
2023-01-23,DGS10,0.04
2023-01-24,DGS10,-0.06
2023-01-25,DGS10,0
2023-01-26,DGS10,0.03
2023-01-27,DGS10,0.03
2023-01-30,DGS10,0.03
2023-01-31,DGS10,-0.03
2023-02-01,DGS10,-0.13
2023-02-02,DGS10,0.01
2023-02-03,DGS10,0.13
2023-02-06,DGS10,0.1
2023-02-07,DGS10,0.04
2023-02-08,DGS10,-0.04
2023-02-09,DGS10,0.04
2023-02-10,DGS10,0.07
2023-02-13,DGS10,-0.02
2023-02-14,DGS10,0.05
2023-02-15,DGS10,0.04
2023-02-16,DGS10,0.05
2023-02-17,DGS10,-0.04
2023-02-21,DGS10,0.13
2023-02-22,DGS10,-0.02
2023-02-23,DGS10,-0.05
2023-02-24,DGS10,0.07
2023-02-27,DGS10,-0.03
2023-02-28,DGS10,0
2023-03-01,DGS10,0.09
2023-03-02,DGS10,0.07
2023-03-03,DGS10,-0.11
2023-03-06,DGS10,0.01
2023-03-07,DGS10,-0.01
2023-03-08,DGS10,0.01
2023-03-09,DGS10,-0.05
2023-03-10,DGS10,-0.23
2023-03-13,DGS10,-0.15
2023-03-14,DGS10,0.09
2023-03-15,DGS10,-0.13
2023-03-16,DGS10,0.05
2023-03-17,DGS10,-0.17
2023-03-20,DGS10,0.08
2023-03-21,DGS10,0.12
2023-03-22,DGS10,-0.11
2023-03-23,DGS10,-0.1
2023-03-24,DGS10,0
2023-03-27,DGS10,0.15
2023-03-28,DGS10,0.02
2023-03-29,DGS10,0.02
2023-03-30,DGS10,-0.02
2023-03-31,DGS10,-0.07
2023-04-03,DGS10,-0.05
2023-04-04,DGS10,-0.08
2023-04-05,DGS10,-0.05
2023-04-06,DGS10,0
2023-04-10,DGS10,0.11
2023-04-11,DGS10,0.02
2023-04-12,DGS10,-0.02
2023-04-13,DGS10,0.04
2023-04-14,DGS10,0.07
2023-04-17,DGS10,0.08
2023-04-18,DGS10,-0.02
2023-04-19,DGS10,0.02
2023-04-20,DGS10,-0.06
2023-04-21,DGS10,0.03
2023-04-24,DGS10,-0.05
2023-04-25,DGS10,-0.12
2023-04-26,DGS10,0.03
2023-04-27,DGS10,0.1
2023-04-28,DGS10,-0.09
2023-05-01,DGS10,0.15
2023-05-02,DGS10,-0.15
2023-05-03,DGS10,-0.06
2023-05-04,DGS10,-0.01
2023-05-05,DGS10,0.07
2023-05-08,DGS10,0.08
2023-05-09,DGS10,0.01
2023-05-10,DGS10,-0.1
2023-05-11,DGS10,-0.04
2023-05-12,DGS10,0.07
2023-05-15,DGS10,0.04
2023-05-16,DGS10,0.04
2023-05-17,DGS10,0.03
2023-05-18,DGS10,0.08
2023-05-19,DGS10,0.05
2023-05-22,DGS10,0.02
2023-05-23,DGS10,-0.02
2023-05-24,DGS10,0.03
2023-05-25,DGS10,0.1
2023-05-26,DGS10,-0.03
2023-05-30,DGS10,-0.11
2023-05-31,DGS10,-0.05
2023-06-01,DGS10,-0.03
2023-06-02,DGS10,0.08
2023-06-05,DGS10,0
2023-06-06,DGS10,0.01
2023-06-07,DGS10,0.09
2023-06-08,DGS10,-0.06
2023-06-09,DGS10,0.02
2023-06-12,DGS10,-0.02
2023-06-13,DGS10,0.11
2023-06-14,DGS10,-0.01
2023-06-15,DGS10,-0.11
2023-06-16,DGS10,0.05
2023-06-20,DGS10,-0.03
2023-06-21,DGS10,-0.02
2023-06-22,DGS10,0.08
2023-06-23,DGS10,-0.06
2023-06-26,DGS10,-0.02
2023-06-27,DGS10,0.05
2023-06-28,DGS10,-0.06
2023-06-29,DGS10,0.14
2023-06-30,DGS10,-0.04
2023-07-03,DGS10,0.05
2023-07-05,DGS10,0.09
2023-07-06,DGS10,0.1
2023-07-07,DGS10,0.01
2023-07-10,DGS10,-0.05
2023-07-11,DGS10,-0.02
2023-07-12,DGS10,-0.13
2023-07-13,DGS10,-0.1
2023-07-14,DGS10,0.07
2023-07-17,DGS10,-0.02
2023-07-18,DGS10,-0.01
2023-07-19,DGS10,-0.05
2023-07-20,DGS10,0.1
2023-07-21,DGS10,-0.01
2023-07-24,DGS10,0.02
2023-07-25,DGS10,0.05
2023-07-26,DGS10,-0.05
2023-07-27,DGS10,0.15
2023-07-28,DGS10,-0.05
2023-07-31,DGS10,0.01
2023-08-01,DGS10,0.08
2023-08-02,DGS10,0.03
2023-08-03,DGS10,0.12
2023-08-04,DGS10,-0.15
2023-08-07,DGS10,0.04
2023-08-08,DGS10,-0.07
2023-08-09,DGS10,-0.02
2023-08-10,DGS10,0.09
2023-08-11,DGS10,0.07
2023-08-14,DGS10,0.03
2023-08-15,DGS10,0.02
2023-08-16,DGS10,0.07
2023-08-17,DGS10,0.02
2023-08-18,DGS10,-0.04
2023-08-21,DGS10,0.08
2023-08-22,DGS10,0
2023-08-23,DGS10,-0.15
2023-08-24,DGS10,0.04
2023-08-25,DGS10,0.02
2023-08-28,DGS10,-0.05
2023-08-29,DGS10,-0.08
2023-08-30,DGS10,0
2023-08-31,DGS10,-0.03
2023-09-01,DGS10,0.09
2023-09-05,DGS10,0.09
2023-09-06,DGS10,0.03
2023-09-07,DGS10,-0.03
2023-09-08,DGS10,-0.01
2023-09-11,DGS10,0.03
2023-09-12,DGS10,-0.02
2023-09-13,DGS10,-0.02
2023-09-14,DGS10,0.04
2023-09-15,DGS10,0.04
2023-09-18,DGS10,-0.01
2023-09-19,DGS10,0.05
2023-09-20,DGS10,-0.02
2023-09-21,DGS10,0.14
2023-09-22,DGS10,-0.05
2023-09-25,DGS10,0.11
2023-09-26,DGS10,0.01
2023-09-27,DGS10,0.05
2023-09-28,DGS10,-0.02
2023-09-29,DGS10,0
2023-10-02,DGS10,0.1
2023-10-03,DGS10,0.12
2023-10-04,DGS10,-0.08
2023-10-05,DGS10,-0.01
2023-10-06,DGS10,0.06
2023-10-10,DGS10,-0.12
2023-10-11,DGS10,-0.08
2023-10-12,DGS10,0.12
2023-10-13,DGS10,-0.07
2023-10-16,DGS10,0.08
2023-10-17,DGS10,0.12
2023-10-18,DGS10,0.08
2023-10-19,DGS10,0.07
2023-10-20,DGS10,-0.05
2023-10-23,DGS10,-0.07
2023-10-24,DGS10,-0.03
2023-10-25,DGS10,0.12
2023-10-26,DGS10,-0.09
2023-10-27,DGS10,-0.02
2023-10-30,DGS10,0.04
2023-10-31,DGS10,0
2023-11-01,DGS10,-0.11
2023-11-02,DGS10,-0.1
2023-11-03,DGS10,-0.1
2023-11-06,DGS10,0.1
2023-11-07,DGS10,-0.09
2023-11-08,DGS10,-0.09
2023-11-09,DGS10,0.13
2023-11-10,DGS10,-0.01
2023-11-13,DGS10,0.02
2023-11-14,DGS10,-0.19
2023-11-15,DGS10,0.09
2023-11-16,DGS10,-0.08
2023-11-17,DGS10,-0.01
2023-11-20,DGS10,-0.02
2023-11-21,DGS10,-0.01
2023-11-22,DGS10,0.01
2023-11-24,DGS10,0.05
2023-11-27,DGS10,-0.08
2023-11-28,DGS10,-0.05
2023-11-29,DGS10,-0.07
2023-11-30,DGS10,0.1
2023-12-01,DGS10,-0.15
2023-12-04,DGS10,0.06
2023-12-05,DGS10,-0.1
2023-12-06,DGS10,-0.06
2023-12-07,DGS10,0.02
2023-12-08,DGS10,0.09
2023-12-11,DGS10,0
2023-12-12,DGS10,-0.03
2023-12-13,DGS10,-0.16
2023-12-14,DGS10,-0.12
2023-12-15,DGS10,-0.01
2023-12-18,DGS10,0.04
2023-12-19,DGS10,-0.02
2023-12-20,DGS10,-0.07
2023-12-21,DGS10,0.03
2023-12-22,DGS10,0.01
2023-12-26,DGS10,-0.01
2023-12-27,DGS10,-0.1
2023-12-28,DGS10,0.05
2023-12-29,DGS10,0.04
2024-01-02,DGS10,0.07
2024-01-03,DGS10,-0.04
2024-01-04,DGS10,0.08
2024-01-05,DGS10,0.06
2024-01-08,DGS10,-0.04
2024-01-09,DGS10,0.01
2024-01-10,DGS10,0.02
2024-01-11,DGS10,-0.06
2024-01-12,DGS10,-0.02
2024-01-16,DGS10,0.11
2024-01-17,DGS10,0.03
2024-01-18,DGS10,0.04
2024-01-19,DGS10,0.01
2024-01-22,DGS10,-0.04
2024-01-23,DGS10,0.03
2024-01-24,DGS10,0.04
2024-01-25,DGS10,-0.04
2024-01-26,DGS10,0.01
2024-01-29,DGS10,-0.07
2024-01-30,DGS10,-0.02
2024-01-31,DGS10,-0.07
2024-02-01,DGS10,-0.12
2024-02-02,DGS10,0.16
2024-02-05,DGS10,0.14
2024-02-06,DGS10,-0.08
2024-02-07,DGS10,0
2024-02-08,DGS10,0.06
2024-02-09,DGS10,0.02
2024-02-12,DGS10,0
2024-02-13,DGS10,0.14
2024-02-14,DGS10,-0.04
2024-02-15,DGS10,-0.03
2024-02-16,DGS10,0.06
2024-02-20,DGS10,-0.03
2024-02-21,DGS10,0.05
2024-02-22,DGS10,0.01
2024-02-23,DGS10,-0.07
2024-02-26,DGS10,0.02
2024-02-27,DGS10,0.03
2024-02-28,DGS10,-0.04
2024-02-29,DGS10,-0.02
2024-03-01,DGS10,-0.06
2024-03-04,DGS10,0.03
2024-03-05,DGS10,-0.09
2024-03-06,DGS10,-0.02
2024-03-07,DGS10,-0.02
2024-03-08,DGS10,0
2024-03-11,DGS10,0.01
2024-03-12,DGS10,0.06
2024-03-13,DGS10,0.03
2024-03-14,DGS10,0.1
2024-03-15,DGS10,0.02
2024-03-18,DGS10,0.03
2024-03-19,DGS10,-0.04
2024-03-20,DGS10,-0.03
2024-03-21,DGS10,0
2024-03-22,DGS10,-0.05
2024-03-25,DGS10,0.03
2024-03-26,DGS10,-0.01
2024-03-27,DGS10,-0.04
2024-03-28,DGS10,0
2024-04-01,DGS10,0.13
2024-04-02,DGS10,0.03
2024-04-03,DGS10,0
2024-04-04,DGS10,-0.05
2024-04-05,DGS10,0.08
2024-04-08,DGS10,0.03
2024-04-09,DGS10,-0.06
2024-04-10,DGS10,0.19
2024-04-11,DGS10,0.01
2024-04-12,DGS10,-0.06
2024-04-15,DGS10,0.13
2024-04-16,DGS10,0.04
2024-04-17,DGS10,-0.08
2024-04-18,DGS10,0.05
2024-04-19,DGS10,-0.02
2024-04-22,DGS10,0
2024-04-23,DGS10,-0.01
2024-04-24,DGS10,0.04
2024-04-25,DGS10,0.05
2024-04-26,DGS10,-0.03
2024-04-29,DGS10,-0.04
2024-04-30,DGS10,0.06
2024-05-01,DGS10,-0.06
2024-05-02,DGS10,-0.05
2024-05-03,DGS10,-0.08
2024-05-06,DGS10,-0.01
2024-05-07,DGS10,-0.02
2024-05-08,DGS10,0.01
2024-05-09,DGS10,-0.03
2024-05-10,DGS10,0.05
2024-05-13,DGS10,-0.02
2024-05-14,DGS10,-0.03
2024-05-15,DGS10,-0.09
2024-05-16,DGS10,0.02
2024-05-17,DGS10,0.04
2024-05-20,DGS10,0.02
2024-05-21,DGS10,-0.03
2024-05-22,DGS10,0.02
2024-05-23,DGS10,0.04
2024-05-24,DGS10,-0.01
2024-05-28,DGS10,0.08
2024-05-29,DGS10,0.07
2024-05-30,DGS10,-0.06
2024-05-31,DGS10,-0.04
2024-06-03,DGS10,-0.1
2024-06-04,DGS10,-0.08
2024-06-05,DGS10,-0.04
2024-06-06,DGS10,-0.01
2024-06-07,DGS10,0.15
2024-06-10,DGS10,0.04
2024-06-11,DGS10,-0.08
2024-06-12,DGS10,-0.08
2024-06-13,DGS10,-0.07
2024-06-14,DGS10,-0.04
2024-06-17,DGS10,0.08
2024-06-18,DGS10,-0.06
2024-06-20,DGS10,0.03
2024-06-21,DGS10,0
2024-06-24,DGS10,0
2024-06-25,DGS10,-0.02
2024-06-26,DGS10,0.09
2024-06-27,DGS10,-0.03
2024-06-28,DGS10,0.07
2024-07-01,DGS10,0.12
2024-07-02,DGS10,-0.05
2024-07-03,DGS10,-0.07
2024-07-05,DGS10,-0.08
2024-07-08,DGS10,0
2024-07-09,DGS10,0.02
2024-07-10,DGS10,-0.02
2024-07-11,DGS10,-0.08
2024-07-12,DGS10,-0.02
2024-07-15,DGS10,0.05
2024-07-16,DGS10,-0.06
2024-07-17,DGS10,-0.01
2024-07-18,DGS10,0.04
2024-07-19,DGS10,0.05
2024-07-22,DGS10,0.01
2024-07-23,DGS10,-0.01
2024-07-24,DGS10,0.03
2024-07-25,DGS10,-0.01
2024-07-26,DGS10,-0.07
2024-07-29,DGS10,-0.03
2024-07-30,DGS10,-0.02
2024-07-31,DGS10,-0.06
2024-08-01,DGS10,-0.1
2024-08-02,DGS10,-0.19
2024-08-05,DGS10,-0.02
2024-08-06,DGS10,0.12
2024-08-07,DGS10,0.06
2024-08-08,DGS10,0.03
2024-08-09,DGS10,-0.05
2024-08-12,DGS10,-0.04
2024-08-13,DGS10,-0.05
2024-08-14,DGS10,-0.02
2024-08-15,DGS10,0.09
2024-08-16,DGS10,-0.03
2024-08-19,DGS10,-0.03
2024-08-20,DGS10,-0.04
2024-08-21,DGS10,-0.03
2024-08-22,DGS10,0.07
2024-08-23,DGS10,-0.05
2024-08-26,DGS10,0.01
2024-08-27,DGS10,0.01
2024-08-28,DGS10,0.01
2024-08-29,DGS10,0.03
2024-08-30,DGS10,0.04
2024-09-03,DGS10,-0.07
2024-09-04,DGS10,-0.07
2024-09-05,DGS10,-0.04
2024-09-06,DGS10,-0.01
2024-09-09,DGS10,-0.02
2024-09-10,DGS10,-0.05
2024-09-11,DGS10,0
2024-09-12,DGS10,0.03
2024-09-13,DGS10,-0.02
2024-09-16,DGS10,-0.03
2024-09-17,DGS10,0.02
2024-09-18,DGS10,0.05
2024-09-19,DGS10,0.03
2024-09-20,DGS10,0
2024-09-23,DGS10,0.02
2024-09-24,DGS10,-0.01
2024-09-25,DGS10,0.05
2024-09-26,DGS10,0
2024-09-27,DGS10,-0.04
2024-09-30,DGS10,0.06
2024-10-01,DGS10,-0.07
2024-10-02,DGS10,0.05
2024-10-03,DGS10,0.06
2024-10-04,DGS10,0.13
2024-10-07,DGS10,0.05
2024-10-08,DGS10,0.01
2024-10-09,DGS10,0.02
2024-10-10,DGS10,0.03
2024-10-11,DGS10,-0.01
2024-10-15,DGS10,-0.05
2024-10-16,DGS10,-0.01
2024-10-17,DGS10,0.07
2024-10-18,DGS10,-0.01
2024-10-21,DGS10,0.11
2024-10-22,DGS10,0.01
2024-10-23,DGS10,0.04
2024-10-24,DGS10,-0.03
2024-10-25,DGS10,0.04
2024-10-28,DGS10,0.03
2024-10-29,DGS10,0
2024-10-30,DGS10,0.01
2024-10-31,DGS10,-0.01
2024-11-01,DGS10,0.09
2024-11-04,DGS10,-0.06
2024-11-05,DGS10,-0.05
2024-11-06,DGS10,0.16
2024-11-07,DGS10,-0.11
2024-11-08,DGS10,-0.01
2024-11-12,DGS10,0.13
2024-11-13,DGS10,0.01
2024-11-14,DGS10,-0.01
2024-11-15,DGS10,0
2024-11-18,DGS10,-0.01
2024-11-19,DGS10,-0.03
2024-11-20,DGS10,0.02
2024-11-21,DGS10,0.02
2024-11-22,DGS10,-0.02
2024-11-25,DGS10,-0.14
2024-11-26,DGS10,0.03
2024-11-27,DGS10,-0.05
2024-11-29,DGS10,-0.07
2024-12-02,DGS10,0.01
2024-12-03,DGS10,0.04
2024-12-04,DGS10,-0.04
2024-12-05,DGS10,-0.02
2024-12-06,DGS10,-0.02
2024-12-09,DGS10,0.05
2024-12-10,DGS10,0.02
2024-12-11,DGS10,0.04
2024-12-12,DGS10,0.06
2024-12-13,DGS10,0.08
2024-12-16,DGS10,-0.01
2024-12-17,DGS10,0.01
2024-12-18,DGS10,0.1
2024-12-19,DGS10,0.07
2024-12-20,DGS10,-0.05
2024-12-23,DGS10,0.07
2024-12-24,DGS10,0
2024-12-26,DGS10,-0.01
2024-12-27,DGS10,0.04
2024-12-30,DGS10,-0.07
2024-12-31,DGS10,0.03
2025-01-02,DGS10,-0.01
2025-01-03,DGS10,0.03
2025-01-06,DGS10,0.02
2025-01-07,DGS10,0.05
2025-01-08,DGS10,0
2025-01-09,DGS10,0.01
2025-01-10,DGS10,0.09
2025-01-13,DGS10,0.02
2025-01-14,DGS10,-0.01
2025-01-15,DGS10,-0.12
2025-01-16,DGS10,-0.05
2025-01-17,DGS10,0
2025-01-21,DGS10,-0.04
2025-01-22,DGS10,0.03
2025-01-23,DGS10,0.05
2025-01-24,DGS10,-0.02
2025-01-27,DGS10,-0.1
2025-01-28,DGS10,0.02
2025-01-29,DGS10,0
2025-01-30,DGS10,-0.03
2025-01-31,DGS10,0.06
2025-02-03,DGS10,-0.04
2025-02-04,DGS10,-0.02
2025-02-05,DGS10,-0.09
2025-02-06,DGS10,0.02
2025-02-07,DGS10,0.04
2025-02-10,DGS10,0.02
2025-02-11,DGS10,0.03
2025-02-12,DGS10,0.08
2025-02-13,DGS10,-0.1
2025-02-14,DGS10,-0.05
2025-02-18,DGS10,0.08
2025-02-19,DGS10,-0.02
2025-02-20,DGS10,-0.03
2025-02-21,DGS10,-0.08
2025-02-24,DGS10,-0.02
2025-02-25,DGS10,-0.1
2025-02-26,DGS10,-0.05
2025-02-27,DGS10,0.04
2025-02-28,DGS10,-0.05
2025-03-03,DGS10,-0.08
2025-03-04,DGS10,0.06
2025-03-05,DGS10,0.06
2025-03-06,DGS10,0.01
2025-03-07,DGS10,0.03
2025-03-10,DGS10,-0.1
2025-03-11,DGS10,0.06
2025-03-12,DGS10,0.04
2025-03-13,DGS10,-0.05
2025-03-14,DGS10,0.04
2025-03-17,DGS10,0
2025-03-18,DGS10,-0.02
2025-03-19,DGS10,-0.04
2025-03-20,DGS10,-0.01
2025-03-21,DGS10,0.01
2025-03-24,DGS10,0.09
2025-03-25,DGS10,-0.03
2025-03-26,DGS10,0.04
2025-03-27,DGS10,0.03
2025-03-28,DGS10,-0.11
2025-03-31,DGS10,-0.04
2025-04-01,DGS10,-0.06
2025-04-02,DGS10,0.03
2025-04-03,DGS10,-0.14
2025-04-04,DGS10,-0.05
2025-04-07,DGS10,0.14
2025-04-08,DGS10,0.11
2025-04-09,DGS10,0.08
2025-04-10,DGS10,0.06
2025-04-11,DGS10,0.08
2025-04-14,DGS10,-0.1
2025-04-15,DGS10,-0.03
2025-04-16,DGS10,-0.06
2025-04-17,DGS10,0.05
2025-04-21,DGS10,0.08
2025-04-22,DGS10,-0.01
2025-04-23,DGS10,-0.01
2025-04-24,DGS10,-0.08
2025-04-25,DGS10,-0.03
2025-04-28,DGS10,-0.06
2025-04-29,DGS10,-0.04
2025-04-30,DGS10,-0.02
2025-05-01,DGS10,0.08
2025-05-02,DGS10,0.08
2025-05-05,DGS10,0.03
2025-05-06,DGS10,-0.06
2025-05-07,DGS10,-0.04
2025-05-08,DGS10,0.11
2025-05-09,DGS10,0
2025-05-12,DGS10,0.08
2025-05-13,DGS10,0.04
2025-05-14,DGS10,0.04
2025-05-15,DGS10,-0.08
2025-05-16,DGS10,-0.02
2025-05-19,DGS10,0.03
2025-05-20,DGS10,0.02
2025-05-21,DGS10,0.1
2025-05-22,DGS10,-0.04
2025-05-23,DGS10,-0.03
2025-05-27,DGS10,-0.08
2025-05-28,DGS10,0.04
2025-05-29,DGS10,-0.04
2025-05-30,DGS10,-0.02
2025-06-02,DGS10,0.05
2025-06-03,DGS10,0
2025-06-04,DGS10,-0.09
2025-06-05,DGS10,0.03
2025-06-06,DGS10,0.11
2025-06-09,DGS10,-0.02
2025-06-10,DGS10,-0.02
2025-06-11,DGS10,-0.06
2025-06-12,DGS10,-0.05
2025-06-13,DGS10,0.05
2025-06-16,DGS10,0.05
2025-06-17,DGS10,-0.07
2025-06-18,DGS10,-0.01
2025-06-20,DGS10,0
2025-06-23,DGS10,-0.04
2025-06-24,DGS10,-0.04
2025-06-25,DGS10,-0.01
2025-06-26,DGS10,-0.03
2025-06-27,DGS10,0.03
2025-06-30,DGS10,-0.05
2025-07-01,DGS10,0.02
2025-07-02,DGS10,0.04
2025-07-03,DGS10,0.05
2025-07-07,DGS10,0.05
2025-07-08,DGS10,0.02
2025-07-09,DGS10,-0.08
2025-07-10,DGS10,0.01
2025-07-11,DGS10,0.08
2025-07-14,DGS10,0
2025-07-15,DGS10,0.07
2025-07-16,DGS10,-0.04
2025-07-17,DGS10,0.01
2025-07-18,DGS10,-0.03
2025-07-21,DGS10,-0.06
2025-07-22,DGS10,-0.03
2025-07-23,DGS10,0.05
2025-07-24,DGS10,0.03
2025-07-25,DGS10,-0.03
2025-07-28,DGS10,0.02
2025-07-29,DGS10,-0.08
2025-07-30,DGS10,0.04
2025-07-31,DGS10,-0.01
2025-08-01,DGS10,-0.14
2025-08-04,DGS10,-0.01
2025-08-05,DGS10,0
2025-08-06,DGS10,0
2025-08-07,DGS10,0.01
2025-08-08,DGS10,0.04
2025-08-11,DGS10,0
2025-08-12,DGS10,0.02
2025-08-13,DGS10,-0.05
2025-08-14,DGS10,0.05
2025-08-15,DGS10,0.04
2025-08-18,DGS10,0.01
2025-08-19,DGS10,-0.04
2025-08-20,DGS10,-0.01
2025-08-21,DGS10,0.04
2025-08-22,DGS10,-0.07
2025-08-25,DGS10,0.02
2025-08-26,DGS10,-0.02
2025-08-27,DGS10,-0.02
2025-08-28,DGS10,-0.02
2025-08-29,DGS10,0.01
2025-09-02,DGS10,0.05
2025-09-03,DGS10,-0.06
2025-09-04,DGS10,-0.05
2025-09-05,DGS10,-0.07
2025-09-08,DGS10,-0.05
2025-09-09,DGS10,0.03
2025-09-10,DGS10,-0.04
2025-09-11,DGS10,-0.03
2025-09-12,DGS10,0.05
2025-09-15,DGS10,-0.01
2025-09-16,DGS10,-0.01
2025-09-17,DGS10,0.02
2025-09-18,DGS10,0.05
2025-09-19,DGS10,0.03
2025-09-22,DGS10,0.01
2025-09-23,DGS10,-0.03
2025-09-24,DGS10,0.04
2025-09-25,DGS10,0.02
2025-09-26,DGS10,0.02
2025-09-29,DGS10,-0.05
2025-09-30,DGS10,0.01
2025-10-01,DGS10,-0.04
2025-10-02,DGS10,-0.02
2025-10-03,DGS10,0.03
2025-10-06,DGS10,0.05
2025-10-07,DGS10,-0.04
2025-10-08,DGS10,-0.01
2025-10-09,DGS10,0.01
2025-10-10,DGS10,-0.09
2025-10-14,DGS10,-0.02
2025-10-15,DGS10,0.02
2025-10-16,DGS10,-0.06
2025-10-17,DGS10,0.03
2025-10-20,DGS10,-0.02
2025-10-21,DGS10,-0.02
2025-10-22,DGS10,-0.01
2025-10-23,DGS10,0.04
2025-10-24,DGS10,0.01
2025-10-27,DGS10,-0.01
2025-10-28,DGS10,-0.02
2025-10-29,DGS10,0.09
2025-10-30,DGS10,0.03
2025-10-31,DGS10,0
2025-11-03,DGS10,0.02
2025-11-04,DGS10,-0.03
2025-11-05,DGS10,0.07
2025-11-06,DGS10,-0.06
2025-11-07,DGS10,0
2025-11-10,DGS10,0.02
2025-11-12,DGS10,-0.05
2025-11-13,DGS10,0.03
2025-11-14,DGS10,0.03
2025-11-17,DGS10,-0.01
2025-11-18,DGS10,-0.01
2025-11-19,DGS10,0.01
2025-11-20,DGS10,-0.03
2025-11-21,DGS10,-0.04
2025-11-24,DGS10,-0.02
2025-11-25,DGS10,-0.03
2025-11-26,DGS10,-0.01
2025-11-28,DGS10,0.02
2025-12-01,DGS10,0.07
2025-12-02,DGS10,0
2025-12-03,DGS10,-0.03
2025-12-04,DGS10,0.05
2025-12-05,DGS10,0.03
2025-12-08,DGS10,0.03
2025-12-09,DGS10,0.01
2025-12-10,DGS10,-0.05
2025-12-11,DGS10,0.01
2025-12-12,DGS10,0.05
2025-12-15,DGS10,-0.01
2025-12-16,DGS10,-0.03
2025-12-17,DGS10,0.01
2025-12-18,DGS10,-0.04
2025-12-19,DGS10,0.04
2025-12-22,DGS10,0.01
2025-12-23,DGS10,0.01
2025-12-24,DGS10,-0.03
2025-12-26,DGS10,-0.01
2025-12-29,DGS10,-0.02
2025-12-30,DGS10,0.02
2025-12-31,DGS10,0.04
2026-01-02,DGS10,0.01
2026-01-05,DGS10,-0.02
2026-01-06,DGS10,0.01
2026-01-07,DGS10,-0.03
2026-01-08,DGS10,0.04
2026-01-09,DGS10,-0.01
2026-01-12,DGS10,0.01
2026-01-13,DGS10,-0.01
2026-01-14,DGS10,-0.03
2026-01-15,DGS10,0.02
2026-01-16,DGS10,0.07
2026-01-20,DGS10,0.06
2026-01-21,DGS10,-0.04
2026-01-22,DGS10,0
2026-01-23,DGS10,-0.02
2026-01-26,DGS10,-0.02
2026-01-27,DGS10,0.02
2026-01-28,DGS10,0.02
2026-01-29,DGS10,-0.02
2026-01-30,DGS10,0.02
2026-02-02,DGS10,0.03
2026-02-03,DGS10,-0.01
2026-02-04,DGS10,0.01
2026-02-05,DGS10,-0.08
2026-02-06,DGS10,0.01
2026-02-09,DGS10,0
2026-02-10,DGS10,-0.06
2026-02-11,DGS10,0.02
2026-02-12,DGS10,-0.09
2026-02-13,DGS10,-0.05
2026-02-17,DGS10,0.01
2026-02-18,DGS10,0.04
2026-02-19,DGS10,-0.01
2026-02-20,DGS10,0
2026-02-23,DGS10,-0.05
2026-02-24,DGS10,0.01
2026-02-25,DGS10,0.01
2026-02-26,DGS10,-0.03
2026-02-27,DGS10,-0.05
2026-03-02,DGS10,0.08
2026-03-03,DGS10,0.01
2026-03-04,DGS10,0.03
2026-03-05,DGS10,0.04
2026-03-06,DGS10,0.02
2026-03-09,DGS10,-0.03
2026-03-10,DGS10,0.03
2026-03-11,DGS10,0.06
2026-03-12,DGS10,0.06
2026-03-13,DGS10,0.01
2026-03-16,DGS10,-0.05
2026-03-17,DGS10,-0.03
2026-03-18,DGS10,0.06
2026-03-19,DGS10,-0.01
2026-03-20,DGS10,0.14
2026-03-23,DGS10,-0.05
2026-03-24,DGS10,0.05
2026-03-25,DGS10,-0.06
2026-03-26,DGS10,0.09
2026-03-27,DGS10,0.02
2026-03-30,DGS10,-0.09
2026-03-31,DGS10,-0.05
2026-04-01,DGS10,0.03
2026-04-02,DGS10,-0.02
2026-04-06,DGS10,0.03
2026-04-07,DGS10,-0.01
2026-04-08,DGS10,-0.04
2026-04-09,DGS10,0
2026-04-10,DGS10,0.02
2026-04-13,DGS10,-0.01
2026-04-14,DGS10,-0.04
2026-04-15,DGS10,0.03
2026-04-16,DGS10,0.03
2026-04-17,DGS10,-0.06
2026-04-20,DGS10,0
2026-04-21,DGS10,0.04
2026-04-22,DGS10,0
2026-04-23,DGS10,0.04
2026-04-24,DGS10,-0.03
2026-04-27,DGS10,0.04
2026-04-28,DGS10,0.01
2026-04-29,DGS10,0.06
2026-04-30,DGS10,-0.02
2026-05-01,DGS10,-0.01
2026-05-04,DGS10,0.06
2026-05-05,DGS10,-0.02
2026-05-06,DGS10,-0.07
2026-05-07,DGS10,0.05
2026-05-08,DGS10,-0.03
2026-05-11,DGS10,0.04
2026-05-12,DGS10,0.04
2026-05-13,DGS10,0
2026-05-14,DGS10,0.01
2026-05-15,DGS10,0.12
2026-05-18,DGS10,0.02
2026-05-19,DGS10,0.06
2026-05-20,DGS10,-0.1
2026-05-21,DGS10,0
2026-05-22,DGS10,-0.01
2026-05-26,DGS10,-0.06
2026-05-27,DGS10,-0.02
2026-05-28,DGS10,-0.03
2026-05-29,DGS10,0
2026-06-01,DGS10,0.02
2026-06-02,DGS10,-0.01
2026-06-03,DGS10,0.03
2026-06-04,DGS10,-0.02
2026-06-05,DGS10,0.08
2026-06-08,DGS10,0.01
2026-06-09,DGS10,-0.03
2026-06-10,DGS10,0.02
2026-06-11,DGS10,-0.1
2026-06-12,DGS10,0.03
2026-06-15,DGS10,-0.01
2026-06-16,DGS10,-0.04
2026-06-17,DGS10,0.06
2026-06-18,DGS10,-0.03
2026-06-22,DGS10,0.05
2026-06-23,DGS10,-0.01
2026-06-24,DGS10,-0.09
2026-06-25,DGS10,-0.01
2026-06-26,DGS10,-0.02
2026-06-29,DGS10,0
2026-06-30,DGS10,0.06
2026-07-01,DGS10,0.04
2026-07-02,DGS10,0.01
2026-07-06,DGS10,-0.01
2026-07-07,DGS10,0.07
2026-07-08,DGS10,0.01
2026-07-09,DGS10,-0.02
2026-07-10,DGS10,0.02
2026-07-13,DGS10,0.06
2026-07-14,DGS10,-0.04
2026-07-15,DGS10,-0.03
2026-07-16,DGS10,0.02
2026-07-17,DGS10,-0.02
2026-07-20,DGS10,0.05
2026-07-21,DGS10,0.03
2026-07-22,DGS10,0.04
2026-07-23,DGS10,0.04
2026-07-24,DGS10,-0.02
2026-07-27,DGS10,-0.04
2026-07-28,DGS10,-0.04
2026-07-29,DGS10,0.06
2026-07-30,DGS10,0.01
2026-07-31,DGS10,0.07
2026-08-03,DGS10,-0.05
2026-08-04,DGS10,-0.07
2026-08-05,DGS10,0
2026-08-06,DGS10,0.06
2026-08-07,DGS10,-0.04
2026-08-10,DGS10,0.07
2026-08-11,DGS10,-0.02
2026-08-12,DGS10,-0.02
2026-08-13,DGS10,-0.05
2026-08-14,DGS10,0.05
2026-08-17,DGS10,0.04
2026-08-18,DGS10,-0.01
2026-08-19,DGS10,-0.06
2026-08-20,DGS10,0.04
2026-08-21,DGS10,0.05
2026-08-24,DGS10,-0.04
2026-08-25,DGS10,-0.06
2026-08-26,DGS10,0.02
2026-08-27,DGS10,0.01
2026-08-28,DGS10,0.06
2026-08-31,DGS10,0.02
2026-09-01,DGS10,0.04
2026-09-02,DGS10,0
2026-09-03,DGS10,-0.02
2026-09-04,DGS10,0.01
2026-09-08,DGS10,0.02
2026-09-09,DGS10,0.03
2026-09-10,DGS10,0.12
2026-09-11,DGS10,0.01
2026-09-14,DGS10,0.01
2026-09-15,DGS10,0.03
2026-09-16,DGS10,0.01
2026-09-17,DGS10,-0.07
2026-09-18,DGS10,0.07
2026-09-21,DGS10,-0.05
2026-09-22,DGS10,0
2014-01-03,T10YIE,0
2014-01-06,T10YIE,0
2014-01-07,T10YIE,0
2014-01-08,T10YIE,0.03
2014-01-09,T10YIE,0.02
2014-01-10,T10YIE,-0.02
2014-01-13,T10YIE,-0.02
2014-01-14,T10YIE,-0.01
2014-01-15,T10YIE,0.02
2014-01-16,T10YIE,-0.03
2014-01-17,T10YIE,0.01
2014-01-21,T10YIE,0
2014-01-22,T10YIE,-0.01
2014-01-23,T10YIE,-0.12
2014-01-24,T10YIE,0.01
2014-01-27,T10YIE,0
2014-01-28,T10YIE,0.01
2014-01-29,T10YIE,-0.01
2014-01-30,T10YIE,0.01
2014-01-31,T10YIE,-0.01
2014-02-03,T10YIE,0
2014-02-04,T10YIE,-0.01
2014-02-05,T10YIE,0.01
2014-02-06,T10YIE,0.02
2014-02-07,T10YIE,0.02
2014-02-10,T10YIE,0.01
2014-02-11,T10YIE,0
2014-02-12,T10YIE,0.02
2014-02-13,T10YIE,-0.04
2014-02-14,T10YIE,-0.01
2014-02-18,T10YIE,-0.02
2014-02-19,T10YIE,-0.01
2014-02-20,T10YIE,0
2014-02-21,T10YIE,-0.01
2014-02-24,T10YIE,0.04
2014-02-25,T10YIE,-0.01
2014-02-26,T10YIE,0.01
2014-02-27,T10YIE,0
2014-02-28,T10YIE,0.01
2014-03-03,T10YIE,-0.01
2014-03-04,T10YIE,0.02
2014-03-05,T10YIE,0
2014-03-06,T10YIE,0.03
2014-03-07,T10YIE,0.02
2014-03-10,T10YIE,-0.01
2014-03-11,T10YIE,-0.02
2014-03-12,T10YIE,-0.01
2014-03-13,T10YIE,-0.02
2014-03-14,T10YIE,0
2014-03-17,T10YIE,0.01
2014-03-18,T10YIE,0
2014-03-19,T10YIE,-0.02
2014-03-20,T10YIE,-0.03
2014-03-21,T10YIE,0.01
2014-03-24,T10YIE,0.01
2014-03-25,T10YIE,-0.01
2014-03-26,T10YIE,0
2014-03-27,T10YIE,-0.01
2014-03-28,T10YIE,0
2014-03-31,T10YIE,0
2014-04-01,T10YIE,0.01
2014-04-02,T10YIE,0
2014-04-03,T10YIE,0
2014-04-04,T10YIE,-0.01
2014-04-07,T10YIE,-0.01
2014-04-08,T10YIE,-0.01
2014-04-09,T10YIE,0.03
2014-04-10,T10YIE,0
2014-04-11,T10YIE,-0.01
2014-04-14,T10YIE,0
2014-04-15,T10YIE,0.01
2014-04-16,T10YIE,0.03
2014-04-17,T10YIE,0.04
2014-04-21,T10YIE,-0.01
2014-04-22,T10YIE,0.01
2014-04-23,T10YIE,0
2014-04-24,T10YIE,0
2014-04-25,T10YIE,-0.01
2014-04-28,T10YIE,-0.02
2014-04-29,T10YIE,0
2014-04-30,T10YIE,0
2014-05-01,T10YIE,0.02
2014-05-02,T10YIE,-0.01
2014-05-05,T10YIE,-0.01
2014-05-06,T10YIE,-0.02
2014-05-07,T10YIE,0.04
2014-05-08,T10YIE,-0.01
2014-05-09,T10YIE,-0.01
2014-05-12,T10YIE,0
2014-05-13,T10YIE,-0.02
2014-05-14,T10YIE,0.01
2014-05-15,T10YIE,0.02
2014-05-16,T10YIE,-0.01
2014-05-19,T10YIE,-0.01
2014-05-20,T10YIE,0
2014-05-21,T10YIE,0.01
2014-05-22,T10YIE,0.03
2014-05-23,T10YIE,0.01
2014-05-27,T10YIE,-0.01
2014-05-28,T10YIE,0.01
2014-05-29,T10YIE,0.01
2014-05-30,T10YIE,-0.01
2014-06-02,T10YIE,0
2014-06-03,T10YIE,-0.03
2014-06-04,T10YIE,-0.02
2014-06-05,T10YIE,0.01
2014-06-06,T10YIE,0.02
2014-06-09,T10YIE,0.01
2014-06-10,T10YIE,0
2014-06-11,T10YIE,0.01
2014-06-12,T10YIE,-0.03
2014-06-13,T10YIE,0
2014-06-16,T10YIE,0.01
2014-06-17,T10YIE,0.03
2014-06-18,T10YIE,0
2014-06-19,T10YIE,0.02
2014-06-20,T10YIE,0.03
2014-06-23,T10YIE,0
2014-06-24,T10YIE,0
2014-06-25,T10YIE,0
2014-06-26,T10YIE,-0.01
2014-06-27,T10YIE,0
2014-06-30,T10YIE,-0.01
2014-07-01,T10YIE,0
2014-07-02,T10YIE,0
2014-07-03,T10YIE,0.02
2014-07-07,T10YIE,-0.01
2014-07-08,T10YIE,0
2014-07-09,T10YIE,0.02
2014-07-10,T10YIE,-0.01
2014-07-11,T10YIE,0
2014-07-14,T10YIE,-0.01
2014-07-15,T10YIE,-0.02
2014-07-16,T10YIE,-0.02
2014-07-17,T10YIE,0
2014-07-18,T10YIE,0.01
2014-07-21,T10YIE,0
2014-07-22,T10YIE,-0.01
2014-07-23,T10YIE,0
2014-07-24,T10YIE,0.04
2014-07-25,T10YIE,0.01
2014-07-28,T10YIE,0
2014-07-29,T10YIE,-0.01
2014-07-30,T10YIE,0.01
2014-07-31,T10YIE,0.01
2014-08-01,T10YIE,-0.02
2014-08-04,T10YIE,-0.02
2014-08-05,T10YIE,-0.01
2014-08-06,T10YIE,0.01
2014-08-07,T10YIE,-0.01
2014-08-08,T10YIE,0.01
2014-08-11,T10YIE,0
2014-08-12,T10YIE,-0.01
2014-08-13,T10YIE,-0.01
2014-08-14,T10YIE,-0.02
2014-08-15,T10YIE,-0.03
2014-08-18,T10YIE,0
2014-08-19,T10YIE,-0.01
2014-08-20,T10YIE,0
2014-08-21,T10YIE,0
2014-08-22,T10YIE,-0.03
2014-08-25,T10YIE,0.01
2014-08-26,T10YIE,-0.01
2014-08-27,T10YIE,0
2014-08-28,T10YIE,-0.01
2014-08-29,T10YIE,-0.01
2014-09-02,T10YIE,0.03
2014-09-03,T10YIE,0.02
2014-09-04,T10YIE,0
2014-09-05,T10YIE,-0.02
2014-09-08,T10YIE,-0.02
2014-09-09,T10YIE,-0.02
2014-09-10,T10YIE,-0.01
2014-09-11,T10YIE,0.02
2014-09-12,T10YIE,0.01
2014-09-15,T10YIE,0
2014-09-16,T10YIE,-0.01
2014-09-17,T10YIE,-0.06
2014-09-18,T10YIE,-0.04
2014-09-19,T10YIE,0.01
2014-09-22,T10YIE,-0.04
2014-09-23,T10YIE,0.03
2014-09-24,T10YIE,0.01
2014-09-25,T10YIE,-0.01
2014-09-26,T10YIE,-0.05
2014-09-29,T10YIE,-0.02
2014-09-30,T10YIE,0.02
2014-10-01,T10YIE,-0.01
2014-10-02,T10YIE,-0.01
2014-10-03,T10YIE,-0.02
2014-10-06,T10YIE,0
2014-10-07,T10YIE,-0.01
2014-10-08,T10YIE,0.04
2014-10-09,T10YIE,0.01
2014-10-10,T10YIE,-0.01
2014-10-14,T10YIE,-0.04
2014-10-15,T10YIE,-0.06
2014-10-16,T10YIE,0.03
2014-10-17,T10YIE,0.03
2014-10-20,T10YIE,-0.01
2014-10-21,T10YIE,-0.01
2014-10-22,T10YIE,0.01
2014-10-23,T10YIE,0
2014-10-24,T10YIE,-0.01
2014-10-27,T10YIE,-0.01
2014-10-28,T10YIE,0.02
2014-10-29,T10YIE,0.01
2014-10-30,T10YIE,-0.02
2014-10-31,T10YIE,0.02
2014-11-03,T10YIE,0.01
2014-11-04,T10YIE,-0.01
2014-11-05,T10YIE,0.01
2014-11-06,T10YIE,0.01
2014-11-07,T10YIE,0
2014-11-10,T10YIE,0
2014-11-12,T10YIE,-0.03
2014-11-13,T10YIE,-0.03
2014-11-14,T10YIE,0.01
2014-11-17,T10YIE,-0.03
2014-11-18,T10YIE,-0.02
2014-11-19,T10YIE,-0.01
2014-11-20,T10YIE,0.02
2014-11-21,T10YIE,0.01
2014-11-24,T10YIE,0
2014-11-25,T10YIE,-0.01
2014-11-26,T10YIE,-0.03
2014-11-28,T10YIE,-0.03
2014-12-01,T10YIE,0
2014-12-02,T10YIE,-0.02
2014-12-03,T10YIE,0.02
2014-12-04,T10YIE,-0.02
2014-12-05,T10YIE,-0.02
2014-12-08,T10YIE,-0.04
2014-12-09,T10YIE,0.02
2014-12-10,T10YIE,-0.02
2014-12-11,T10YIE,-0.01
2014-12-12,T10YIE,-0.06
2014-12-15,T10YIE,-0.02
2014-12-16,T10YIE,0.03
2014-12-17,T10YIE,0
2014-12-18,T10YIE,0
2014-12-19,T10YIE,0.03
2014-12-22,T10YIE,0.02
2014-12-23,T10YIE,0
2014-12-24,T10YIE,-0.02
2014-12-26,T10YIE,-0.01
2014-12-29,T10YIE,-0.02
2014-12-30,T10YIE,-0.01
2014-12-31,T10YIE,0.04
2015-01-02,T10YIE,0.03
2015-01-05,T10YIE,-0.07
2015-01-06,T10YIE,-0.08
2015-01-07,T10YIE,0.01
2015-01-08,T10YIE,0.05
2015-01-09,T10YIE,0
2015-01-12,T10YIE,-0.05
2015-01-13,T10YIE,-0.03
2015-01-14,T10YIE,0.03
2015-01-15,T10YIE,0.01
2015-01-16,T10YIE,0.02
2015-01-20,T10YIE,-0.01
2015-01-21,T10YIE,0.02
2015-01-22,T10YIE,0
2015-01-23,T10YIE,-0.01
2015-01-26,T10YIE,0.01
2015-01-27,T10YIE,0.05
2015-01-28,T10YIE,-0.05
2015-01-29,T10YIE,0.01
2015-01-30,T10YIE,0.03
2015-02-02,T10YIE,0
2015-02-03,T10YIE,0.05
2015-02-04,T10YIE,0.01
2015-02-05,T10YIE,-0.01
2015-02-06,T10YIE,0.01
2015-02-09,T10YIE,0
2015-02-10,T10YIE,-0.01
2015-02-11,T10YIE,-0.02
2015-02-12,T10YIE,-0.02
2015-02-13,T10YIE,0.02
2015-02-17,T10YIE,0.03
2015-02-18,T10YIE,0
2015-02-19,T10YIE,0.03
2015-02-20,T10YIE,0.01
2015-02-23,T10YIE,-0.03
2015-02-24,T10YIE,0
2015-02-25,T10YIE,0
2015-02-26,T10YIE,0.07
2015-02-27,T10YIE,0.04
2015-03-02,T10YIE,0
2015-03-03,T10YIE,0.03
2015-03-04,T10YIE,0.01
2015-03-05,T10YIE,-0.03
2015-03-06,T10YIE,-0.01
2015-03-09,T10YIE,-0.07
2015-03-10,T10YIE,-0.03
2015-03-11,T10YIE,-0.01
2015-03-12,T10YIE,-0.01
2015-03-13,T10YIE,-0.02
2015-03-16,T10YIE,-0.04
2015-03-17,T10YIE,-0.01
2015-03-18,T10YIE,0.06
2015-03-19,T10YIE,0.09
2015-03-20,T10YIE,-0.03
2015-03-23,T10YIE,-0.01
2015-03-24,T10YIE,0.02
2015-03-25,T10YIE,0.04
2015-03-26,T10YIE,-0.01
2015-03-27,T10YIE,-0.04
2015-03-30,T10YIE,-0.03
2015-03-31,T10YIE,0.03
2015-04-01,T10YIE,0.04
2015-04-02,T10YIE,0.01
2015-04-06,T10YIE,0.04
2015-04-07,T10YIE,0
2015-04-08,T10YIE,-0.01
2015-04-09,T10YIE,0
2015-04-10,T10YIE,-0.02
2015-04-13,T10YIE,-0.02
2015-04-14,T10YIE,0
2015-04-15,T10YIE,0.04
2015-04-16,T10YIE,0.01
2015-04-17,T10YIE,0.04
2015-04-20,T10YIE,0
2015-04-21,T10YIE,-0.03
2015-04-22,T10YIE,0.01
2015-04-23,T10YIE,0.02
2015-04-24,T10YIE,0
2015-04-27,T10YIE,0.02
2015-04-28,T10YIE,-0.02
2015-04-29,T10YIE,0.03
2015-04-30,T10YIE,0.02
2015-05-01,T10YIE,0
2015-05-04,T10YIE,-0.02
2015-05-05,T10YIE,0.02
2015-05-06,T10YIE,-0.03
2015-05-07,T10YIE,-0.03
2015-05-08,T10YIE,0
2015-05-11,T10YIE,0
2015-05-12,T10YIE,0
2015-05-13,T10YIE,-0.02
2015-05-14,T10YIE,0.01
2015-05-15,T10YIE,-0.04
2015-05-18,T10YIE,0.03
2015-05-19,T10YIE,-0.01
2015-05-20,T10YIE,0.03
2015-05-21,T10YIE,-0.04
2015-05-22,T10YIE,0.03
2015-05-26,T10YIE,-0.05
2015-05-27,T10YIE,-0.02
2015-05-28,T10YIE,0
2015-05-29,T10YIE,0
2015-06-01,T10YIE,0
2015-06-02,T10YIE,0.03
2015-06-03,T10YIE,0
2015-06-04,T10YIE,-0.02
2015-06-05,T10YIE,0.05
2015-06-08,T10YIE,-0.01
2015-06-09,T10YIE,0.01
2015-06-10,T10YIE,0.01
2015-06-11,T10YIE,-0.04
2015-06-12,T10YIE,0.01
2015-06-15,T10YIE,0.01
2015-06-16,T10YIE,0.03
2015-06-17,T10YIE,0.02
2015-06-18,T10YIE,-0.01
2015-06-19,T10YIE,-0.03
2015-06-22,T10YIE,0.04
2015-06-23,T10YIE,0.02
2015-06-24,T10YIE,-0.02
2015-06-25,T10YIE,0.01
2015-06-26,T10YIE,0.01
2015-06-29,T10YIE,-0.05
2015-06-30,T10YIE,0
2015-07-01,T10YIE,0.02
2015-07-02,T10YIE,0.02
2015-07-06,T10YIE,-0.04
2015-07-07,T10YIE,0
2015-07-08,T10YIE,-0.04
2015-07-09,T10YIE,0.02
2015-07-10,T10YIE,0.02
2015-07-13,T10YIE,-0.01
2015-07-14,T10YIE,-0.01
2015-07-15,T10YIE,-0.01
2015-07-16,T10YIE,0
2015-07-17,T10YIE,-0.01
2015-07-20,T10YIE,-0.01
2015-07-21,T10YIE,0
2015-07-22,T10YIE,-0.02
2015-07-23,T10YIE,-0.01
2015-07-24,T10YIE,-0.03
2015-07-27,T10YIE,-0.03
2015-07-28,T10YIE,0.02
2015-07-29,T10YIE,0.02
2015-07-30,T10YIE,0
2015-07-31,T10YIE,-0.03
2015-08-03,T10YIE,-0.04
2015-08-04,T10YIE,0.01
2015-08-05,T10YIE,-0.01
2015-08-06,T10YIE,-0.03
2015-08-07,T10YIE,-0.01
2015-08-10,T10YIE,0.03
2015-08-11,T10YIE,-0.03
2015-08-12,T10YIE,-0.04
2015-08-13,T10YIE,0
2015-08-14,T10YIE,0
2015-08-17,T10YIE,-0.04
2015-08-18,T10YIE,0
2015-08-19,T10YIE,-0.01
2015-08-20,T10YIE,-0.01
2015-08-21,T10YIE,-0.03
2015-08-24,T10YIE,-0.04
2015-08-25,T10YIE,0.04
2015-08-26,T10YIE,0
2015-08-27,T10YIE,0.05
2015-08-28,T10YIE,0.03
2015-08-31,T10YIE,0.02
2015-09-01,T10YIE,-0.06
2015-09-02,T10YIE,-0.01
2015-09-03,T10YIE,-0.02
2015-09-04,T10YIE,-0.03
2015-09-08,T10YIE,0.02
2015-09-09,T10YIE,0.03
2015-09-10,T10YIE,0.03
2015-09-11,T10YIE,0
2015-09-14,T10YIE,-0.03
2015-09-15,T10YIE,0
2015-09-16,T10YIE,0.01
2015-09-17,T10YIE,0.01
2015-09-18,T10YIE,-0.03
2015-09-21,T10YIE,-0.01
2015-09-22,T10YIE,-0.03
2015-09-23,T10YIE,0.01
2015-09-24,T10YIE,-0.03
2015-09-25,T10YIE,-0.03
2015-09-28,T10YIE,-0.07
2015-09-29,T10YIE,0
2015-09-30,T10YIE,0.02
2015-10-01,T10YIE,0.05
2015-10-02,T10YIE,0.02
2015-10-05,T10YIE,0.03
2015-10-06,T10YIE,0.01
2015-10-07,T10YIE,0.03
2015-10-08,T10YIE,0.03
2015-10-09,T10YIE,-0.04
2015-10-13,T10YIE,-0.02
2015-10-14,T10YIE,-0.03
2015-10-15,T10YIE,0.01
2015-10-16,T10YIE,-0.02
2015-10-19,T10YIE,-0.03
2015-10-20,T10YIE,0.03
2015-10-21,T10YIE,-0.03
2015-10-22,T10YIE,0.02
2015-10-23,T10YIE,0.04
2015-10-26,T10YIE,-0.03
2015-10-27,T10YIE,0
2015-10-28,T10YIE,-0.01
2015-10-29,T10YIE,0.05
2015-10-30,T10YIE,0.01
2015-11-02,T10YIE,0.02
2015-11-03,T10YIE,0.03
2015-11-04,T10YIE,-0.01
2015-11-05,T10YIE,-0.02
2015-11-06,T10YIE,0.04
2015-11-09,T10YIE,0.01
2015-11-10,T10YIE,-0.05
2015-11-12,T10YIE,-0.01
2015-11-13,T10YIE,-0.02
2015-11-16,T10YIE,-0.01
2015-11-17,T10YIE,0.02
2015-11-18,T10YIE,0.03
2015-11-19,T10YIE,0
2015-11-20,T10YIE,0.04
2015-11-23,T10YIE,0.01
2015-11-24,T10YIE,0.01
2015-11-25,T10YIE,-0.01
2015-11-27,T10YIE,-0.01
2015-11-30,T10YIE,-0.01
2015-12-01,T10YIE,-0.02
2015-12-02,T10YIE,-0.01
2015-12-03,T10YIE,0.05
2015-12-04,T10YIE,-0.01
2015-12-07,T10YIE,-0.04
2015-12-08,T10YIE,0
2015-12-09,T10YIE,-0.03
2015-12-10,T10YIE,-0.02
2015-12-11,T10YIE,-0.05
2015-12-14,T10YIE,-0.01
2015-12-15,T10YIE,0.03
2015-12-16,T10YIE,-0.02
2015-12-17,T10YIE,0.01
2015-12-18,T10YIE,-0.01
2015-12-21,T10YIE,-0.01
2015-12-22,T10YIE,0.01
2015-12-23,T10YIE,0.05
2015-12-24,T10YIE,0.01
2015-12-28,T10YIE,-0.02
2015-12-29,T10YIE,0.03
2015-12-30,T10YIE,0.01
2015-12-31,T10YIE,0
2016-01-04,T10YIE,0.01
2016-01-05,T10YIE,0.01
2016-01-06,T10YIE,-0.03
2016-01-07,T10YIE,-0.03
2016-01-08,T10YIE,-0.02
2016-01-11,T10YIE,-0.03
2016-01-12,T10YIE,-0.02
2016-01-13,T10YIE,0
2016-01-14,T10YIE,0
2016-01-15,T10YIE,-0.07
2016-01-19,T10YIE,0.02
2016-01-20,T10YIE,-0.06
2016-01-21,T10YIE,-0.04
2016-01-22,T10YIE,0.07
2016-01-25,T10YIE,-0.01
2016-01-26,T10YIE,0.02
2016-01-27,T10YIE,0.04
2016-01-28,T10YIE,0.02
2016-01-29,T10YIE,-0.01
2016-02-01,T10YIE,-0.01
2016-02-02,T10YIE,-0.04
2016-02-03,T10YIE,0.02
2016-02-04,T10YIE,-0.02
2016-02-05,T10YIE,-0.03
2016-02-08,T10YIE,-0.1
2016-02-09,T10YIE,-0.02
2016-02-10,T10YIE,0
2016-02-11,T10YIE,-0.03
2016-02-12,T10YIE,0.07
2016-02-16,T10YIE,0
2016-02-17,T10YIE,0.03
2016-02-18,T10YIE,-0.04
2016-02-19,T10YIE,0.02
2016-02-22,T10YIE,0.05
2016-02-23,T10YIE,0.01
2016-02-24,T10YIE,0.04
2016-02-25,T10YIE,0.03
2016-02-26,T10YIE,0.02
2016-02-29,T10YIE,0.01
2016-03-01,T10YIE,0.06
2016-03-02,T10YIE,0.03
2016-03-03,T10YIE,0.02
2016-03-04,T10YIE,-0.02
2016-03-07,T10YIE,-0.03
2016-03-08,T10YIE,-0.02
2016-03-09,T10YIE,0.05
2016-03-10,T10YIE,-0.03
2016-03-11,T10YIE,0.06
2016-03-14,T10YIE,-0.02
2016-03-15,T10YIE,-0.02
2016-03-16,T10YIE,0.08
2016-03-17,T10YIE,-0.01
2016-03-18,T10YIE,0.04
2016-03-21,T10YIE,0.03
2016-03-22,T10YIE,-0.01
2016-03-23,T10YIE,-0.05
2016-03-24,T10YIE,-0.01
2016-03-28,T10YIE,-0.01
2016-03-29,T10YIE,0.05
2016-03-30,T10YIE,0.04
2016-03-31,T10YIE,-0.03
2016-04-01,T10YIE,0
2016-04-04,T10YIE,0.02
2016-04-05,T10YIE,-0.05
2016-04-06,T10YIE,0
2016-04-07,T10YIE,-0.01
2016-04-08,T10YIE,0
2016-04-11,T10YIE,-0.02
2016-04-12,T10YIE,0.01
2016-04-13,T10YIE,-0.01
2016-04-14,T10YIE,0
2016-04-15,T10YIE,0
2016-04-18,T10YIE,0.01
2016-04-19,T10YIE,0.03
2016-04-20,T10YIE,0.02
2016-04-21,T10YIE,0.02
2016-04-22,T10YIE,0
2016-04-25,T10YIE,0.01
2016-04-26,T10YIE,0.02
2016-04-27,T10YIE,0.01
2016-04-28,T10YIE,0.04
2016-04-29,T10YIE,-0.01
2016-05-02,T10YIE,-0.03
2016-05-03,T10YIE,-0.04
2016-05-04,T10YIE,-0.01
2016-05-05,T10YIE,0
2016-05-06,T10YIE,-0.02
2016-05-09,T10YIE,-0.02
2016-05-10,T10YIE,0.03
2016-05-11,T10YIE,-0.03
2016-05-12,T10YIE,0.01
2016-05-13,T10YIE,-0.02
2016-05-16,T10YIE,0.02
2016-05-17,T10YIE,0.01
2016-05-18,T10YIE,0
2016-05-19,T10YIE,-0.05
2016-05-20,T10YIE,0
2016-05-23,T10YIE,-0.02
2016-05-24,T10YIE,0.01
2016-05-25,T10YIE,0.03
2016-05-26,T10YIE,0
2016-05-27,T10YIE,0
2016-05-31,T10YIE,-0.04
2016-06-01,T10YIE,0
2016-06-02,T10YIE,0
2016-06-03,T10YIE,-0.02
2016-06-06,T10YIE,0.02
2016-06-07,T10YIE,0.03
2016-06-08,T10YIE,0.02
2016-06-09,T10YIE,-0.03
2016-06-10,T10YIE,-0.04
2016-06-13,T10YIE,-0.05
2016-06-14,T10YIE,-0.02
2016-06-15,T10YIE,0.02
2016-06-16,T10YIE,-0.05
2016-06-17,T10YIE,0
2016-06-20,T10YIE,0.01
2016-06-21,T10YIE,0
2016-06-22,T10YIE,0.01
2016-06-23,T10YIE,0.06
2016-06-24,T10YIE,-0.08
2016-06-27,T10YIE,-0.08
2016-06-28,T10YIE,0.03
2016-06-29,T10YIE,0.03
2016-06-30,T10YIE,0
2016-07-01,T10YIE,0.03
2016-07-05,T10YIE,-0.03
2016-07-06,T10YIE,0.03
2016-07-07,T10YIE,0
2016-07-08,T10YIE,0
2016-07-11,T10YIE,-0.01
2016-07-12,T10YIE,0.04
2016-07-13,T10YIE,-0.01
2016-07-14,T10YIE,0
2016-07-15,T10YIE,0.04
2016-07-18,T10YIE,0
2016-07-19,T10YIE,-0.05
2016-07-20,T10YIE,0.02
2016-07-21,T10YIE,0.06
2016-07-22,T10YIE,-0.01
2016-07-25,T10YIE,-0.01
2016-07-26,T10YIE,0
2016-07-27,T10YIE,-0.01
2016-07-28,T10YIE,0.03
2016-07-29,T10YIE,-0.03
2016-08-01,T10YIE,-0.03
2016-08-02,T10YIE,-0.02
2016-08-03,T10YIE,0.02
2016-08-04,T10YIE,0.01
2016-08-05,T10YIE,0.03
2016-08-08,T10YIE,0.01
2016-08-09,T10YIE,-0.02
2016-08-10,T10YIE,-0.05
2016-08-11,T10YIE,0.03
2016-08-12,T10YIE,-0.03
2016-08-15,T10YIE,0.01
2016-08-16,T10YIE,-0.01
2016-08-17,T10YIE,0.03
2016-08-18,T10YIE,0
2016-08-19,T10YIE,0.01
2016-08-22,T10YIE,-0.01
2016-08-23,T10YIE,0.01
2016-08-24,T10YIE,0
2016-08-25,T10YIE,0.01
2016-08-26,T10YIE,-0.02
2016-08-29,T10YIE,-0.01
2016-08-30,T10YIE,0
2016-08-31,T10YIE,0.01
2016-09-01,T10YIE,-0.02
2016-09-02,T10YIE,0.02
2016-09-06,T10YIE,0.02
2016-09-07,T10YIE,0.02
2016-09-08,T10YIE,0.01
2016-09-09,T10YIE,-0.02
2016-09-12,T10YIE,0.01
2016-09-13,T10YIE,-0.02
2016-09-14,T10YIE,0
2016-09-15,T10YIE,0
2016-09-16,T10YIE,0.02
2016-09-19,T10YIE,-0.01
2016-09-20,T10YIE,-0.01
2016-09-21,T10YIE,0.02
2016-09-22,T10YIE,0.04
2016-09-23,T10YIE,0.02
2016-09-26,T10YIE,-0.03
2016-09-27,T10YIE,-0.02
2016-09-28,T10YIE,0.04
2016-09-29,T10YIE,-0.02
2016-09-30,T10YIE,0.06
2016-10-03,T10YIE,0.03
2016-10-04,T10YIE,-0.01
2016-10-05,T10YIE,0
2016-10-06,T10YIE,0.02
2016-10-07,T10YIE,-0.01
2016-10-11,T10YIE,0.01
2016-10-12,T10YIE,0
2016-10-13,T10YIE,-0.01
2016-10-14,T10YIE,0.04
2016-10-17,T10YIE,0.01
2016-10-18,T10YIE,-0.02
2016-10-19,T10YIE,0.02
2016-10-20,T10YIE,0
2016-10-21,T10YIE,-0.01
2016-10-24,T10YIE,-0.01
2016-10-25,T10YIE,0.04
2016-10-26,T10YIE,0.01
2016-10-27,T10YIE,0.01
2016-10-28,T10YIE,0.01
2016-10-31,T10YIE,0
2016-11-01,T10YIE,-0.01
2016-11-02,T10YIE,-0.02
2016-11-03,T10YIE,-0.02
2016-11-04,T10YIE,0
2016-11-07,T10YIE,0.03
2016-11-08,T10YIE,0.02
2016-11-09,T10YIE,0.09
2016-11-10,T10YIE,0.06
2016-11-14,T10YIE,-0.05
2016-11-15,T10YIE,-0.01
2016-11-16,T10YIE,0.01
2016-11-17,T10YIE,0.04
2016-11-18,T10YIE,0.03
2016-11-21,T10YIE,0.01
2016-11-22,T10YIE,-0.01
2016-11-23,T10YIE,0.02
2016-11-25,T10YIE,-0.03
2016-11-28,T10YIE,-0.04
2016-11-29,T10YIE,0.01
2016-11-30,T10YIE,0.08
2016-12-01,T10YIE,0.03
2016-12-02,T10YIE,-0.06
2016-12-05,T10YIE,0.03
2016-12-06,T10YIE,0.01
2016-12-07,T10YIE,-0.03
2016-12-08,T10YIE,0.03
2016-12-09,T10YIE,0.01
2016-12-12,T10YIE,0.02
2016-12-13,T10YIE,-0.03
2016-12-14,T10YIE,-0.01
2016-12-15,T10YIE,-0.04
2016-12-16,T10YIE,-0.04
2016-12-19,T10YIE,0
2016-12-20,T10YIE,0.04
2016-12-21,T10YIE,0.01
2016-12-22,T10YIE,0.04
2016-12-23,T10YIE,0.02
2016-12-27,T10YIE,0.02
2016-12-28,T10YIE,-0.04
2016-12-29,T10YIE,-0.01
2016-12-30,T10YIE,0.01
2017-01-03,T10YIE,0.03
2017-01-04,T10YIE,0.01
2017-01-05,T10YIE,-0.04
2017-01-06,T10YIE,0.01
2017-01-09,T10YIE,-0.01
2017-01-10,T10YIE,0
2017-01-11,T10YIE,0.04
2017-01-12,T10YIE,-0.01
2017-01-13,T10YIE,0.01
2017-01-17,T10YIE,-0.02
2017-01-18,T10YIE,0.03
2017-01-19,T10YIE,0.04
2017-01-20,T10YIE,0
2017-01-23,T10YIE,-0.02
2017-01-24,T10YIE,0.04
2017-01-25,T10YIE,0.02
2017-01-26,T10YIE,0
2017-01-27,T10YIE,0
2017-01-30,T10YIE,-0.01
2017-01-31,T10YIE,-0.02
2017-02-01,T10YIE,0
2017-02-02,T10YIE,0
2017-02-03,T10YIE,0
2017-02-06,T10YIE,-0.03
2017-02-07,T10YIE,-0.02
2017-02-08,T10YIE,-0.04
2017-02-09,T10YIE,0.03
2017-02-10,T10YIE,0.02
2017-02-13,T10YIE,-0.01
2017-02-14,T10YIE,0.01
2017-02-15,T10YIE,0.05
2017-02-16,T10YIE,-0.04
2017-02-17,T10YIE,-0.01
2017-02-21,T10YIE,0.02
2017-02-22,T10YIE,0.01
2017-02-23,T10YIE,-0.01
2017-02-24,T10YIE,-0.03
2017-02-27,T10YIE,0.01
2017-02-28,T10YIE,0.01
2017-03-01,T10YIE,0.01
2017-03-02,T10YIE,-0.02
2017-03-03,T10YIE,0.03
2017-03-06,T10YIE,-0.03
2017-03-07,T10YIE,0.02
2017-03-08,T10YIE,-0.02
2017-03-09,T10YIE,-0.01
2017-03-10,T10YIE,0.01
2017-03-13,T10YIE,0
2017-03-14,T10YIE,-0.02
2017-03-15,T10YIE,0.02
2017-03-16,T10YIE,0.01
2017-03-17,T10YIE,-0.01
2017-03-20,T10YIE,-0.01
2017-03-21,T10YIE,-0.02
2017-03-22,T10YIE,-0.01
2017-03-23,T10YIE,-0.02
2017-03-24,T10YIE,0.03
2017-03-27,T10YIE,-0.01
2017-03-28,T10YIE,0
2017-03-29,T10YIE,0.01
2017-03-30,T10YIE,-0.02
2017-03-31,T10YIE,0.01
2017-04-03,T10YIE,-0.01
2017-04-04,T10YIE,0
2017-04-05,T10YIE,0.01
2017-04-06,T10YIE,-0.02
2017-04-07,T10YIE,-0.01
2017-04-10,T10YIE,-0.01
2017-04-11,T10YIE,-0.02
2017-04-12,T10YIE,-0.01
2017-04-13,T10YIE,0.02
2017-04-17,T10YIE,-0.04
2017-04-18,T10YIE,-0.03
2017-04-19,T10YIE,0
2017-04-20,T10YIE,0
2017-04-21,T10YIE,-0.01
2017-04-24,T10YIE,0.03
2017-04-25,T10YIE,0.04
2017-04-26,T10YIE,-0.01
2017-04-27,T10YIE,0.01
2017-04-28,T10YIE,0.01
2017-05-01,T10YIE,0
2017-05-02,T10YIE,-0.04
2017-05-03,T10YIE,-0.01
2017-05-04,T10YIE,-0.01
2017-05-05,T10YIE,0
2017-05-08,T10YIE,0
2017-05-09,T10YIE,0
2017-05-10,T10YIE,-0.01
2017-05-11,T10YIE,0.03
2017-05-12,T10YIE,-0.04
2017-05-15,T10YIE,-0.02
2017-05-16,T10YIE,0
2017-05-17,T10YIE,-0.04
2017-05-18,T10YIE,0.02
2017-05-19,T10YIE,0.02
2017-05-22,T10YIE,0
2017-05-23,T10YIE,0.01
2017-05-24,T10YIE,-0.02
2017-05-25,T10YIE,-0.01
2017-05-26,T10YIE,0.01
2017-05-30,T10YIE,0
2017-05-31,T10YIE,0
2017-06-01,T10YIE,0
2017-06-02,T10YIE,-0.02
2017-06-05,T10YIE,0
2017-06-06,T10YIE,-0.02
2017-06-07,T10YIE,0.01
2017-06-08,T10YIE,0
2017-06-09,T10YIE,0
2017-06-12,T10YIE,-0.03
2017-06-13,T10YIE,0
2017-06-14,T10YIE,-0.04
2017-06-15,T10YIE,-0.04
2017-06-16,T10YIE,0
2017-06-19,T10YIE,0
2017-06-20,T10YIE,-0.01
2017-06-21,T10YIE,0
2017-06-22,T10YIE,0.03
2017-06-23,T10YIE,0.01
2017-06-26,T10YIE,0.01
2017-06-27,T10YIE,0
2017-06-28,T10YIE,0.02
2017-06-29,T10YIE,-0.01
2017-06-30,T10YIE,0.01
2017-07-03,T10YIE,0.02
2017-07-05,T10YIE,0
2017-07-06,T10YIE,0.01
2017-07-07,T10YIE,-0.03
2017-07-10,T10YIE,-0.01
2017-07-11,T10YIE,0.03
2017-07-12,T10YIE,0.01
2017-07-13,T10YIE,0.01
2017-07-14,T10YIE,-0.01
2017-07-17,T10YIE,0.01
2017-07-18,T10YIE,-0.01
2017-07-19,T10YIE,0
2017-07-20,T10YIE,0.01
2017-07-21,T10YIE,-0.01
2017-07-24,T10YIE,0.02
2017-07-25,T10YIE,0.03
2017-07-26,T10YIE,-0.01
2017-07-27,T10YIE,0.03
2017-07-28,T10YIE,0
2017-07-31,T10YIE,-0.01
2017-08-01,T10YIE,-0.03
2017-08-02,T10YIE,0
2017-08-03,T10YIE,-0.01
2017-08-04,T10YIE,0.02
2017-08-07,T10YIE,0
2017-08-08,T10YIE,0.03
2017-08-09,T10YIE,-0.01
2017-08-10,T10YIE,-0.02
2017-08-11,T10YIE,-0.01
2017-08-14,T10YIE,-0.02
2017-08-15,T10YIE,0.01
2017-08-16,T10YIE,0
2017-08-17,T10YIE,-0.01
2017-08-18,T10YIE,-0.01
2017-08-21,T10YIE,-0.01
2017-08-22,T10YIE,0.02
2017-08-23,T10YIE,-0.02
2017-08-24,T10YIE,0
2017-08-25,T10YIE,0
2017-08-28,T10YIE,0
2017-08-29,T10YIE,-0.01
2017-08-30,T10YIE,0.02
2017-08-31,T10YIE,0
2017-09-01,T10YIE,0.03
2017-09-05,T10YIE,-0.02
2017-09-06,T10YIE,0.01
2017-09-07,T10YIE,0.01
2017-09-08,T10YIE,0.02
2017-09-11,T10YIE,0.02
2017-09-12,T10YIE,0.01
2017-09-13,T10YIE,0.01
2017-09-14,T10YIE,0
2017-09-15,T10YIE,0
2017-09-18,T10YIE,0.02
2017-09-19,T10YIE,0
2017-09-20,T10YIE,-0.02
2017-09-21,T10YIE,-0.02
2017-09-22,T10YIE,0.01
2017-09-25,T10YIE,0
2017-09-26,T10YIE,0
2017-09-27,T10YIE,0.03
2017-09-28,T10YIE,0
2017-09-29,T10YIE,-0.03
2017-10-02,T10YIE,-0.01
2017-10-03,T10YIE,0.01
2017-10-04,T10YIE,0.01
2017-10-05,T10YIE,0.01
2017-10-06,T10YIE,0.01
2017-10-10,T10YIE,0.01
2017-10-11,T10YIE,0.01
2017-10-12,T10YIE,0
2017-10-13,T10YIE,-0.04
2017-10-16,T10YIE,-0.01
2017-10-17,T10YIE,-0.02
2017-10-18,T10YIE,0.02
2017-10-19,T10YIE,0
2017-10-20,T10YIE,0.03
2017-10-23,T10YIE,-0.01
2017-10-24,T10YIE,0.01
2017-10-25,T10YIE,0.01
2017-10-26,T10YIE,0.01
2017-10-27,T10YIE,-0.01
2017-10-30,T10YIE,-0.01
2017-10-31,T10YIE,0.01
2017-11-01,T10YIE,0
2017-11-02,T10YIE,-0.01
2017-11-03,T10YIE,-0.01
2017-11-06,T10YIE,0
2017-11-07,T10YIE,0.02
2017-11-08,T10YIE,-0.01
2017-11-09,T10YIE,0
2017-11-10,T10YIE,0.01
2017-11-13,T10YIE,0
2017-11-14,T10YIE,-0.01
2017-11-15,T10YIE,-0.02
2017-11-16,T10YIE,-0.01
2017-11-17,T10YIE,0.02
2017-11-20,T10YIE,-0.01
2017-11-21,T10YIE,-0.01
2017-11-22,T10YIE,0
2017-11-24,T10YIE,0
2017-11-27,T10YIE,-0.01
2017-11-28,T10YIE,0.01
2017-11-29,T10YIE,0
2017-11-30,T10YIE,0.02
2017-12-01,T10YIE,0
2017-12-04,T10YIE,0.01
2017-12-05,T10YIE,-0.01
2017-12-06,T10YIE,0
2017-12-07,T10YIE,0.01
2017-12-08,T10YIE,0.01
2017-12-11,T10YIE,0
2017-12-12,T10YIE,0.01
2017-12-13,T10YIE,-0.01
2017-12-14,T10YIE,-0.01
2017-12-15,T10YIE,0.01
2017-12-18,T10YIE,0.01
2017-12-19,T10YIE,0.02
2017-12-20,T10YIE,0.01
2017-12-21,T10YIE,0.01
2017-12-22,T10YIE,0.01
2017-12-26,T10YIE,0
2017-12-27,T10YIE,0
2017-12-28,T10YIE,0.02
2017-12-29,T10YIE,0
2018-01-02,T10YIE,0.04
2018-01-03,T10YIE,-0.02
2018-01-04,T10YIE,0.03
2018-01-05,T10YIE,0
2018-01-08,T10YIE,0.01
2018-01-09,T10YIE,0.01
2018-01-10,T10YIE,0
2018-01-11,T10YIE,-0.03
2018-01-12,T10YIE,0.01
2018-01-16,T10YIE,0.02
2018-01-17,T10YIE,0.01
2018-01-18,T10YIE,0.01
2018-01-19,T10YIE,0.01
2018-01-22,T10YIE,0
2018-01-23,T10YIE,0
2018-01-24,T10YIE,0.01
2018-01-25,T10YIE,0
2018-01-26,T10YIE,0.02
2018-01-29,T10YIE,0
2018-01-30,T10YIE,0.01
2018-01-31,T10YIE,0.01
2018-02-01,T10YIE,0
2018-02-02,T10YIE,0.03
2018-02-05,T10YIE,-0.04
2018-02-06,T10YIE,0
2018-02-07,T10YIE,0
2018-02-08,T10YIE,-0.01
2018-02-09,T10YIE,-0.04
2018-02-12,T10YIE,0.02
2018-02-13,T10YIE,-0.02
2018-02-14,T10YIE,0.04
2018-02-15,T10YIE,0.02
2018-02-16,T10YIE,-0.02
2018-02-20,T10YIE,0.01
2018-02-21,T10YIE,0.02
2018-02-22,T10YIE,-0.01
2018-02-23,T10YIE,0.01
2018-02-26,T10YIE,0.01
2018-02-27,T10YIE,0
2018-02-28,T10YIE,-0.01
2018-03-01,T10YIE,-0.02
2018-03-02,T10YIE,0.02
2018-03-05,T10YIE,0.01
2018-03-06,T10YIE,-0.01
2018-03-07,T10YIE,0.01
2018-03-08,T10YIE,-0.02
2018-03-09,T10YIE,0.01
2018-03-12,T10YIE,-0.02
2018-03-13,T10YIE,-0.01
2018-03-14,T10YIE,-0.02
2018-03-15,T10YIE,0.01
2018-03-16,T10YIE,0
2018-03-19,T10YIE,0
2018-03-20,T10YIE,0
2018-03-21,T10YIE,0.01
2018-03-22,T10YIE,-0.01
2018-03-23,T10YIE,-0.01
2018-03-26,T10YIE,0.01
2018-03-27,T10YIE,-0.01
2018-03-28,T10YIE,-0.02
2018-03-29,T10YIE,0
2018-04-02,T10YIE,0
2018-04-03,T10YIE,0.03
2018-04-04,T10YIE,0
2018-04-05,T10YIE,0
2018-04-06,T10YIE,-0.01
2018-04-09,T10YIE,0
2018-04-10,T10YIE,0.01
2018-04-11,T10YIE,0.03
2018-04-12,T10YIE,0.02
2018-04-13,T10YIE,0
2018-04-16,T10YIE,-0.01
2018-04-17,T10YIE,0.02
2018-04-18,T10YIE,0.02
2018-04-19,T10YIE,0.01
2018-04-20,T10YIE,0
2018-04-23,T10YIE,0.01
2018-04-24,T10YIE,-0.01
2018-04-25,T10YIE,0
2018-04-26,T10YIE,0.01
2018-04-27,T10YIE,-0.01
2018-04-30,T10YIE,0
2018-05-01,T10YIE,-0.01
2018-05-02,T10YIE,0.01
2018-05-03,T10YIE,-0.01
2018-05-04,T10YIE,0
2018-05-07,T10YIE,0.01
2018-05-08,T10YIE,-0.01
2018-05-09,T10YIE,0.02
2018-05-10,T10YIE,-0.01
2018-05-11,T10YIE,-0.02
2018-05-14,T10YIE,0
2018-05-15,T10YIE,0.03
2018-05-16,T10YIE,-0.01
2018-05-17,T10YIE,-0.01
2018-05-18,T10YIE,-0.01
2018-05-21,T10YIE,0.01
2018-05-22,T10YIE,-0.01
2018-05-23,T10YIE,-0.01
2018-05-24,T10YIE,-0.02
2018-05-25,T10YIE,-0.03
2018-05-29,T10YIE,-0.05
2018-05-30,T10YIE,0.02
2018-05-31,T10YIE,0.01
2018-06-01,T10YIE,0.02
2018-06-04,T10YIE,0.03
2018-06-05,T10YIE,0.01
2018-06-06,T10YIE,0.01
2018-06-07,T10YIE,-0.01
2018-06-08,T10YIE,-0.02
2018-06-11,T10YIE,0.02
2018-06-12,T10YIE,0
2018-06-13,T10YIE,-0.01
2018-06-14,T10YIE,0
2018-06-15,T10YIE,0
2018-06-18,T10YIE,0
2018-06-19,T10YIE,0
2018-06-20,T10YIE,0
2018-06-21,T10YIE,-0.01
2018-06-22,T10YIE,0.01
2018-06-25,T10YIE,-0.02
2018-06-26,T10YIE,0.02
2018-06-27,T10YIE,-0.01
2018-06-28,T10YIE,-0.01
2018-06-29,T10YIE,0.01
2018-07-02,T10YIE,0.03
2018-07-03,T10YIE,-0.02
2018-07-05,T10YIE,0.01
2018-07-06,T10YIE,-0.01
2018-07-09,T10YIE,0.01
2018-07-10,T10YIE,0
2018-07-11,T10YIE,-0.02
2018-07-12,T10YIE,-0.01
2018-07-13,T10YIE,0.01
2018-07-16,T10YIE,-0.01
2018-07-17,T10YIE,-0.01
2018-07-18,T10YIE,0
2018-07-19,T10YIE,0
2018-07-20,T10YIE,0.02
2018-07-23,T10YIE,0
2018-07-24,T10YIE,0
2018-07-25,T10YIE,0.02
2018-07-26,T10YIE,-0.02
2018-07-27,T10YIE,0.01
2018-07-30,T10YIE,0.01
2018-07-31,T10YIE,-0.01
2018-08-01,T10YIE,0.01
2018-08-02,T10YIE,-0.01
2018-08-03,T10YIE,0
2018-08-06,T10YIE,-0.01
2018-08-07,T10YIE,0.02
2018-08-08,T10YIE,-0.02
2018-08-09,T10YIE,0
2018-08-10,T10YIE,-0.02
2018-08-13,T10YIE,0.01
2018-08-14,T10YIE,-0.01
2018-08-15,T10YIE,-0.01
2018-08-16,T10YIE,0
2018-08-17,T10YIE,0
2018-08-20,T10YIE,-0.01
2018-08-21,T10YIE,0.01
2018-08-22,T10YIE,0
2018-08-23,T10YIE,0.01
2018-08-24,T10YIE,0
2018-08-27,T10YIE,0.02
2018-08-28,T10YIE,0
2018-08-29,T10YIE,0.01
2018-08-30,T10YIE,-0.02
2018-08-31,T10YIE,-0.02
2018-09-04,T10YIE,0.02
2018-09-05,T10YIE,-0.01
2018-09-06,T10YIE,-0.01
2018-09-07,T10YIE,0.02
2018-09-10,T10YIE,0
2018-09-11,T10YIE,0.02
2018-09-12,T10YIE,0
2018-09-13,T10YIE,-0.02
2018-09-14,T10YIE,0
2018-09-17,T10YIE,0
2018-09-18,T10YIE,0.03
2018-09-19,T10YIE,0.02
2018-09-20,T10YIE,0
2018-09-21,T10YIE,0
2018-09-24,T10YIE,0.01
2018-09-25,T10YIE,0
2018-09-26,T10YIE,-0.02
2018-09-27,T10YIE,0.01
2018-09-28,T10YIE,-0.01
2018-10-01,T10YIE,0
2018-10-02,T10YIE,-0.02
2018-10-03,T10YIE,0.04
2018-10-04,T10YIE,0
2018-10-05,T10YIE,0
2018-10-09,T10YIE,0.01
2018-10-10,T10YIE,-0.01
2018-10-11,T10YIE,-0.04
2018-10-12,T10YIE,0
2018-10-15,T10YIE,0.01
2018-10-16,T10YIE,0
2018-10-17,T10YIE,0
2018-10-18,T10YIE,-0.03
2018-10-19,T10YIE,0.01
2018-10-22,T10YIE,0
2018-10-23,T10YIE,-0.02
2018-10-24,T10YIE,-0.02
2018-10-25,T10YIE,-0.02
2018-10-26,T10YIE,0.01
2018-10-29,T10YIE,0
2018-10-30,T10YIE,-0.01
2018-10-31,T10YIE,0
2018-11-01,T10YIE,-0.03
2018-11-02,T10YIE,0.04
2018-11-05,T10YIE,0
2018-11-06,T10YIE,0.01
2018-11-07,T10YIE,0
2018-11-08,T10YIE,0
2018-11-09,T10YIE,-0.03
2018-11-13,T10YIE,-0.02
2018-11-14,T10YIE,-0.02
2018-11-15,T10YIE,0
2018-11-16,T10YIE,0.02
2018-11-19,T10YIE,-0.03
2018-11-20,T10YIE,-0.02
2018-11-21,T10YIE,0
2018-11-23,T10YIE,-0.01
2018-11-26,T10YIE,0
2018-11-27,T10YIE,-0.05
2018-11-28,T10YIE,0.03
2018-11-29,T10YIE,0.04
2018-11-30,T10YIE,-0.01
2018-12-03,T10YIE,-0.01
2018-12-04,T10YIE,-0.02
2018-12-06,T10YIE,-0.04
2018-12-07,T10YIE,-0.01
2018-12-10,T10YIE,-0.03
2018-12-11,T10YIE,-0.03
2018-12-12,T10YIE,0
2018-12-13,T10YIE,0
2018-12-14,T10YIE,-0.01
2018-12-17,T10YIE,-0.01
2018-12-18,T10YIE,0
2018-12-19,T10YIE,-0.01
2018-12-20,T10YIE,-0.04
2018-12-21,T10YIE,0.01
2018-12-24,T10YIE,-0.02
2018-12-26,T10YIE,0.02
2018-12-27,T10YIE,-0.03
2018-12-28,T10YIE,-0.01
2018-12-31,T10YIE,-0.02
2019-01-02,T10YIE,-0.01
2019-01-03,T10YIE,-0.02
2019-01-04,T10YIE,0.08
2019-01-07,T10YIE,0.02
2019-01-08,T10YIE,0.04
2019-01-09,T10YIE,0.01
2019-01-10,T10YIE,-0.02
2019-01-11,T10YIE,0.02
2019-01-14,T10YIE,-0.02
2019-01-15,T10YIE,0
2019-01-16,T10YIE,0.01
2019-01-17,T10YIE,-0.03
2019-01-18,T10YIE,0.04
2019-01-22,T10YIE,-0.04
2019-01-23,T10YIE,0.01
2019-01-24,T10YIE,-0.03
2019-01-25,T10YIE,0.02
2019-01-28,T10YIE,-0.01
2019-01-29,T10YIE,0
2019-01-30,T10YIE,0.06
2019-01-31,T10YIE,0.01
2019-02-01,T10YIE,0.03
2019-02-04,T10YIE,-0.01
2019-02-05,T10YIE,0
2019-02-06,T10YIE,-0.01
2019-02-07,T10YIE,-0.02
2019-02-08,T10YIE,-0.02
2019-02-11,T10YIE,0
2019-02-12,T10YIE,0.01
2019-02-13,T10YIE,0.03
2019-02-14,T10YIE,-0.01
2019-02-15,T10YIE,0.01
2019-02-19,T10YIE,0.01
2019-02-20,T10YIE,0.02
2019-02-21,T10YIE,0.02
2019-02-22,T10YIE,0
2019-02-25,T10YIE,0.01
2019-02-26,T10YIE,0
2019-02-27,T10YIE,0.01
2019-02-28,T10YIE,0.02
2019-03-01,T10YIE,0.01
2019-03-04,T10YIE,-0.02
2019-03-05,T10YIE,-0.01
2019-03-06,T10YIE,-0.02
2019-03-07,T10YIE,-0.01
2019-03-08,T10YIE,0
2019-03-11,T10YIE,0.01
2019-03-12,T10YIE,-0.01
2019-03-13,T10YIE,0.02
2019-03-14,T10YIE,0.02
2019-03-15,T10YIE,0
2019-03-18,T10YIE,0.02
2019-03-19,T10YIE,-0.01
2019-03-20,T10YIE,0.01
2019-03-21,T10YIE,0
2019-03-22,T10YIE,-0.06
2019-03-25,T10YIE,-0.02
2019-03-26,T10YIE,-0.02
2019-03-27,T10YIE,-0.02
2019-03-28,T10YIE,-0.01
2019-03-29,T10YIE,0.05
2019-04-01,T10YIE,0.02
2019-04-02,T10YIE,0
2019-04-03,T10YIE,0.01
2019-04-04,T10YIE,-0.01
2019-04-05,T10YIE,0
2019-04-08,T10YIE,0.01
2019-04-09,T10YIE,0
2019-04-10,T10YIE,0.03
2019-04-11,T10YIE,0
2019-04-12,T10YIE,0.01
2019-04-15,T10YIE,-0.01
2019-04-16,T10YIE,0.02
2019-04-17,T10YIE,-0.02
2019-04-18,T10YIE,0.01
2019-04-22,T10YIE,0
2019-04-23,T10YIE,0
2019-04-24,T10YIE,0.01
2019-04-25,T10YIE,0.02
2019-04-26,T10YIE,-0.01
2019-04-29,T10YIE,-0.01
2019-04-30,T10YIE,-0.01
2019-05-01,T10YIE,-0.02
2019-05-02,T10YIE,-0.04
2019-05-03,T10YIE,0.02
2019-05-06,T10YIE,0
2019-05-07,T10YIE,-0.04
2019-05-08,T10YIE,0
2019-05-09,T10YIE,-0.02
2019-05-10,T10YIE,0.03
2019-05-13,T10YIE,-0.03
2019-05-14,T10YIE,0.01
2019-05-15,T10YIE,-0.03
2019-05-16,T10YIE,0.01
2019-05-17,T10YIE,-0.03
2019-05-20,T10YIE,0
2019-05-21,T10YIE,0.02
2019-05-22,T10YIE,-0.04
2019-05-23,T10YIE,-0.06
2019-05-24,T10YIE,0.03
2019-05-28,T10YIE,-0.03
2019-05-29,T10YIE,0.02
2019-05-30,T10YIE,-0.01
2019-05-31,T10YIE,0
2019-06-03,T10YIE,-0.01
2019-06-04,T10YIE,0.01
2019-06-05,T10YIE,0.01
2019-06-06,T10YIE,-0.02
2019-06-07,T10YIE,0.01
2019-06-10,T10YIE,-0.01
2019-06-11,T10YIE,-0.01
2019-06-12,T10YIE,-0.01
2019-06-13,T10YIE,-0.03
2019-06-14,T10YIE,-0.05
2019-06-17,T10YIE,-0.02
2019-06-18,T10YIE,0.03
2019-06-19,T10YIE,0.03
2019-06-20,T10YIE,0.07
2019-06-21,T10YIE,-0.01
2019-06-24,T10YIE,-0.02
2019-06-25,T10YIE,-0.04
2019-06-26,T10YIE,0.03
2019-06-27,T10YIE,-0.02
2019-06-28,T10YIE,0.01
2019-07-01,T10YIE,0
2019-07-02,T10YIE,-0.04
2019-07-03,T10YIE,0
2019-07-05,T10YIE,0.04
2019-07-08,T10YIE,0.01
2019-07-09,T10YIE,0.01
2019-07-10,T10YIE,0.03
2019-07-11,T10YIE,0.03
2019-07-12,T10YIE,0
2019-07-15,T10YIE,0
2019-07-16,T10YIE,0.03
2019-07-17,T10YIE,-0.05
2019-07-18,T10YIE,0.04
2019-07-19,T10YIE,0.01
2019-07-22,T10YIE,-0.01
2019-07-23,T10YIE,0.02
2019-07-24,T10YIE,-0.02
2019-07-25,T10YIE,0.01
2019-07-26,T10YIE,-0.02
2019-07-29,T10YIE,-0.01
2019-07-30,T10YIE,0.01
2019-07-31,T10YIE,-0.02
2019-08-01,T10YIE,-0.06
2019-08-02,T10YIE,-0.04
2019-08-05,T10YIE,-0.06
2019-08-06,T10YIE,0.02
2019-08-07,T10YIE,0
2019-08-08,T10YIE,0.03
2019-08-09,T10YIE,0.01
2019-08-12,T10YIE,-0.05
2019-08-13,T10YIE,0.02
2019-08-14,T10YIE,-0.06
2019-08-15,T10YIE,-0.03
2019-08-16,T10YIE,0
2019-08-19,T10YIE,0.02
2019-08-20,T10YIE,-0.03
2019-08-21,T10YIE,0.01
2019-08-22,T10YIE,0.01
2019-08-23,T10YIE,-0.01
2019-08-26,T10YIE,0
2019-08-27,T10YIE,0.01
2019-08-28,T10YIE,0
2019-08-29,T10YIE,0.04
2019-08-30,T10YIE,-0.04
2019-09-03,T10YIE,-0.05
2019-09-04,T10YIE,0.01
2019-09-05,T10YIE,0.05
2019-09-06,T10YIE,-0.02
2019-09-09,T10YIE,0.03
2019-09-10,T10YIE,0.03
2019-09-11,T10YIE,0
2019-09-12,T10YIE,0.03
2019-09-13,T10YIE,0.04
2019-09-16,T10YIE,0
2019-09-17,T10YIE,-0.01
2019-09-18,T10YIE,-0.07
2019-09-19,T10YIE,0.02
2019-09-20,T10YIE,0
2019-09-23,T10YIE,0
2019-09-24,T10YIE,-0.03
2019-09-25,T10YIE,0.02
2019-09-26,T10YIE,-0.03
2019-09-27,T10YIE,-0.04
2019-09-30,T10YIE,0
2019-10-01,T10YIE,-0.01
2019-10-02,T10YIE,-0.02
2019-10-03,T10YIE,-0.02
2019-10-04,T10YIE,0.02
2019-10-07,T10YIE,0.01
2019-10-08,T10YIE,-0.03
2019-10-09,T10YIE,0.01
2019-10-10,T10YIE,0.03
2019-10-11,T10YIE,0.04
2019-10-15,T10YIE,0
2019-10-16,T10YIE,0.01
2019-10-17,T10YIE,0.02
2019-10-18,T10YIE,0.01
2019-10-21,T10YIE,0.01
2019-10-22,T10YIE,0
2019-10-23,T10YIE,0
2019-10-24,T10YIE,0.01
2019-10-25,T10YIE,0.03
2019-10-28,T10YIE,-0.01
2019-10-29,T10YIE,-0.03
2019-10-30,T10YIE,-0.04
2019-10-31,T10YIE,-0.03
2019-11-01,T10YIE,0.05
2019-11-04,T10YIE,0.05
2019-11-05,T10YIE,0.04
2019-11-06,T10YIE,-0.02
2019-11-07,T10YIE,0.03
2019-11-08,T10YIE,0.02
2019-11-12,T10YIE,-0.01
2019-11-13,T10YIE,-0.04
2019-11-14,T10YIE,-0.04
2019-11-15,T10YIE,0.01
2019-11-18,T10YIE,0
2019-11-19,T10YIE,0
2019-11-20,T10YIE,-0.03
2019-11-21,T10YIE,0.03
2019-11-22,T10YIE,-0.01
2019-11-25,T10YIE,0
2019-11-26,T10YIE,0
2019-11-27,T10YIE,0.01
2019-11-29,T10YIE,-0.02
2019-12-02,T10YIE,0.04
2019-12-03,T10YIE,-0.02
2019-12-04,T10YIE,0.03
2019-12-05,T10YIE,0.01
2019-12-06,T10YIE,0.02
2019-12-09,T10YIE,0
2019-12-10,T10YIE,0.02
2019-12-11,T10YIE,-0.02
2019-12-12,T10YIE,0.03
2019-12-13,T10YIE,-0.02
2019-12-16,T10YIE,0.03
2019-12-17,T10YIE,0.02
2019-12-18,T10YIE,0.01
2019-12-19,T10YIE,0.01
2019-12-20,T10YIE,0
2019-12-23,T10YIE,-0.02
2019-12-24,T10YIE,0
2019-12-26,T10YIE,-0.01
2019-12-27,T10YIE,-0.01
2019-12-30,T10YIE,0.02
2019-12-31,T10YIE,0.02
2020-01-02,T10YIE,0.03
2020-01-03,T10YIE,-0.03
2020-01-06,T10YIE,-0.02
2020-01-07,T10YIE,-0.01
2020-01-08,T10YIE,0.01
2020-01-09,T10YIE,-0.01
2020-01-10,T10YIE,0.02
2020-01-13,T10YIE,0.01
2020-01-14,T10YIE,0
2020-01-15,T10YIE,-0.02
2020-01-16,T10YIE,-0.01
2020-01-17,T10YIE,0.01
2020-01-21,T10YIE,-0.01
2020-01-22,T10YIE,-0.02
2020-01-23,T10YIE,-0.02
2020-01-24,T10YIE,-0.02
2020-01-27,T10YIE,-0.05
2020-01-28,T10YIE,0.02
2020-01-29,T10YIE,-0.01
2020-01-30,T10YIE,0
2020-01-31,T10YIE,0.01
2020-02-03,T10YIE,-0.02
2020-02-04,T10YIE,0.01
2020-02-05,T10YIE,0.02
2020-02-06,T10YIE,0.01
2020-02-07,T10YIE,-0.01
2020-02-10,T10YIE,0
2020-02-11,T10YIE,-0.01
2020-02-12,T10YIE,0.01
2020-02-13,T10YIE,0.01
2020-02-14,T10YIE,-0.01
2020-02-18,T10YIE,-0.01
2020-02-19,T10YIE,0
2020-02-20,T10YIE,-0.02
2020-02-21,T10YIE,-0.02
2020-02-24,T10YIE,-0.02
2020-02-25,T10YIE,-0.06
2020-02-26,T10YIE,0.01
2020-02-27,T10YIE,-0.01
2020-02-28,T10YIE,-0.12
2020-03-02,T10YIE,0
2020-03-03,T10YIE,0.04
2020-03-04,T10YIE,0.01
2020-03-05,T10YIE,-0.06
2020-03-06,T10YIE,-0.09
2020-03-09,T10YIE,-0.32
2020-03-10,T10YIE,0.01
2020-03-11,T10YIE,-0.04
2020-03-12,T10YIE,-0.04
2020-03-13,T10YIE,-0.02
2020-03-16,T10YIE,-0.17
2020-03-17,T10YIE,-0.1
2020-03-18,T10YIE,0
2020-03-19,T10YIE,-0.13
2020-03-20,T10YIE,0.25
2020-03-23,T10YIE,0.05
2020-03-24,T10YIE,0.17
2020-03-25,T10YIE,0.1
2020-03-26,T10YIE,0
2020-03-27,T10YIE,-0.13
2020-03-30,T10YIE,0.01
2020-03-31,T10YIE,-0.08
2020-04-01,T10YIE,0.04
2020-04-02,T10YIE,0.12
2020-04-03,T10YIE,0.05
2020-04-06,T10YIE,0.06
2020-04-07,T10YIE,0.03
2020-04-08,T10YIE,0.02
2020-04-09,T10YIE,0.04
2020-04-13,T10YIE,0.03
2020-04-14,T10YIE,0.03
2020-04-15,T10YIE,-0.1
2020-04-16,T10YIE,-0.16
2020-04-17,T10YIE,-0.02
2020-04-20,T10YIE,-0.07
2020-04-21,T10YIE,0.02
2020-04-22,T10YIE,0.1
2020-04-23,T10YIE,-0.01
2020-04-24,T10YIE,0.06
2020-04-27,T10YIE,0.06
2020-04-28,T10YIE,-0.03
2020-04-29,T10YIE,0
2020-04-30,T10YIE,-0.07
2020-05-01,T10YIE,-0.01
2020-05-04,T10YIE,0.01
2020-05-05,T10YIE,0.03
2020-05-06,T10YIE,0
2020-05-07,T10YIE,-0.02
2020-05-08,T10YIE,0.04
2020-05-11,T10YIE,0.01
2020-05-12,T10YIE,-0.04
2020-05-13,T10YIE,-0.02
2020-05-14,T10YIE,-0.01
2020-05-15,T10YIE,0.03
2020-05-18,T10YIE,0.08
2020-05-19,T10YIE,-0.02
2020-05-20,T10YIE,0.01
2020-05-21,T10YIE,-0.02
2020-05-22,T10YIE,-0.02
2020-05-26,T10YIE,0.01
2020-05-27,T10YIE,0.01
2020-05-28,T10YIE,0.04
2020-05-29,T10YIE,-0.03
2020-06-01,T10YIE,0.03
2020-06-02,T10YIE,0
2020-06-03,T10YIE,0.03
2020-06-04,T10YIE,0.01
2020-06-05,T10YIE,0.05
2020-06-08,T10YIE,0.01
2020-06-09,T10YIE,-0.02
2020-06-10,T10YIE,0.01
2020-06-11,T10YIE,-0.06
2020-06-12,T10YIE,0
2020-06-15,T10YIE,0.02
2020-06-16,T10YIE,0.04
2020-06-17,T10YIE,-0.01
2020-06-18,T10YIE,0.02
2020-06-19,T10YIE,0.02
2020-06-22,T10YIE,0.04
2020-06-23,T10YIE,0.04
2020-06-24,T10YIE,-0.05
2020-06-25,T10YIE,0
2020-06-26,T10YIE,-0.01
2020-06-29,T10YIE,0.02
2020-06-30,T10YIE,0
2020-07-01,T10YIE,0.03
2020-07-02,T10YIE,0.04
2020-07-06,T10YIE,0.04
2020-07-07,T10YIE,-0.02
2020-07-08,T10YIE,-0.01
2020-07-09,T10YIE,-0.03
2020-07-10,T10YIE,0.02
2020-07-13,T10YIE,0.01
2020-07-14,T10YIE,-0.01
2020-07-15,T10YIE,0
2020-07-16,T10YIE,0
2020-07-17,T10YIE,0.05
2020-07-20,T10YIE,0
2020-07-21,T10YIE,0.02
2020-07-22,T10YIE,0
2020-07-23,T10YIE,0.01
2020-07-24,T10YIE,0.02
2020-07-27,T10YIE,0.01
2020-07-28,T10YIE,-0.01
2020-07-29,T10YIE,0.02
2020-07-30,T10YIE,-0.01
2020-07-31,T10YIE,0.03
2020-08-03,T10YIE,0.03
2020-08-04,T10YIE,-0.01
2020-08-05,T10YIE,0.04
2020-08-06,T10YIE,0.02
2020-08-07,T10YIE,-0.02
2020-08-10,T10YIE,0
2020-08-11,T10YIE,0.02
2020-08-12,T10YIE,0.04
2020-08-13,T10YIE,0
2020-08-14,T10YIE,-0.02
2020-08-17,T10YIE,0.01
2020-08-18,T10YIE,0.02
2020-08-19,T10YIE,-0.01
2020-08-20,T10YIE,-0.05
2020-08-21,T10YIE,0.02
2020-08-24,T10YIE,0.03
2020-08-25,T10YIE,0.03
2020-08-26,T10YIE,0.02
2020-08-27,T10YIE,0.01
2020-08-28,T10YIE,0.04
2020-08-31,T10YIE,0.03
2020-09-01,T10YIE,-0.04
2020-09-02,T10YIE,-0.03
2020-09-03,T10YIE,-0.08
2020-09-04,T10YIE,0.05
2020-09-08,T10YIE,-0.02
2020-09-09,T10YIE,0.03
2020-09-10,T10YIE,-0.02
2020-09-11,T10YIE,-0.04
2020-09-14,T10YIE,0
2020-09-15,T10YIE,0.02
2020-09-16,T10YIE,0.01
2020-09-17,T10YIE,-0.02
2020-09-18,T10YIE,0.01
2020-09-21,T10YIE,-0.05
2020-09-22,T10YIE,0
2020-09-23,T10YIE,-0.02
2020-09-24,T10YIE,-0.02
2020-09-25,T10YIE,0
2020-09-28,T10YIE,0.03
2020-09-29,T10YIE,0.03
2020-09-30,T10YIE,-0.01
2020-10-01,T10YIE,0
2020-10-02,T10YIE,0.01
2020-10-05,T10YIE,0.04
2020-10-06,T10YIE,-0.02
2020-10-07,T10YIE,0.05
2020-10-08,T10YIE,0.01
2020-10-09,T10YIE,0.01
2020-10-13,T10YIE,-0.03
2020-10-14,T10YIE,-0.01
2020-10-15,T10YIE,0
2020-10-16,T10YIE,0.02
2020-10-19,T10YIE,0
2020-10-20,T10YIE,0.01
2020-10-21,T10YIE,0.02
2020-10-22,T10YIE,0.02
2020-10-23,T10YIE,-0.01
2020-10-26,T10YIE,-0.03
2020-10-27,T10YIE,-0.01
2020-10-28,T10YIE,-0.01
2020-10-29,T10YIE,0.01
2020-10-30,T10YIE,-0.01
2020-11-02,T10YIE,0.01
2020-11-03,T10YIE,0.01
2020-11-04,T10YIE,-0.08
2020-11-05,T10YIE,0.02
2020-11-06,T10YIE,-0.01
2020-11-09,T10YIE,0.08
2020-11-10,T10YIE,0.03
2020-11-12,T10YIE,-0.05
2020-11-13,T10YIE,0.01
2020-11-16,T10YIE,0
2020-11-17,T10YIE,-0.02
2020-11-18,T10YIE,0
2020-11-19,T10YIE,0
2020-11-20,T10YIE,-0.01
2020-11-23,T10YIE,0.02
2020-11-24,T10YIE,0.03
2020-11-25,T10YIE,0.01
2020-11-27,T10YIE,0
2020-11-30,T10YIE,0.02
2020-12-01,T10YIE,0.04
2020-12-02,T10YIE,0.04
2020-12-03,T10YIE,0.01
2020-12-04,T10YIE,0.03
2020-12-07,T10YIE,-0.01
2020-12-08,T10YIE,0.01
2020-12-09,T10YIE,0.02
2020-12-10,T10YIE,-0.03
2020-12-11,T10YIE,-0.01
2020-12-14,T10YIE,0.01
2020-12-15,T10YIE,0.03
2020-12-16,T10YIE,0.01
2020-12-17,T10YIE,0.02
2020-12-18,T10YIE,0.01
2020-12-21,T10YIE,0
2020-12-22,T10YIE,-0.01
2020-12-23,T10YIE,0.03
2020-12-24,T10YIE,0
2020-12-28,T10YIE,0
2020-12-29,T10YIE,-0.01
2020-12-30,T10YIE,0
2020-12-31,T10YIE,0.03
2021-01-04,T10YIE,0.02
2021-01-05,T10YIE,0.02
2021-01-06,T10YIE,0.03
2021-01-07,T10YIE,0.03
2021-01-08,T10YIE,-0.03
2021-01-11,T10YIE,0
2021-01-12,T10YIE,0.02
2021-01-13,T10YIE,-0.02
2021-01-14,T10YIE,0.03
2021-01-15,T10YIE,0.01
2021-01-19,T10YIE,0
2021-01-20,T10YIE,0.02
2021-01-21,T10YIE,-0.02
2021-01-22,T10YIE,-0.01
2021-01-25,T10YIE,-0.01
2021-01-26,T10YIE,0
2021-01-27,T10YIE,0
2021-01-28,T10YIE,0.05
2021-01-29,T10YIE,0
2021-02-01,T10YIE,-0.02
2021-02-02,T10YIE,0.04
2021-02-03,T10YIE,0.04
2021-02-04,T10YIE,-0.02
2021-02-05,T10YIE,0.04
2021-02-08,T10YIE,0.01
2021-02-09,T10YIE,0
2021-02-10,T10YIE,-0.01
2021-02-11,T10YIE,-0.01
2021-02-12,T10YIE,0.01
2021-02-16,T10YIE,0.03
2021-02-17,T10YIE,-0.03
2021-02-18,T10YIE,-0.05
2021-02-19,T10YIE,-0.02
2021-02-22,T10YIE,0.02
2021-02-23,T10YIE,0
2021-02-24,T10YIE,0.01
2021-02-25,T10YIE,-0.03
2021-02-26,T10YIE,0.01
2021-03-01,T10YIE,0.01
2021-03-02,T10YIE,0.04
2021-03-03,T10YIE,0.01
2021-03-04,T10YIE,-0.01
2021-03-05,T10YIE,0.02
2021-03-08,T10YIE,-0.01
2021-03-09,T10YIE,0
2021-03-10,T10YIE,0.05
2021-03-11,T10YIE,0.02
2021-03-12,T10YIE,-0.02
2021-03-15,T10YIE,0.01
2021-03-16,T10YIE,0.03
2021-03-17,T10YIE,0
2021-03-18,T10YIE,-0.03
2021-03-19,T10YIE,0.04
2021-03-22,T10YIE,0.02
2021-03-23,T10YIE,-0.04
2021-03-24,T10YIE,0.02
2021-03-25,T10YIE,0.01
2021-03-26,T10YIE,0.02
2021-03-29,T10YIE,0.02
2021-03-30,T10YIE,-0.01
2021-03-31,T10YIE,0.02
2021-04-01,T10YIE,-0.02
2021-04-05,T10YIE,0
2021-04-06,T10YIE,-0.03
2021-04-07,T10YIE,0.02
2021-04-08,T10YIE,-0.01
2021-04-09,T10YIE,-0.02
2021-04-12,T10YIE,0.02
2021-04-13,T10YIE,0
2021-04-14,T10YIE,0
2021-04-15,T10YIE,0
2021-04-16,T10YIE,0.03
2021-04-19,T10YIE,-0.02
2021-04-20,T10YIE,-0.02
2021-04-21,T10YIE,0.01
2021-04-22,T10YIE,0
2021-04-23,T10YIE,0.01
2021-04-26,T10YIE,0.02
2021-04-27,T10YIE,0.03
2021-04-28,T10YIE,0.02
2021-04-29,T10YIE,0.01
2021-04-30,T10YIE,-0.01
2021-05-03,T10YIE,0.01
2021-05-04,T10YIE,0
2021-05-05,T10YIE,0.05
2021-05-06,T10YIE,-0.02
2021-05-07,T10YIE,0.04
2021-05-10,T10YIE,0.05
2021-05-11,T10YIE,-0.01
2021-05-12,T10YIE,0.01
2021-05-13,T10YIE,-0.03
2021-05-14,T10YIE,0
2021-05-17,T10YIE,0.03
2021-05-18,T10YIE,-0.02
2021-05-19,T10YIE,-0.04
2021-05-20,T10YIE,-0.07
2021-05-21,T10YIE,0.02
2021-05-24,T10YIE,0.01
2021-05-25,T10YIE,-0.02
2021-05-26,T10YIE,-0.02
2021-05-27,T10YIE,0.02
2021-05-28,T10YIE,0
2021-06-01,T10YIE,0.04
2021-06-02,T10YIE,-0.02
2021-06-03,T10YIE,-0.02
2021-06-04,T10YIE,-0.02
2021-06-07,T10YIE,-0.01
2021-06-08,T10YIE,-0.03
2021-06-09,T10YIE,-0.04
2021-06-10,T10YIE,0.03
2021-06-11,T10YIE,-0.03
2021-06-14,T10YIE,0.04
2021-06-15,T10YIE,0.02
2021-06-16,T10YIE,-0.06
2021-06-17,T10YIE,-0.05
2021-06-18,T10YIE,-0.03
2021-06-21,T10YIE,0.01
2021-06-22,T10YIE,0.06
2021-06-23,T10YIE,0.03
2021-06-24,T10YIE,-0.04
2021-06-25,T10YIE,0.04
2021-06-28,T10YIE,-0.01
2021-06-29,T10YIE,-0.01
2021-06-30,T10YIE,0
2021-07-01,T10YIE,0.03
2021-07-02,T10YIE,-0.02
2021-07-06,T10YIE,-0.02
2021-07-07,T10YIE,-0.03
2021-07-08,T10YIE,-0.06
2021-07-09,T10YIE,0.06
2021-07-12,T10YIE,0.05
2021-07-13,T10YIE,0.03
2021-07-14,T10YIE,-0.02
2021-07-15,T10YIE,-0.02
2021-07-16,T10YIE,0.01
2021-07-19,T10YIE,-0.09
2021-07-20,T10YIE,0.02
2021-07-21,T10YIE,0.02
2021-07-22,T10YIE,0
2021-07-23,T10YIE,0.07
2021-07-26,T10YIE,0.05
2021-07-27,T10YIE,-0.02
2021-07-28,T10YIE,0.03
2021-07-29,T10YIE,0.02
2021-07-30,T10YIE,-0.03
2021-08-02,T10YIE,-0.03
2021-08-03,T10YIE,0.01
2021-08-04,T10YIE,-0.03
2021-08-05,T10YIE,-0.02
2021-08-06,T10YIE,0.04
2021-08-09,T10YIE,0
2021-08-10,T10YIE,0.03
2021-08-11,T10YIE,0.02
2021-08-12,T10YIE,-0.01
2021-08-13,T10YIE,-0.04
2021-08-16,T10YIE,-0.01
2021-08-17,T10YIE,-0.03
2021-08-18,T10YIE,-0.01
2021-08-19,T10YIE,-0.04
2021-08-20,T10YIE,-0.01
2021-08-23,T10YIE,0
2021-08-24,T10YIE,0.03
2021-08-25,T10YIE,0.05
2021-08-26,T10YIE,-0.02
2021-08-27,T10YIE,0.06
2021-08-30,T10YIE,-0.02
2021-08-31,T10YIE,-0.04
2021-09-01,T10YIE,0.01
2021-09-02,T10YIE,-0.02
2021-09-03,T10YIE,0.02
2021-09-07,T10YIE,0.02
2021-09-08,T10YIE,0.02
2021-09-09,T10YIE,0
2021-09-10,T10YIE,0.02
2021-09-13,T10YIE,-0.03
2021-09-14,T10YIE,-0.04
2021-09-15,T10YIE,0.02
2021-09-16,T10YIE,0
2021-09-17,T10YIE,-0.02
2021-09-20,T10YIE,-0.04
2021-09-21,T10YIE,0
2021-09-22,T10YIE,-0.01
2021-09-23,T10YIE,0.03
2021-09-24,T10YIE,0.03
2021-09-27,T10YIE,0.01
2021-09-28,T10YIE,0.03
2021-09-29,T10YIE,-0.01
2021-09-30,T10YIE,0
2021-10-01,T10YIE,0.01
2021-10-04,T10YIE,0
2021-10-05,T10YIE,0.07
2021-10-06,T10YIE,-0.02
2021-10-07,T10YIE,0.03
2021-10-08,T10YIE,0.04
2021-10-12,T10YIE,-0.01
2021-10-13,T10YIE,0.03
2021-10-14,T10YIE,0
2021-10-15,T10YIE,0.04
2021-10-18,T10YIE,-0.02
2021-10-19,T10YIE,0
2021-10-20,T10YIE,0.03
2021-10-21,T10YIE,0.07
2021-10-22,T10YIE,0
2021-10-25,T10YIE,0.02
2021-10-26,T10YIE,0.03
2021-10-27,T10YIE,-0.04
2021-10-28,T10YIE,-0.08
2021-10-29,T10YIE,-0.06
2021-11-01,T10YIE,-0.01
2021-11-02,T10YIE,0.01
2021-11-03,T10YIE,0.02
2021-11-04,T10YIE,0.03
2021-11-05,T10YIE,-0.02
2021-11-08,T10YIE,0.08
2021-11-09,T10YIE,0.01
2021-11-10,T10YIE,0.07
2021-11-12,T10YIE,0.03
2021-11-15,T10YIE,0.03
2021-11-16,T10YIE,-0.03
2021-11-17,T10YIE,-0.03
2021-11-18,T10YIE,0.03
2021-11-19,T10YIE,-0.08
2021-11-22,T10YIE,-0.04
2021-11-23,T10YIE,0.01
2021-11-24,T10YIE,-0.01
2021-11-26,T10YIE,-0.06
2021-11-29,T10YIE,-0.01
2021-11-30,T10YIE,-0.04
2021-12-01,T10YIE,-0.06
2021-12-02,T10YIE,0.03
2021-12-03,T10YIE,-0.04
2021-12-06,T10YIE,0.01
2021-12-07,T10YIE,0.03
2021-12-08,T10YIE,0.05
2021-12-09,T10YIE,-0.05
2021-12-10,T10YIE,-0.03
2021-12-13,T10YIE,-0.04
2021-12-14,T10YIE,-0.03
2021-12-15,T10YIE,0.02
2021-12-16,T10YIE,0.03
2021-12-17,T10YIE,-0.04
2021-12-20,T10YIE,0.01
2021-12-21,T10YIE,0.05
2021-12-22,T10YIE,0.03
2021-12-23,T10YIE,0
2021-12-27,T10YIE,0.03
2021-12-28,T10YIE,0
2021-12-29,T10YIE,0.03
2021-12-30,T10YIE,0.05
2021-12-31,T10YIE,-0.02
2022-01-03,T10YIE,0.04
2022-01-04,T10YIE,-0.03
2022-01-05,T10YIE,-0.04
2022-01-06,T10YIE,-0.07
2022-01-07,T10YIE,0.02
2022-01-10,T10YIE,0
2022-01-11,T10YIE,0.06
2022-01-12,T10YIE,-0.06
2022-01-13,T10YIE,-0.05
2022-01-14,T10YIE,0.01
2022-01-18,T10YIE,0.02
2022-01-19,T10YIE,-0.06
2022-01-20,T10YIE,-0.07
2022-01-21,T10YIE,0.01
2022-01-24,T10YIE,0.04
2022-01-25,T10YIE,0.03
2022-01-26,T10YIE,-0.03
2022-01-27,T10YIE,0.02
2022-01-28,T10YIE,0.04
2022-01-31,T10YIE,0
2022-02-01,T10YIE,-0.01
2022-02-02,T10YIE,-0.02
2022-02-03,T10YIE,-0.03
2022-02-04,T10YIE,0.03
2022-02-07,T10YIE,-0.01
2022-02-08,T10YIE,0.02
2022-02-09,T10YIE,0
2022-02-10,T10YIE,0.03
2022-02-11,T10YIE,-0.02
2022-02-14,T10YIE,0.05
2022-02-15,T10YIE,0
2022-02-16,T10YIE,-0.02
2022-02-17,T10YIE,-0.03
2022-02-18,T10YIE,-0.02
2022-02-22,T10YIE,0.04
2022-02-23,T10YIE,0.08
2022-02-24,T10YIE,0.02
2022-02-25,T10YIE,-0.01
2022-02-28,T10YIE,0.08
2022-03-01,T10YIE,0
2022-03-02,T10YIE,0.09
2022-03-03,T10YIE,-0.02
2022-03-04,T10YIE,-0.02
2022-03-07,T10YIE,0.1
2022-03-08,T10YIE,0.13
2022-03-09,T10YIE,-0.06
2022-03-10,T10YIE,0.02
2022-03-11,T10YIE,0.08
2022-03-14,T10YIE,-0.01
2022-03-15,T10YIE,-0.09
2022-03-16,T10YIE,-0.04
2022-03-17,T10YIE,0.11
2022-03-18,T10YIE,-0.05
2022-03-21,T10YIE,0.04
2022-03-22,T10YIE,0.01
2022-03-23,T10YIE,0.03
2022-03-24,T10YIE,-0.02
2022-03-25,T10YIE,0.03
2022-03-28,T10YIE,0
2022-03-29,T10YIE,-0.09
2022-03-30,T10YIE,0
2022-03-31,T10YIE,-0.02
2022-04-01,T10YIE,-0.04
2022-04-04,T10YIE,0
2022-04-05,T10YIE,0.04
2022-04-06,T10YIE,-0.01
2022-04-07,T10YIE,-0.01
2022-04-08,T10YIE,0.05
2022-04-11,T10YIE,0.04
2022-04-12,T10YIE,-0.05
2022-04-13,T10YIE,-0.06
2022-04-14,T10YIE,0.09
2022-04-18,T10YIE,0.03
2022-04-19,T10YIE,0.01
2022-04-20,T10YIE,-0.01
2022-04-21,T10YIE,0.1
2022-04-22,T10YIE,-0.04
2022-04-25,T10YIE,-0.07
2022-04-26,T10YIE,-0.06
2022-04-27,T10YIE,0.03
2022-04-28,T10YIE,0.09
2022-04-29,T10YIE,-0.09
2022-05-02,T10YIE,-0.07
2022-05-03,T10YIE,0.02
2022-05-04,T10YIE,0.03
2022-05-05,T10YIE,0.01
2022-05-06,T10YIE,-0.01
2022-05-09,T10YIE,-0.11
2022-05-10,T10YIE,-0.1
2022-05-11,T10YIE,0.05
2022-05-12,T10YIE,-0.11
2022-05-13,T10YIE,0.1
2022-05-16,T10YIE,-0.01
2022-05-17,T10YIE,0.03
2022-05-18,T10YIE,0.01
2022-05-19,T10YIE,-0.13
2022-05-20,T10YIE,-0.04
2022-05-23,T10YIE,0.05
2022-05-24,T10YIE,-0.05
2022-05-25,T10YIE,0.01
2022-05-26,T10YIE,0.06
2022-05-27,T10YIE,0.01
2022-05-31,T10YIE,0.01
2022-06-01,T10YIE,0.01
2022-06-02,T10YIE,0.01
2022-06-03,T10YIE,0.08
2022-06-06,T10YIE,0.02
2022-06-07,T10YIE,-0.03
2022-06-08,T10YIE,0.02
2022-06-09,T10YIE,0
2022-06-10,T10YIE,0.01
2022-06-13,T10YIE,-0.02
2022-06-14,T10YIE,-0.14
2022-06-15,T10YIE,0.1
2022-06-16,T10YIE,-0.08
2022-06-17,T10YIE,-0.04
2022-06-21,T10YIE,0.03
2022-06-22,T10YIE,-0.07
2022-06-23,T10YIE,-0.04
2022-06-24,T10YIE,0.06
2022-06-27,T10YIE,-0.01
2022-06-28,T10YIE,-0.07
2022-06-29,T10YIE,-0.12
2022-06-30,T10YIE,-0.03
2022-07-01,T10YIE,0.01
2022-07-05,T10YIE,-0.04
2022-07-06,T10YIE,-0.01
2022-07-07,T10YIE,0.04
2022-07-08,T10YIE,0.04
2022-07-11,T10YIE,-0.05
2022-07-12,T10YIE,0
2022-07-13,T10YIE,-0.01
2022-07-14,T10YIE,0.03
2022-07-15,T10YIE,0.02
2022-07-18,T10YIE,0.01
2022-07-19,T10YIE,0.02
2022-07-20,T10YIE,-0.01
2022-07-21,T10YIE,-0.05
2022-07-22,T10YIE,0.01
2022-07-25,T10YIE,0.02
2022-07-26,T10YIE,0
2022-07-27,T10YIE,0.06
2022-07-28,T10YIE,0.06
2022-07-29,T10YIE,0.05
2022-08-01,T10YIE,-0.02
2022-08-02,T10YIE,-0.03
2022-08-03,T10YIE,0.02
2022-08-04,T10YIE,-0.04
2022-08-05,T10YIE,0
2022-08-08,T10YIE,0.02
2022-08-09,T10YIE,-0.01
2022-08-10,T10YIE,-0.04
2022-08-11,T10YIE,0.04
2022-08-12,T10YIE,0
2022-08-15,T10YIE,-0.03
2022-08-16,T10YIE,0
2022-08-17,T10YIE,0.02
2022-08-18,T10YIE,0.06
2022-08-19,T10YIE,0.03
2022-08-22,T10YIE,0.02
2022-08-23,T10YIE,0.01
2022-08-24,T10YIE,0.04
2022-08-25,T10YIE,-0.02
2022-08-26,T10YIE,-0.03
2022-08-29,T10YIE,0.01
2022-08-30,T10YIE,-0.03
2022-08-31,T10YIE,-0.07
2022-09-01,T10YIE,-0.03
2022-09-02,T10YIE,0.02
2022-09-06,T10YIE,0.01
2022-09-07,T10YIE,-0.03
2022-09-08,T10YIE,-0.04
2022-09-09,T10YIE,0.01
2022-09-12,T10YIE,0
2022-09-13,T10YIE,0.02
2022-09-14,T10YIE,0.02
2022-09-15,T10YIE,-0.03
2022-09-16,T10YIE,-0.05
2022-09-19,T10YIE,-0.04
2022-09-20,T10YIE,0.06
2022-09-21,T10YIE,-0.02
2022-09-22,T10YIE,0.03
2022-09-23,T10YIE,-0.04
2022-09-26,T10YIE,-0.05
2022-09-27,T10YIE,0.01
2022-09-28,T10YIE,0
2022-09-29,T10YIE,-0.14
2022-09-30,T10YIE,-0.04
2022-10-03,T10YIE,0.09
2022-10-04,T10YIE,0
2022-10-05,T10YIE,-0.02
2022-10-06,T10YIE,0
2022-10-07,T10YIE,0.05
2022-10-11,T10YIE,0.04
2022-10-12,T10YIE,-0.02
2022-10-13,T10YIE,0.05
2022-10-14,T10YIE,0.07
2022-10-17,T10YIE,0.04
2022-10-18,T10YIE,-0.04
2022-10-19,T10YIE,0.01
2022-10-20,T10YIE,0.09
2022-10-21,T10YIE,0.01
2022-10-24,T10YIE,0.07
2022-10-25,T10YIE,-0.08
2022-10-26,T10YIE,-0.07
2022-10-27,T10YIE,0.01
2022-10-28,T10YIE,0.06
2022-10-31,T10YIE,0.01
2022-11-01,T10YIE,-0.01
2022-11-02,T10YIE,0.02
2022-11-03,T10YIE,-0.13
2022-11-04,T10YIE,0.08
2022-11-07,T10YIE,0.05
2022-11-08,T10YIE,-0.03
2022-11-09,T10YIE,-0.08
2022-11-10,T10YIE,-0.03
2022-11-14,T10YIE,-0.02
2022-11-15,T10YIE,-0.02
2022-11-16,T10YIE,-0.06
2022-11-17,T10YIE,-0.01
2022-11-18,T10YIE,-0.03
2022-11-21,T10YIE,0.06
2022-11-22,T10YIE,0.01
2022-11-23,T10YIE,0
2022-11-25,T10YIE,0
2022-11-28,T10YIE,-0.06
2022-11-29,T10YIE,-0.01
2022-11-30,T10YIE,0.09
2022-12-01,T10YIE,0.02
2022-12-02,T10YIE,0.07
2022-12-05,T10YIE,-0.04
2022-12-06,T10YIE,-0.08
2022-12-07,T10YIE,-0.05
2022-12-08,T10YIE,0.02
2022-12-09,T10YIE,-0.02
2022-12-12,T10YIE,0.02
2022-12-13,T10YIE,-0.04
2022-12-14,T10YIE,-0.05
2022-12-15,T10YIE,-0.03
2022-12-16,T10YIE,-0.03
2022-12-19,T10YIE,0.02
2022-12-20,T10YIE,0.09
2022-12-21,T10YIE,0.03
2022-12-22,T10YIE,-0.08
2022-12-23,T10YIE,0.01
2022-12-27,T10YIE,0.06
2022-12-28,T10YIE,0.02
2022-12-29,T10YIE,-0.01
2022-12-30,T10YIE,0.03
2023-01-03,T10YIE,-0.04
2023-01-04,T10YIE,-0.04
2023-01-05,T10YIE,0
2023-01-06,T10YIE,-0.01
2023-01-09,T10YIE,0.01
2023-01-10,T10YIE,0.02
2023-01-11,T10YIE,-0.01
2023-01-12,T10YIE,-0.02
2023-01-13,T10YIE,-0.03
2023-01-17,T10YIE,-0.01
2023-01-18,T10YIE,-0.05
2023-01-19,T10YIE,0.08
2023-01-20,T10YIE,0.03
2023-01-23,T10YIE,0.05
2023-01-24,T10YIE,-0.01
2023-01-25,T10YIE,0.02
2023-01-26,T10YIE,0.04
2023-01-27,T10YIE,0
2023-01-30,T10YIE,-0.04
2023-01-31,T10YIE,-0.05
2023-02-01,T10YIE,0.01
2023-02-02,T10YIE,-0.03
2023-02-03,T10YIE,0
2023-02-06,T10YIE,0.03
2023-02-07,T10YIE,0.06
2023-02-08,T10YIE,0.03
2023-02-09,T10YIE,-0.01
2023-02-10,T10YIE,0
2023-02-13,T10YIE,-0.02
2023-02-14,T10YIE,0
2023-02-15,T10YIE,0.04
2023-02-16,T10YIE,0.02
2023-02-17,T10YIE,-0.01
2023-02-21,T10YIE,0.06
2023-02-22,T10YIE,-0.01
2023-02-23,T10YIE,-0.02
2023-02-24,T10YIE,-0.01
2023-02-27,T10YIE,-0.02
2023-02-28,T10YIE,0.07
2023-03-01,T10YIE,0.01
2023-03-02,T10YIE,0.04
2023-03-03,T10YIE,0.04
2023-03-06,T10YIE,-0.03
2023-03-07,T10YIE,-0.11
2023-03-08,T10YIE,-0.06
2023-03-09,T10YIE,-0.02
2023-03-10,T10YIE,-0.04
2023-03-13,T10YIE,-0.02
2023-03-14,T10YIE,0.07
2023-03-15,T10YIE,-0.02
2023-03-16,T10YIE,-0.07
2023-03-17,T10YIE,-0.12
2023-03-20,T10YIE,0.04
2023-03-21,T10YIE,0.09
2023-03-22,T10YIE,0.05
2023-03-23,T10YIE,-0.09
2023-03-24,T10YIE,0.03
2023-03-27,T10YIE,0.02
2023-03-28,T10YIE,0.07
2023-03-29,T10YIE,0.02
2023-03-30,T10YIE,0.01
2023-03-31,T10YIE,-0.02
2023-04-03,T10YIE,-0.03
2023-04-04,T10YIE,-0.04
2023-04-05,T10YIE,-0.02
2023-04-06,T10YIE,0.01
2023-04-10,T10YIE,0.03
2023-04-11,T10YIE,0.02
2023-04-12,T10YIE,-0.02
2023-04-13,T10YIE,0.02
2023-04-14,T10YIE,0.01
2023-04-17,T10YIE,0.02
2023-04-18,T10YIE,-0.04
2023-04-19,T10YIE,0
2023-04-20,T10YIE,-0.02
2023-04-21,T10YIE,0.02
2023-04-24,T10YIE,0
2023-04-25,T10YIE,-0.03
2023-04-26,T10YIE,0
2023-04-27,T10YIE,0.02
2023-04-28,T10YIE,-0.09
2023-05-01,T10YIE,0.05
2023-05-02,T10YIE,-0.03
2023-05-03,T10YIE,0
2023-05-04,T10YIE,-0.01
2023-05-05,T10YIE,0.02
2023-05-08,T10YIE,0.02
2023-05-09,T10YIE,0
2023-05-10,T10YIE,-0.06
2023-05-11,T10YIE,-0.01
2023-05-12,T10YIE,0.02
2023-05-15,T10YIE,0.01
2023-05-16,T10YIE,0
2023-05-17,T10YIE,0.03
2023-05-18,T10YIE,0.01
2023-05-19,T10YIE,0.01
2023-05-22,T10YIE,0
2023-05-23,T10YIE,0.02
2023-05-24,T10YIE,-0.01
2023-05-25,T10YIE,0
2023-05-26,T10YIE,-0.02
2023-05-30,T10YIE,-0.01
2023-05-31,T10YIE,-0.04
2023-06-01,T10YIE,-0.02
2023-06-02,T10YIE,0.02
2023-06-05,T10YIE,0.01
2023-06-06,T10YIE,0.01
2023-06-07,T10YIE,0.01
2023-06-08,T10YIE,-0.01
2023-06-09,T10YIE,0
2023-06-12,T10YIE,-0.03
2023-06-13,T10YIE,0.03
2023-06-14,T10YIE,0.01
2023-06-15,T10YIE,0
2023-06-16,T10YIE,0.01
2023-06-20,T10YIE,0
2023-06-21,T10YIE,-0.01
2023-06-22,T10YIE,0.03
2023-06-23,T10YIE,-0.03
2023-06-26,T10YIE,-0.03
2023-06-27,T10YIE,0.02
2023-06-28,T10YIE,-0.02
2023-06-29,T10YIE,0.02
2023-06-30,T10YIE,0.02
2023-07-03,T10YIE,0.03
2023-07-05,T10YIE,0.01
2023-07-06,T10YIE,0.01
2023-07-07,T10YIE,0
2023-07-10,T10YIE,-0.02
2023-07-11,T10YIE,-0.01
2023-07-12,T10YIE,0.02
2023-07-13,T10YIE,-0.02
2023-07-14,T10YIE,0
2023-07-17,T10YIE,0.01
2023-07-18,T10YIE,-0.02
2023-07-19,T10YIE,-0.01
2023-07-20,T10YIE,0.13
2023-07-21,T10YIE,0
2023-07-24,T10YIE,0.03
2023-07-25,T10YIE,0.01
2023-07-26,T10YIE,-0.03
2023-07-27,T10YIE,0.01
2023-07-28,T10YIE,0.01
2023-07-31,T10YIE,-0.01
2023-08-01,T10YIE,0
2023-08-02,T10YIE,-0.01
2023-08-03,T10YIE,0.01
2023-08-04,T10YIE,0.01
2023-08-07,T10YIE,0.03
2023-08-08,T10YIE,-0.05
2023-08-09,T10YIE,-0.02
2023-08-10,T10YIE,-0.01
2023-08-11,T10YIE,0.03
2023-08-14,T10YIE,0
2023-08-15,T10YIE,-0.04
2023-08-16,T10YIE,0
2023-08-17,T10YIE,0.01
2023-08-18,T10YIE,-0.01
2023-08-21,T10YIE,0.02
2023-08-22,T10YIE,0.01
2023-08-23,T10YIE,0
2023-08-24,T10YIE,-0.03
2023-08-25,T10YIE,0.01
2023-08-28,T10YIE,-0.03
2023-08-29,T10YIE,-0.01
2023-08-30,T10YIE,-0.03
2023-08-31,T10YIE,-0.02
2023-09-01,T10YIE,0.02
2023-09-05,T10YIE,0.03
2023-09-06,T10YIE,0.01
2023-09-07,T10YIE,0.02
2023-09-08,T10YIE,0.01
2023-09-11,T10YIE,0.02
2023-09-12,T10YIE,-0.01
2023-09-13,T10YIE,0.01
2023-09-14,T10YIE,-0.01
2023-09-15,T10YIE,0.01
2023-09-18,T10YIE,0.01
2023-09-19,T10YIE,0.01
2023-09-20,T10YIE,-0.02
2023-09-21,T10YIE,0.03
2023-09-22,T10YIE,-0.01
2023-09-25,T10YIE,0
2023-09-26,T10YIE,-0.04
2023-09-27,T10YIE,0.01
2023-09-28,T10YIE,0.05
2023-09-29,T10YIE,-0.04
2023-10-02,T10YIE,0
2023-10-03,T10YIE,0.01
2023-10-04,T10YIE,-0.03
2023-10-05,T10YIE,-0.02
2023-10-06,T10YIE,0
2023-10-10,T10YIE,0.01
2023-10-11,T10YIE,0
2023-10-12,T10YIE,0.02
2023-10-13,T10YIE,0
2023-10-16,T10YIE,0.04
2023-10-17,T10YIE,0.03
2023-10-18,T10YIE,0.03
2023-10-19,T10YIE,0.05
2023-10-20,T10YIE,-0.02
2023-10-23,T10YIE,-0.06
2023-10-24,T10YIE,-0.01
2023-10-25,T10YIE,0.03
2023-10-26,T10YIE,-0.01
2023-10-27,T10YIE,0
2023-10-30,T10YIE,0.02
2023-10-31,T10YIE,-0.02
2023-11-01,T10YIE,-0.01
2023-11-02,T10YIE,-0.01
2023-11-03,T10YIE,-0.01
2023-11-06,T10YIE,0.03
2023-11-07,T10YIE,-0.03
2023-11-08,T10YIE,-0.05
2023-11-09,T10YIE,-0.01
2023-11-10,T10YIE,-0.01
2023-11-13,T10YIE,-0.01
2023-11-14,T10YIE,-0.03
2023-11-15,T10YIE,0.03
2023-11-16,T10YIE,-0.04
2023-11-17,T10YIE,0.01
2023-11-20,T10YIE,0.02
2023-11-21,T10YIE,-0.05
2023-11-22,T10YIE,0.01
2023-11-24,T10YIE,0
2023-11-27,T10YIE,-0.05
2023-11-28,T10YIE,0.01
2023-11-29,T10YIE,-0.01
2023-11-30,T10YIE,0.02
2023-12-01,T10YIE,-0.01
2023-12-04,T10YIE,-0.01
2023-12-05,T10YIE,-0.04
2023-12-06,T10YIE,-0.03
2023-12-07,T10YIE,0.03
2023-12-08,T10YIE,0.04
2023-12-11,T10YIE,-0.02
2023-12-12,T10YIE,-0.03
2023-12-13,T10YIE,0
2023-12-14,T10YIE,0.06
2023-12-15,T10YIE,0
2023-12-18,T10YIE,-0.01
2023-12-19,T10YIE,-0.02
2023-12-20,T10YIE,0
2023-12-21,T10YIE,0
2023-12-22,T10YIE,0
2023-12-26,T10YIE,-0.01
2023-12-27,T10YIE,-0.03
2023-12-28,T10YIE,0.01
2023-12-29,T10YIE,0
2024-01-02,T10YIE,0.05
2024-01-03,T10YIE,-0.01
2024-01-04,T10YIE,0.02
2024-01-05,T10YIE,0
2024-01-08,T10YIE,0
2024-01-09,T10YIE,0
2024-01-10,T10YIE,0
2024-01-11,T10YIE,0
2024-01-12,T10YIE,0.05
2024-01-16,T10YIE,0.03
2024-01-17,T10YIE,0
2024-01-18,T10YIE,0.04
2024-01-19,T10YIE,0
2024-01-22,T10YIE,-0.03
2024-01-23,T10YIE,-0.02
2024-01-24,T10YIE,0.01
2024-01-25,T10YIE,-0.01
2024-01-26,T10YIE,0.01
2024-01-29,T10YIE,0
2024-01-30,T10YIE,-0.04
2024-01-31,T10YIE,0
2024-02-01,T10YIE,-0.07
2024-02-02,T10YIE,0.02
2024-02-05,T10YIE,0.06
2024-02-06,T10YIE,-0.03
2024-02-07,T10YIE,-0.01
2024-02-08,T10YIE,0.01
2024-02-09,T10YIE,0.01
2024-02-12,T10YIE,-0.01
2024-02-13,T10YIE,0.05
2024-02-14,T10YIE,0.01
2024-02-15,T10YIE,0
2024-02-16,T10YIE,0.03
2024-02-20,T10YIE,-0.01
2024-02-21,T10YIE,0.02
2024-02-22,T10YIE,-0.03
2024-02-23,T10YIE,-0.01
2024-02-26,T10YIE,0.01
2024-02-27,T10YIE,0.01
2024-02-28,T10YIE,0.01
2024-02-29,T10YIE,0
2024-03-01,T10YIE,-0.01
2024-03-04,T10YIE,0.02
2024-03-05,T10YIE,-0.02
2024-03-06,T10YIE,-0.02
2024-03-07,T10YIE,-0.02
2024-03-08,T10YIE,0
2024-03-11,T10YIE,-0.01
2024-03-12,T10YIE,0.03
2024-03-13,T10YIE,0
2024-03-14,T10YIE,0
2024-03-15,T10YIE,0.02
2024-03-18,T10YIE,-0.01
2024-03-19,T10YIE,-0.01
2024-03-20,T10YIE,0.01
2024-03-21,T10YIE,0.03
2024-03-22,T10YIE,0.01
2024-03-25,T10YIE,-0.02
2024-03-26,T10YIE,-0.01
2024-03-27,T10YIE,0
2024-03-28,T10YIE,0
2024-04-01,T10YIE,0.03
2024-04-02,T10YIE,0.01
2024-04-03,T10YIE,0
2024-04-04,T10YIE,-0.02
2024-04-05,T10YIE,0.03
2024-04-08,T10YIE,0.01
2024-04-09,T10YIE,-0.02
2024-04-10,T10YIE,0.04
2024-04-11,T10YIE,0
2024-04-12,T10YIE,-0.01
2024-04-15,T10YIE,0.04
2024-04-16,T10YIE,0
2024-04-17,T10YIE,-0.04
2024-04-18,T10YIE,0.01
2024-04-19,T10YIE,0.01
2024-04-22,T10YIE,0
2024-04-23,T10YIE,0
2024-04-24,T10YIE,0
2024-04-25,T10YIE,0.01
2024-04-26,T10YIE,0.01
2024-04-29,T10YIE,-0.02
2024-04-30,T10YIE,0
2024-05-01,T10YIE,-0.03
2024-05-02,T10YIE,-0.01
2024-05-03,T10YIE,-0.02
2024-05-06,T10YIE,0
2024-05-07,T10YIE,-0.03
2024-05-08,T10YIE,-0.01
2024-05-09,T10YIE,0.01
2024-05-10,T10YIE,0.02
2024-05-13,T10YIE,-0.01
2024-05-14,T10YIE,0
2024-05-15,T10YIE,-0.02
2024-05-16,T10YIE,0
2024-05-17,T10YIE,0.01
2024-05-20,T10YIE,0.01
2024-05-21,T10YIE,-0.01
2024-05-22,T10YIE,0.01
2024-05-23,T10YIE,-0.03
2024-05-24,T10YIE,0.02
2024-05-28,T10YIE,0.02
2024-05-29,T10YIE,0.02
2024-05-30,T10YIE,0
2024-05-31,T10YIE,-0.01
2024-06-03,T10YIE,-0.02
2024-06-04,T10YIE,-0.02
2024-06-05,T10YIE,-0.01
2024-06-06,T10YIE,-0.02
2024-06-07,T10YIE,0.02
2024-06-10,T10YIE,0.01
2024-06-11,T10YIE,-0.04
2024-06-12,T10YIE,-0.05
2024-06-13,T10YIE,-0.01
2024-06-14,T10YIE,-0.04
2024-06-17,T10YIE,0.05
2024-06-18,T10YIE,-0.01
2024-06-20,T10YIE,0.04
2024-06-21,T10YIE,-0.02
2024-06-24,T10YIE,-0.01
2024-06-25,T10YIE,0
2024-06-26,T10YIE,0.04
2024-06-27,T10YIE,0
2024-06-28,T10YIE,0.02
2024-07-01,T10YIE,0.04
2024-07-02,T10YIE,-0.02
2024-07-03,T10YIE,-0.03
2024-07-05,T10YIE,0.01
2024-07-08,T10YIE,-0.01
2024-07-09,T10YIE,-0.01
2024-07-10,T10YIE,0.01
2024-07-11,T10YIE,-0.02
2024-07-12,T10YIE,-0.01
2024-07-15,T10YIE,0.03
2024-07-16,T10YIE,-0.01
2024-07-17,T10YIE,0
2024-07-18,T10YIE,0.05
2024-07-19,T10YIE,0.01
2024-07-22,T10YIE,-0.02
2024-07-23,T10YIE,-0.01
2024-07-24,T10YIE,-0.01
2024-07-25,T10YIE,0
2024-07-26,T10YIE,-0.01
2024-07-29,T10YIE,-0.02
2024-07-30,T10YIE,0
2024-07-31,T10YIE,-0.01
2024-08-01,T10YIE,-0.04
2024-08-02,T10YIE,-0.16
2024-08-05,T10YIE,0.03
2024-08-06,T10YIE,0.05
2024-08-07,T10YIE,-0.01
2024-08-08,T10YIE,0.01
2024-08-09,T10YIE,-0.02
2024-08-12,T10YIE,0.01
2024-08-13,T10YIE,-0.02
2024-08-14,T10YIE,-0.03
2024-08-15,T10YIE,0.06
2024-08-16,T10YIE,-0.04
2024-08-19,T10YIE,-0.01
2024-08-20,T10YIE,0
2024-08-21,T10YIE,0
2024-08-22,T10YIE,0.03
2024-08-23,T10YIE,0.03
2024-08-26,T10YIE,0.02
2024-08-27,T10YIE,0
2024-08-28,T10YIE,0
2024-08-29,T10YIE,0.01
2024-08-30,T10YIE,-0.01
2024-09-03,T10YIE,-0.04
2024-09-04,T10YIE,-0.04
2024-09-05,T10YIE,-0.04
2024-09-06,T10YIE,0
2024-09-09,T10YIE,0.01
2024-09-10,T10YIE,-0.02
2024-09-11,T10YIE,0.02
2024-09-12,T10YIE,0.01
2024-09-13,T10YIE,0.03
2024-09-16,T10YIE,0.01
2024-09-17,T10YIE,0.03
2024-09-18,T10YIE,0
2024-09-19,T10YIE,0.05
2024-09-20,T10YIE,-0.02
2024-09-23,T10YIE,0.02
2024-09-24,T10YIE,0.02
2024-09-25,T10YIE,-0.01
2024-09-26,T10YIE,-0.02
2024-09-27,T10YIE,-0.01
2024-09-30,T10YIE,0.03
2024-10-01,T10YIE,0.01
2024-10-02,T10YIE,0.02
2024-10-03,T10YIE,0
2024-10-04,T10YIE,0.02
2024-10-07,T10YIE,0.04
2024-10-08,T10YIE,0
2024-10-09,T10YIE,0.02
2024-10-10,T10YIE,0.04
2024-10-11,T10YIE,0
2024-10-15,T10YIE,-0.05
2024-10-16,T10YIE,-0.01
2024-10-17,T10YIE,0.03
2024-10-18,T10YIE,0.01
2024-10-21,T10YIE,0
2024-10-22,T10YIE,0.02
2024-10-23,T10YIE,-0.02
2024-10-24,T10YIE,-0.01
2024-10-25,T10YIE,-0.01
2024-10-28,T10YIE,0
2024-10-29,T10YIE,0.01
2024-10-30,T10YIE,0.04
2024-10-31,T10YIE,-0.01
2024-11-01,T10YIE,0
2024-11-04,T10YIE,-0.05
2024-11-05,T10YIE,-0.01
2024-11-06,T10YIE,0.11
2024-11-07,T10YIE,-0.05
2024-11-08,T10YIE,0.02
2024-11-12,T10YIE,0
2024-11-13,T10YIE,0
2024-11-14,T10YIE,-0.02
2024-11-15,T10YIE,0
2024-11-18,T10YIE,0.01
2024-11-19,T10YIE,0
2024-11-20,T10YIE,0.01
2024-11-21,T10YIE,-0.01
2024-11-22,T10YIE,0
2024-11-25,T10YIE,-0.05
2024-11-26,T10YIE,-0.01
2024-11-27,T10YIE,-0.02
2024-11-29,T10YIE,0
2024-12-02,T10YIE,0
2024-12-03,T10YIE,0.02
2024-12-04,T10YIE,0.01
2024-12-05,T10YIE,-0.04
2024-12-06,T10YIE,-0.01
2024-12-09,T10YIE,0.03
2024-12-10,T10YIE,0.02
2024-12-11,T10YIE,0.01
2024-12-12,T10YIE,0.02
2024-12-13,T10YIE,0.01
2024-12-16,T10YIE,-0.01
2024-12-17,T10YIE,-0.01
2024-12-18,T10YIE,0.01
2024-12-19,T10YIE,-0.03
2024-12-20,T10YIE,0
2024-12-23,T10YIE,0.03
2024-12-24,T10YIE,0.03
2024-12-26,T10YIE,0
2024-12-27,T10YIE,-0.01
2024-12-30,T10YIE,-0.03
2024-12-31,T10YIE,0.03
2025-01-02,T10YIE,0
2025-01-03,T10YIE,0
2025-01-06,T10YIE,0
2025-01-07,T10YIE,0.04
2025-01-08,T10YIE,0.02
2025-01-09,T10YIE,-0.01
2025-01-10,T10YIE,0.04
2025-01-13,T10YIE,0.02
2025-01-14,T10YIE,-0.01
2025-01-15,T10YIE,-0.02
2025-01-16,T10YIE,0
2025-01-17,T10YIE,-0.01
2025-01-21,T10YIE,-0.03
2025-01-22,T10YIE,0.02
2025-01-23,T10YIE,0.02
2025-01-24,T10YIE,0.01
2025-01-27,T10YIE,-0.03
2025-01-28,T10YIE,0.02
2025-01-29,T10YIE,-0.02
2025-01-30,T10YIE,-0.02
2025-01-31,T10YIE,0.04
2025-02-03,T10YIE,0.03
2025-02-04,T10YIE,-0.01
2025-02-05,T10YIE,-0.02
2025-02-06,T10YIE,0
2025-02-07,T10YIE,0
2025-02-10,T10YIE,0.02
2025-02-11,T10YIE,0.02
2025-02-12,T10YIE,0
2025-02-13,T10YIE,-0.02
2025-02-14,T10YIE,-0.01
2025-02-18,T10YIE,0.02
2025-02-19,T10YIE,0
2025-02-20,T10YIE,0
2025-02-21,T10YIE,-0.03
2025-02-24,T10YIE,0
2025-02-25,T10YIE,-0.04
2025-02-26,T10YIE,-0.02
2025-02-27,T10YIE,0.01
2025-02-28,T10YIE,0.01
2025-03-03,T10YIE,-0.02
2025-03-04,T10YIE,-0.01
2025-03-05,T10YIE,-0.01
2025-03-06,T10YIE,0
2025-03-07,T10YIE,-0.01
2025-03-10,T10YIE,-0.02
2025-03-11,T10YIE,0
2025-03-12,T10YIE,0.02
2025-03-13,T10YIE,-0.04
2025-03-14,T10YIE,0.01
2025-03-17,T10YIE,-0.01
2025-03-18,T10YIE,0.01
2025-03-19,T10YIE,0.01
2025-03-20,T10YIE,0
2025-03-21,T10YIE,0.02
2025-03-24,T10YIE,0.03
2025-03-25,T10YIE,-0.01
2025-03-26,T10YIE,0.02
2025-03-27,T10YIE,0.02
2025-03-28,T10YIE,-0.02
2025-03-31,T10YIE,0.01
2025-04-01,T10YIE,-0.05
2025-04-02,T10YIE,-0.01
2025-04-03,T10YIE,-0.04
2025-04-04,T10YIE,-0.1
2025-04-07,T10YIE,0.01
2025-04-08,T10YIE,0.03
2025-04-09,T10YIE,0.05
2025-04-10,T10YIE,-0.08
2025-04-11,T10YIE,0.01
2025-04-14,T10YIE,0.03
2025-04-15,T10YIE,-0.04
2025-04-16,T10YIE,-0.02
2025-04-17,T10YIE,0.06
2025-04-21,T10YIE,-0.01
2025-04-22,T10YIE,0.05
2025-04-23,T10YIE,0.02
2025-04-24,T10YIE,0.01
2025-04-25,T10YIE,-0.03
2025-04-28,T10YIE,-0.02
2025-04-29,T10YIE,-0.02
2025-04-30,T10YIE,0
2025-05-01,T10YIE,0.02
2025-05-02,T10YIE,0.02
2025-05-05,T10YIE,0.01
2025-05-06,T10YIE,-0.02
2025-05-07,T10YIE,-0.01
2025-05-08,T10YIE,0.04
2025-05-09,T10YIE,0
2025-05-12,T10YIE,0
2025-05-13,T10YIE,0.03
2025-05-14,T10YIE,0.05
2025-05-15,T10YIE,-0.03
2025-05-16,T10YIE,0
2025-05-19,T10YIE,0.02
2025-05-20,T10YIE,-0.01
2025-05-21,T10YIE,0
2025-05-22,T10YIE,-0.01
2025-05-23,T10YIE,-0.01
2025-05-27,T10YIE,-0.01
2025-05-28,T10YIE,0
2025-05-29,T10YIE,0
2025-05-30,T10YIE,0.02
2025-06-02,T10YIE,-0.01
2025-06-03,T10YIE,-0.01
2025-06-04,T10YIE,-0.01
2025-06-05,T10YIE,-0.02
2025-06-06,T10YIE,0.02
2025-06-09,T10YIE,0
2025-06-10,T10YIE,-0.02
2025-06-11,T10YIE,-0.02
2025-06-12,T10YIE,-0.02
2025-06-13,T10YIE,0.03
2025-06-16,T10YIE,0.02
2025-06-17,T10YIE,0.01
2025-06-18,T10YIE,0
2025-06-20,T10YIE,0.02
2025-06-23,T10YIE,-0.03
2025-06-24,T10YIE,-0.01
2025-06-25,T10YIE,-0.01
2025-06-26,T10YIE,0
2025-06-27,T10YIE,0.01
2025-06-30,T10YIE,0
2025-07-01,T10YIE,0
2025-07-02,T10YIE,0.01
2025-07-03,T10YIE,0.03
2025-07-07,T10YIE,0.02
2025-07-08,T10YIE,0
2025-07-09,T10YIE,-0.02
2025-07-10,T10YIE,0.01
2025-07-11,T10YIE,0.03
2025-07-14,T10YIE,0.02
2025-07-15,T10YIE,0.02
2025-07-16,T10YIE,0
2025-07-17,T10YIE,0.02
2025-07-18,T10YIE,-0.02
2025-07-21,T10YIE,-0.01
2025-07-22,T10YIE,-0.01
2025-07-23,T10YIE,-0.02
2025-07-24,T10YIE,0.08
2025-07-25,T10YIE,-0.01
2025-07-28,T10YIE,0
2025-07-29,T10YIE,-0.01
2025-07-30,T10YIE,-0.01
2025-07-31,T10YIE,-0.03
2025-08-01,T10YIE,-0.06
2025-08-04,T10YIE,0.04
2025-08-05,T10YIE,-0.01
2025-08-06,T10YIE,-0.02
2025-08-07,T10YIE,0.01
2025-08-08,T10YIE,0.04
2025-08-11,T10YIE,0.01
2025-08-12,T10YIE,-0.02
2025-08-13,T10YIE,-0.01
2025-08-14,T10YIE,0.02
2025-08-15,T10YIE,-0.01
2025-08-18,T10YIE,0
2025-08-19,T10YIE,-0.03
2025-08-20,T10YIE,0
2025-08-21,T10YIE,0.04
2025-08-22,T10YIE,0.02
2025-08-25,T10YIE,0
2025-08-26,T10YIE,0.01
2025-08-27,T10YIE,0.01
2025-08-28,T10YIE,-0.02
2025-08-29,T10YIE,0
2025-09-02,T10YIE,0
2025-09-03,T10YIE,-0.01
2025-09-04,T10YIE,-0.02
2025-09-05,T10YIE,-0.01
2025-09-08,T10YIE,-0.02
2025-09-09,T10YIE,0.01
2025-09-10,T10YIE,-0.01
2025-09-11,T10YIE,-0.01
2025-09-12,T10YIE,0.02
2025-09-15,T10YIE,0.01
2025-09-16,T10YIE,0
2025-09-17,T10YIE,0.01
2025-09-18,T10YIE,0
2025-09-19,T10YIE,0.01
2025-09-22,T10YIE,-0.02
2025-09-23,T10YIE,0
2025-09-24,T10YIE,0.01
2025-09-25,T10YIE,0
2025-09-26,T10YIE,0
2025-09-29,T10YIE,-0.03
2025-09-30,T10YIE,0.01
2025-10-01,T10YIE,-0.01
2025-10-02,T10YIE,-0.01
2025-10-03,T10YIE,-0.01
2025-10-06,T10YIE,0.01
2025-10-07,T10YIE,0.01
2025-10-08,T10YIE,0
2025-10-09,T10YIE,-0.01
2025-10-10,T10YIE,-0.04
2025-10-14,T10YIE,0
2025-10-15,T10YIE,-0.01
2025-10-16,T10YIE,-0.01
2025-10-17,T10YIE,-0.01
2025-10-20,T10YIE,-0.01
2025-10-21,T10YIE,0.02
2025-10-22,T10YIE,0.01
2025-10-23,T10YIE,0.01
2025-10-24,T10YIE,-0.01
2025-10-27,T10YIE,-0.01
2025-10-28,T10YIE,0
2025-10-29,T10YIE,0.02
2025-10-30,T10YIE,-0.01
2025-10-31,T10YIE,0.01
2025-11-03,T10YIE,0.01
2025-11-04,T10YIE,-0.02
2025-11-05,T10YIE,0.01
2025-11-06,T10YIE,-0.02
2025-11-07,T10YIE,0
2025-11-10,T10YIE,0.01
2025-11-12,T10YIE,-0.02
2025-11-13,T10YIE,0.01
2025-11-14,T10YIE,0
2025-11-17,T10YIE,0
2025-11-18,T10YIE,-0.01
2025-11-19,T10YIE,0
2025-11-20,T10YIE,-0.03
2025-11-21,T10YIE,0
2025-11-24,T10YIE,-0.01
2025-11-25,T10YIE,-0.01
2025-11-26,T10YIE,0.01
2025-11-28,T10YIE,0
2025-12-01,T10YIE,0.01
2025-12-02,T10YIE,0
2025-12-03,T10YIE,0
2025-12-04,T10YIE,0.02
2025-12-05,T10YIE,0
2025-12-08,T10YIE,0
2025-12-09,T10YIE,0
2025-12-10,T10YIE,-0.01
2025-12-11,T10YIE,0
2025-12-12,T10YIE,0.01
2025-12-15,T10YIE,-0.01
2025-12-16,T10YIE,-0.02
2025-12-17,T10YIE,0.01
2025-12-18,T10YIE,0
2025-12-19,T10YIE,0
2025-12-22,T10YIE,-0.01
2025-12-23,T10YIE,0.01
2025-12-24,T10YIE,0
2025-12-26,T10YIE,-0.01
2025-12-29,T10YIE,-0.01
2025-12-30,T10YIE,0.02
2025-12-31,T10YIE,0.01
2026-01-02,T10YIE,0
2026-01-05,T10YIE,0.01
2026-01-06,T10YIE,0.01
2026-01-07,T10YIE,0
2026-01-08,T10YIE,0
2026-01-09,T10YIE,0.01
2026-01-12,T10YIE,0.01
2026-01-13,T10YIE,0.01
2026-01-14,T10YIE,-0.01
2026-01-15,T10YIE,0
2026-01-16,T10YIE,0.04
2026-01-20,T10YIE,0
2026-01-21,T10YIE,0.01
2026-01-22,T10YIE,-0.03
2026-01-23,T10YIE,0.01
2026-01-26,T10YIE,0
2026-01-27,T10YIE,0.02
2026-01-28,T10YIE,0.02
2026-01-29,T10YIE,-0.01
2026-01-30,T10YIE,0.01
2026-02-02,T10YIE,-0.01
2026-02-03,T10YIE,0.01
2026-02-04,T10YIE,-0.01
2026-02-05,T10YIE,-0.03
2026-02-06,T10YIE,0.02
2026-02-09,T10YIE,0.01
2026-02-10,T10YIE,-0.03
2026-02-11,T10YIE,0
2026-02-12,T10YIE,-0.03
2026-02-13,T10YIE,-0.02
2026-02-17,T10YIE,-0.01
2026-02-18,T10YIE,0.03
2026-02-19,T10YIE,0
2026-02-20,T10YIE,-0.01
2026-02-23,T10YIE,-0.02
2026-02-24,T10YIE,0
2026-02-25,T10YIE,0.02
2026-02-26,T10YIE,0
2026-02-27,T10YIE,-0.03
2026-03-02,T10YIE,0.04
2026-03-03,T10YIE,0
2026-03-04,T10YIE,0
2026-03-05,T10YIE,0.02
2026-03-06,T10YIE,0.04
2026-03-09,T10YIE,-0.01
2026-03-10,T10YIE,-0.01
2026-03-11,T10YIE,0.03
2026-03-12,T10YIE,0.02
2026-03-13,T10YIE,-0.02
2026-03-16,T10YIE,0
2026-03-17,T10YIE,0.01
2026-03-18,T10YIE,0.03
2026-03-19,T10YIE,-0.03
2026-03-20,T10YIE,0.01
2026-03-23,T10YIE,-0.05
2026-03-24,T10YIE,0
2026-03-25,T10YIE,-0.02
2026-03-26,T10YIE,0.03
2026-03-27,T10YIE,-0.03
2026-03-30,T10YIE,0
2026-03-31,T10YIE,-0.01
2026-04-01,T10YIE,0.01
2026-04-02,T10YIE,0.03
2026-04-06,T10YIE,0.02
2026-04-07,T10YIE,0.01
2026-04-08,T10YIE,-0.04
2026-04-09,T10YIE,0.01
2026-04-10,T10YIE,0.02
2026-04-13,T10YIE,0.02
2026-04-14,T10YIE,-0.01
2026-04-15,T10YIE,0.02
2026-04-16,T10YIE,0
2026-04-17,T10YIE,-0.03
2026-04-20,T10YIE,-0.01
2026-04-21,T10YIE,0.03
2026-04-22,T10YIE,0
2026-04-23,T10YIE,0.04
2026-04-24,T10YIE,0
2026-04-27,T10YIE,0.02
2026-04-28,T10YIE,0
2026-04-29,T10YIE,0.02
2026-04-30,T10YIE,0
2026-05-01,T10YIE,0.02
2026-05-04,T10YIE,0.02
2026-05-05,T10YIE,-0.03
2026-05-06,T10YIE,-0.05
2026-05-07,T10YIE,0.03
2026-05-08,T10YIE,0
2026-05-11,T10YIE,0.02
2026-05-12,T10YIE,0
2026-05-13,T10YIE,0
2026-05-14,T10YIE,0
2026-05-15,T10YIE,0.02
2026-05-18,T10YIE,-0.01
2026-05-19,T10YIE,0.01
2026-05-20,T10YIE,-0.05
2026-05-21,T10YIE,-0.05
2026-05-22,T10YIE,0.01
2026-05-26,T10YIE,0
2026-05-27,T10YIE,-0.01
2026-05-28,T10YIE,0
2026-05-29,T10YIE,-0.01
2026-06-01,T10YIE,0.02
2026-06-02,T10YIE,-0.01
2026-06-03,T10YIE,-0.01
2026-06-04,T10YIE,-0.02
2026-06-05,T10YIE,0
2026-06-08,T10YIE,-0.01
2026-06-09,T10YIE,-0.02
2026-06-10,T10YIE,0.01
2026-06-11,T10YIE,-0.05
2026-06-12,T10YIE,0.02
2026-06-15,T10YIE,0.01
2026-06-16,T10YIE,-0.03
2026-06-17,T10YIE,-0.03
2026-06-18,T10YIE,-0.01
2026-06-22,T10YIE,-0.02
2026-06-23,T10YIE,-0.02
2026-06-24,T10YIE,-0.03
2026-06-25,T10YIE,0.03
2026-06-26,T10YIE,-0.01
2026-06-29,T10YIE,0.02
2026-06-30,T10YIE,0.02
2026-07-01,T10YIE,-0.01
2026-07-02,T10YIE,0
2026-07-06,T10YIE,0.01
2026-07-07,T10YIE,0.01
2026-07-08,T10YIE,0
2026-07-09,T10YIE,-0.02
2026-07-10,T10YIE,0.01
2026-07-13,T10YIE,0.02
2026-07-14,T10YIE,-0.01
2026-07-15,T10YIE,-0.02
2026-07-16,T10YIE,-0.01
2026-07-17,T10YIE,0.02
2026-07-20,T10YIE,0.01
2026-07-21,T10YIE,0.01
2026-07-22,T10YIE,0.02
2026-07-23,T10YIE,0
2026-07-24,T10YIE,-0.02
2026-07-27,T10YIE,-0.05
2026-07-28,T10YIE,-0.01
2026-07-29,T10YIE,0.06
2026-07-30,T10YIE,0.01
2026-07-31,T10YIE,0.01
2026-08-03,T10YIE,-0.01
2026-08-04,T10YIE,-0.04
2026-08-05,T10YIE,-0.01
2026-08-06,T10YIE,0.04
2026-08-07,T10YIE,-0.01
2026-08-10,T10YIE,0.04
2026-08-11,T10YIE,-0.02
2026-08-12,T10YIE,-0.01
2026-08-13,T10YIE,-0.02
2026-08-14,T10YIE,0.03
2026-08-17,T10YIE,0.01
2026-08-18,T10YIE,0.02
2026-08-19,T10YIE,0
2026-08-20,T10YIE,0.04
2026-08-21,T10YIE,0
2026-08-24,T10YIE,-0.02
2026-08-25,T10YIE,0
2026-08-26,T10YIE,0
2026-08-27,T10YIE,0.01
2026-08-28,T10YIE,-0.02
2026-08-31,T10YIE,0
2026-09-01,T10YIE,0.04
2026-09-02,T10YIE,-0.01
2026-09-03,T10YIE,0.01
2026-09-04,T10YIE,0
2026-09-08,T10YIE,0.02
2026-09-09,T10YIE,0
2026-09-10,T10YIE,0.03
2026-09-11,T10YIE,-0.04
2026-09-14,T10YIE,0.01
2026-09-15,T10YIE,0.01
2026-09-16,T10YIE,-0.05
2026-09-17,T10YIE,0
2026-09-18,T10YIE,0
2026-09-21,T10YIE,0.01
2026-09-22,T10YIE,-0.01
2014-01-03,VIXCLS,-0.0335865796
2014-01-06,VIXCLS,-0.01537928518
2014-01-07,VIXCLS,-0.04761004897
2014-01-08,VIXCLS,-0.003877476746
2014-01-09,VIXCLS,0.001552795343
2014-01-10,VIXCLS,-0.05994603132
2014-01-13,VIXCLS,0.08975335842
2014-01-14,VIXCLS,-0.07828722133
2014-01-15,VIXCLS,0
2014-01-16,VIXCLS,0.02015384619
2014-01-17,VIXCLS,-0.007208681597
2014-01-21,VIXCLS,0.0339819343
2014-01-22,VIXCLS,-0.002333723346
2014-01-23,VIXCLS,0.06992701448
2014-01-24,VIXCLS,0.2756271319
2014-01-27,VIXCLS,-0.04050047326
2014-01-28,VIXCLS,-0.09760903139
2014-01-29,VIXCLS,0.09358256636
2014-01-30,VIXCLS,-0.003464206698
2014-01-31,VIXCLS,0.06276569555
2014-02-03,VIXCLS,0.152364341
2014-02-04,VIXCLS,-0.115046578
2014-02-05,VIXCLS,0.04301738508
2014-02-06,VIXCLS,-0.1465770928
2014-02-07,VIXCLS,-0.1194530306
2014-02-10,VIXCLS,-0.001963994085
2014-02-11,VIXCLS,-0.05039695896
2014-02-12,VIXCLS,-0.01457852963
2014-02-13,VIXCLS,-0.0112518768
2014-02-14,VIXCLS,-0.04114618662
2014-02-18,VIXCLS,0.02186676048
2014-02-19,VIXCLS,0.1111117896
2014-02-20,VIXCLS,-0.0468887472
2014-02-21,VIXCLS,-0.007465253536
2014-02-24,VIXCLS,-0.03113361108
2014-02-25,VIXCLS,-0.04014876137
2014-02-26,VIXCLS,0.04854629147
2014-02-27,VIXCLS,-0.02183954361
2014-02-28,VIXCLS,-0.002853068982
2014-03-03,VIXCLS,0.1335313926
2014-03-04,VIXCLS,-0.1264139249
2014-03-05,VIXCLS,-0.01500564062
2014-03-06,VIXCLS,0.02277678534
2014-03-07,VIXCLS,-0.007062176244
2014-03-10,VIXCLS,0.006358198742
2014-03-11,VIXCLS,0.04138521616
2014-03-12,VIXCLS,-0.02254964013
2014-03-13,VIXCLS,0.114167508
2014-03-14,VIXCLS,0.09407637336
2014-03-17,VIXCLS,-0.1304896869
2014-03-18,VIXCLS,-0.07430472572
2014-03-19,VIXCLS,0.04049136135
2014-03-20,VIXCLS,-0.04049136135
2014-03-21,VIXCLS,0.03252319171
2014-03-24,VIXCLS,0.005982071678
2014-03-25,VIXCLS,-0.07354739117
2014-03-26,VIXCLS,0.06288772994
2014-03-27,VIXCLS,-0.02098215723
2014-03-28,VIXCLS,-0.01446804431
2014-03-31,VIXCLS,-0.03747345493
2014-04-01,VIXCLS,-0.05783672487
2014-04-02,VIXCLS,-0.0007636502853
2014-04-03,VIXCLS,0.02116481119
2014-04-04,VIXCLS,0.04318270622
2014-04-07,VIXCLS,0.1091498885
2014-04-08,VIXCLS,-0.04465613915
2014-04-09,VIXCLS,-0.07457302836
2014-04-10,VIXCLS,0.1395731622
2014-04-11,VIXCLS,0.06928651413
2014-04-14,VIXCLS,-0.05553629749
2014-04-15,VIXCLS,-0.03152846266
2014-04-16,VIXCLS,-0.09607921342
2014-04-17,VIXCLS,-0.059567353
2014-04-21,VIXCLS,-0.008267615676
2014-04-22,VIXCLS,-0.004538585703
2014-04-23,VIXCLS,0.006046881615
2014-04-24,VIXCLS,0.003760816768
2014-04-25,VIXCLS,0.05406722127
2014-04-28,VIXCLS,-0.006421713114
2014-04-29,VIXCLS,-0.01878667969
2014-04-30,VIXCLS,-0.02212479628
2014-05-01,VIXCLS,-0.01200314486
2014-05-02,VIXCLS,-0.02599534757
2014-05-05,VIXCLS,0.02900966787
2014-05-06,VIXCLS,0.03765671944
2014-05-07,VIXCLS,-0.02941388521
2014-05-08,VIXCLS,0.002236303578
2014-05-09,VIXCLS,-0.03871451218
2014-05-12,VIXCLS,-0.05488454866
2014-05-13,VIXCLS,-0.008210226743
2014-05-14,VIXCLS,0.003292184043
2014-05-15,VIXCLS,0.07896760876
2014-05-16,VIXCLS,-0.05702442844
2014-05-19,VIXCLS,-0.001609010806
2014-05-20,VIXCLS,0.04255961442
2014-05-21,VIXCLS,-0.08448930756
2014-05-22,VIXCLS,0.01002514662
2014-05-23,VIXCLS,-0.05730511669
2014-05-27,VIXCLS,0.01311780944
2014-05-28,VIXCLS,0.01466175467
2014-05-29,VIXCLS,-0.009462436194
2014-05-30,VIXCLS,-0.01480218581
2014-06-02,VIXCLS,0.01566611674
2014-06-03,VIXCLS,0.02473473648
2014-06-04,VIXCLS,0.01753698389
2014-06-05,VIXCLS,-0.03367321511
2014-06-06,VIXCLS,-0.08483442076
2014-06-09,VIXCLS,0.03839594126
2014-06-10,VIXCLS,-0.01445372949
2014-06-11,VIXCLS,0.0540193297
2014-06-12,VIXCLS,0.07951206293
2014-06-13,VIXCLS,-0.03072189876
2014-06-16,VIXCLS,0.03786195289
2014-06-17,VIXCLS,-0.04776302387
2014-06-18,VIXCLS,-0.1280972387
2014-06-19,VIXCLS,0.0009420631879
2014-06-20,VIXCLS,0.02142606417
2014-06-23,VIXCLS,0.01191035609
2014-06-24,VIXCLS,0.09960628687
2014-06-25,VIXCLS,-0.0455390656
2014-06-26,VIXCLS,0.003445309179
2014-06-27,VIXCLS,-0.03233134382
2014-06-30,VIXCLS,0.02715891849
2014-07-01,VIXCLS,-0.0369760433
2014-07-02,VIXCLS,-0.03004322449
2014-07-03,VIXCLS,-0.04731251336
2014-07-07,VIXCLS,0.09337031499
2014-07-08,VIXCLS,0.05578451765
2014-07-09,VIXCLS,-0.02793241268
2014-07-10,VIXCLS,0.07759666804
2014-07-11,VIXCLS,-0.04135165555
2014-07-14,VIXCLS,-0.02175818053
2014-07-15,VIXCLS,0.01177473654
2014-07-16,VIXCLS,-0.08367247572
2014-07-17,VIXCLS,0.2790081993
2014-07-18,VIXCLS,-0.1870092808
2014-07-21,VIXCLS,0.06033192461
2014-07-22,VIXCLS,-0.04551683882
2014-07-23,VIXCLS,-0.06062462182
2014-07-24,VIXCLS,0.02739897419
2014-07-25,VIXCLS,0.06933065227
2014-07-28,VIXCLS,-0.01029712069
2014-07-29,VIXCLS,0.05574198301
2014-07-30,VIXCLS,0.003757990142
2014-07-31,VIXCLS,0.2402506996
2014-08-01,VIXCLS,0.004708660848
2014-08-04,VIXCLS,-0.1189581239
2014-08-05,VIXCLS,0.1095185258
2014-08-06,VIXCLS,-0.03008650517
2014-08-07,VIXCLS,0.01756024536
2014-08-08,VIXCLS,-0.05490123576
2014-08-11,VIXCLS,-0.1027569889
2014-08-12,VIXCLS,-0.007052215405
2014-08-13,VIXCLS,-0.09107288533
2014-08-14,VIXCLS,-0.03791923486
2014-08-15,VIXCLS,0.05711368212
2014-08-18,VIXCLS,-0.06519780052
2014-08-19,VIXCLS,-0.008968669983
2014-08-20,VIXCLS,-0.0358521099
2014-08-21,VIXCLS,-0.001699235753
2014-08-22,VIXCLS,-0.02496901133
2014-08-25,VIXCLS,0.01985391066
2014-08-26,VIXCLS,-0.006000875273
2014-08-27,VIXCLS,0.01281521169
2014-08-28,VIXCLS,0.02266148171
2014-08-29,VIXCLS,-0.005826067249
2014-09-02,VIXCLS,0.0222873443
2014-09-03,VIXCLS,0.008939515039
2014-09-04,VIXCLS,0.02240093669
2014-09-05,VIXCLS,-0.04448772409
2014-09-08,VIXCLS,0.04606875209
2014-09-09,VIXCLS,0.06424226873
2014-09-10,VIXCLS,-0.04701396477
2014-09-11,VIXCLS,-0.006230549751
2014-09-12,VIXCLS,0.03907046148
2014-09-15,VIXCLS,0.05907659966
2014-09-16,VIXCLS,-0.1036308195
2014-09-17,VIXCLS,-0.006304197396
2014-09-18,VIXCLS,-0.05025368519
2014-09-19,VIXCLS,0.006628027578
2014-09-22,VIXCLS,0.1226340817
2014-09-23,VIXCLS,0.08670697225
2014-09-24,VIXCLS,-0.1178667632
2014-09-25,VIXCLS,0.1643258868
2014-09-26,VIXCLS,-0.05183186987
2014-09-29,VIXCLS,0.07333807509
2014-09-30,VIXCLS,0.02044047629
2014-10-01,VIXCLS,0.02422892597
2014-10-02,VIXCLS,-0.03346828951
2014-10-03,VIXCLS,-0.1049480595
2014-10-06,VIXCLS,0.06066504954
2014-10-07,VIXCLS,0.1066533407
2014-10-08,VIXCLS,-0.1295526075
2014-10-09,VIXCLS,0.2163701673
2014-10-10,VIXCLS,0.1241592528
2014-10-14,VIXCLS,0.07043564688
2014-10-15,VIXCLS,0.1413441458
2014-10-16,VIXCLS,-0.04082199452
2014-10-17,VIXCLS,-0.13625619
2014-10-20,VIXCLS,-0.1690404292
2014-10-21,VIXCLS,-0.1439711116
2014-10-22,VIXCLS,0.1055470654
2014-10-23,VIXCLS,-0.07794641734
2014-10-24,VIXCLS,-0.02573671464
2014-10-27,VIXCLS,-0.004354594751
2014-10-28,VIXCLS,-0.1085520815
2014-10-29,VIXCLS,0.05146701106
2014-10-30,VIXCLS,-0.04247352256
2014-10-31,VIXCLS,-0.03432911528
2014-11-03,VIXCLS,0.04868833636
2014-11-04,VIXCLS,0.01080361622
2014-11-05,VIXCLS,-0.04956279299
2014-11-06,VIXCLS,-0.03592340297
2014-11-07,VIXCLS,-0.04106586722
2014-11-10,VIXCLS,-0.03490078918
2014-11-12,VIXCLS,0.02724964245
2014-11-13,VIXCLS,0.05745705502
2014-11-14,VIXCLS,-0.0354280594
2014-11-17,VIXCLS,0.04982715627
2014-11-18,VIXCLS,-0.009335794916
2014-11-19,VIXCLS,0.007189103572
2014-11-20,VIXCLS,-0.0275979752
2014-11-21,VIXCLS,-0.05137081076
2014-11-24,VIXCLS,-0.02194445425
2014-11-25,VIXCLS,-0.02975692012
2014-11-26,VIXCLS,-0.01480290188
2014-11-28,VIXCLS,0.09929409908
2014-12-01,VIXCLS,0.06954285775
2014-12-02,VIXCLS,-0.1062161806
2014-12-03,VIXCLS,-0.03001805165
2014-12-04,VIXCLS,-0.007243492435
2014-12-05,VIXCLS,-0.04628925528
2014-12-08,VIXCLS,0.1841529301
2014-12-09,VIXCLS,0.04674390459
2014-12-10,VIXCLS,0.2187011936
2014-12-11,VIXCLS,0.08033325453
2014-12-12,VIXCLS,0.04860042885
2014-12-15,VIXCLS,-0.03180991094
2014-12-16,VIXCLS,0.1434599042
2014-12-17,VIXCLS,-0.1926419179
2014-12-18,VIXCLS,-0.1453588516
2014-12-19,VIXCLS,-0.01921981085
2014-12-22,VIXCLS,-0.07817463352
2014-12-23,VIXCLS,-0.02995232228
2014-12-24,VIXCLS,-0.02948448068
2014-12-26,VIXCLS,0.009005949336
2014-12-29,VIXCLS,0.03789357295
2014-12-30,VIXCLS,0.05553395804
2014-12-31,VIXCLS,0.1873340986
2015-01-02,VIXCLS,-0.07627377736
2015-01-05,VIXCLS,0.1130877505
2015-01-06,VIXCLS,0.05849620668
2015-01-07,VIXCLS,-0.0895973624
2015-01-08,VIXCLS,-0.12682169
2015-01-09,VIXCLS,0.0312525435
2015-01-12,VIXCLS,0.1104756163
2015-01-13,VIXCLS,0.04781787435
2015-01-14,VIXCLS,0.04377482905
2015-01-15,VIXCLS,0.04149216097
2015-01-16,VIXCLS,-0.06647578424
2015-01-20,VIXCLS,-0.0519215535
2015-01-21,VIXCLS,-0.05370417897
2015-01-22,VIXCLS,-0.1392315791
2015-01-23,VIXCLS,0.01572930191
2015-01-26,VIXCLS,-0.07088112198
2015-01-27,VIXCLS,0.1039419842
2015-01-28,VIXCLS,0.1714222663
2015-01-29,VIXCLS,-0.08576682176
2015-01-30,VIXCLS,0.1113659013
2015-02-02,VIXCLS,-0.07627458152
2015-02-03,VIXCLS,-0.1143791597
2015-02-04,VIXCLS,0.05609995812
2015-02-05,VIXCLS,-0.08418840505
2015-02-06,VIXCLS,0.0257776429
2015-02-09,VIXCLS,0.07034148936
2015-02-10,VIXCLS,-0.07381773851
2015-02-11,VIXCLS,-0.01579442018
2015-02-12,VIXCLS,-0.1003938344
2015-02-13,VIXCLS,-0.04329680575
2015-02-17,VIXCLS,0.07284294985
2015-02-18,VIXCLS,-0.02240093669
2015-02-19,VIXCLS,-0.0104099834
2015-02-20,VIXCLS,-0.06693948268
2015-02-23,VIXCLS,0.0180185055
2015-02-24,VIXCLS,-0.06161240347
2015-02-25,VIXCLS,0.01089731089
2015-02-26,VIXCLS,0.005045055746
2015-02-27,VIXCLS,-0.04184096545
2015-03-02,VIXCLS,-0.02274548399
2015-03-03,VIXCLS,0.06098543726
2015-03-04,VIXCLS,0.02634541834
2015-03-05,VIXCLS,-0.0134420135
2015-03-06,VIXCLS,0.07938502925
2015-03-09,VIXCLS,-0.00925320548
2015-03-10,VIXCLS,0.1027675153
2015-03-11,VIXCLS,0.01072715888
2015-03-12,VIXCLS,-0.08987152842
2015-03-13,VIXCLS,0.0369233541
2015-03-16,VIXCLS,-0.02467698771
2015-03-17,VIXCLS,0.003197956035
2015-03-18,VIXCLS,-0.1141975173
2015-03-19,VIXCLS,0.007132697857
2015-03-20,VIXCLS,-0.07755823435
2015-03-23,VIXCLS,0.02951406051
2015-03-24,VIXCLS,0.01553860343
2015-03-25,VIXCLS,0.1254222439
2015-03-26,VIXCLS,0.02304839544
2015-03-27,VIXCLS,-0.04730392739
2015-03-30,VIXCLS,-0.03786794574
2015-03-31,VIXCLS,0.05236095304
2015-04-01,VIXCLS,-0.01184224366
2015-04-02,VIXCLS,-0.02955218413
2015-04-06,VIXCLS,0.004760294606
2015-04-07,VIXCLS,0.002710028759
2015-04-08,VIXCLS,-0.05564717871
2015-04-09,VIXCLS,-0.06577915688
2015-04-10,VIXCLS,-0.03974032865
2015-04-13,VIXCLS,0.1026541541
2015-04-14,VIXCLS,-0.0195587546
2015-04-15,VIXCLS,-0.06263835247
2015-04-16,VIXCLS,-0.0188684843
2015-04-17,VIXCLS,0.09747234281
2015-04-20,VIXCLS,-0.04340512154
2015-04-21,VIXCLS,-0.003766482795
2015-04-22,VIXCLS,-0.04160846723
2015-04-23,VIXCLS,-0.01826172226
2015-04-24,VIXCLS,-0.01534143936
2015-04-27,VIXCLS,0.06535185994
2015-04-28,VIXCLS,-0.0556351843
2015-04-29,VIXCLS,0.07600556049
2015-04-30,VIXCLS,0.08308283391
2015-05-01,VIXCLS,-0.1359890002
2015-05-04,VIXCLS,0.01174181788
2015-05-05,VIXCLS,0.1076147822
2015-05-06,VIXCLS,0.05704193839
2015-05-07,VIXCLS,-0.001321004155
2015-05-08,VIXCLS,-0.162557809
2015-05-11,VIXCLS,0.07416351382
2015-05-12,VIXCLS,0.0007217611284
2015-05-13,VIXCLS,-0.007241161257
2015-05-14,VIXCLS,-0.07701918236
2015-05-15,VIXCLS,-0.02866438289
2015-05-18,VIXCLS,0.02787914531
2015-05-19,VIXCLS,0.009382398772
2015-05-20,VIXCLS,0.002331909335
2015-05-21,VIXCLS,-0.06164416311
2015-05-22,VIXCLS,0.001650165391
2015-05-26,VIXCLS,0.1476521634
2015-05-27,VIXCLS,-0.05782803804
2015-05-28,VIXCLS,0.003009784063
2015-05-29,VIXCLS,0.03904731778
2015-06-01,VIXCLS,0.009349223079
2015-06-02,VIXCLS,0.01914273271
2015-06-03,VIXCLS,-0.04158305184
2015-06-04,VIXCLS,0.07405568047
2015-06-05,VIXCLS,-0.0345815925
2015-06-08,VIXCLS,0.07325307783
2015-06-09,VIXCLS,-0.0551214793
2015-06-10,VIXCLS,-0.09034670622
2015-06-11,VIXCLS,-0.02838702308
2015-06-12,VIXCLS,0.06987445424
2015-06-15,VIXCLS,0.1104996823
2015-06-16,VIXCLS,-0.03841531957
2015-06-17,VIXCLS,-0.02115397885
2015-06-18,VIXCLS,-0.0946896827
2015-06-19,VIXCLS,0.05673713061
2015-06-22,VIXCLS,-0.09144944719
2015-06-23,VIXCLS,-0.05071509258
2015-06-24,VIXCLS,0.09072042719
2015-06-25,VIXCLS,0.05501937559
2015-06-26,VIXCLS,0.0007135212575
2015-06-29,VIXCLS,0.2960280323
2015-06-30,VIXCLS,-0.0334443252
2015-07-01,VIXCLS,-0.1248706277
2015-07-02,VIXCLS,0.04258551009
2015-07-06,VIXCLS,0.01301793532
2015-07-07,VIXCLS,-0.0556034454
2015-07-08,VIXCLS,0.2003881537
2015-07-09,VIXCLS,0.01564503271
2015-07-10,VIXCLS,-0.1710681392
2015-07-13,VIXCLS,-0.1912741681
2015-07-14,VIXCLS,-0.03887544902
2015-07-15,VIXCLS,-0.01052641299
2015-07-16,VIXCLS,-0.08845542056
2015-07-17,VIXCLS,-0.01330027919
2015-07-20,VIXCLS,0.02479465861
2015-07-21,VIXCLS,-0.002451983247
2015-07-22,VIXCLS,-0.008216973102
2015-07-23,VIXCLS,0.04200940808
2015-07-24,VIXCLS,0.08344489808
2015-07-27,VIXCLS,0.1269596275
2015-07-28,VIXCLS,-0.1490355792
2015-07-29,VIXCLS,-0.07250669079
2015-07-30,VIXCLS,-0.03004692135
2015-07-31,VIXCLS,-0.0008247423148
2015-08-03,VIXCLS,0.0356601804
2015-08-04,VIXCLS,0.03443219642
2015-08-05,VIXCLS,-0.03842103298
2015-08-06,VIXCLS,0.09596398826
2015-08-07,VIXCLS,-0.02798415304
2015-08-10,VIXCLS,-0.09061621
2015-08-11,VIXCLS,0.1142335439
2015-08-12,VIXCLS,-0.007320676911
2015-08-13,VIXCLS,-0.008856146444
2015-08-14,VIXCLS,-0.05016249159
2015-08-17,VIXCLS,0.01470045815
2015-08-18,VIXCLS,0.05745705502
2015-08-19,VIXCLS,0.1006358112
2015-08-20,VIXCLS,0.227200883
2015-08-21,VIXCLS,0.3814949792
2015-08-24,VIXCLS,0.3739350456
2015-08-25,VIXCLS,-0.1231360711
2015-08-26,VIXCLS,-0.172266779
2015-08-27,VIXCLS,-0.1498722464
2015-08-28,VIXCLS,-0.001917546129
2015-08-31,VIXCLS,0.08742715746
2015-09-01,VIXCLS,0.09936296725
2015-09-02,VIXCLS,-0.1852557938
2015-09-03,VIXCLS,-0.01856919894
2015-09-04,VIXCLS,0.08205312049
2015-09-08,VIXCLS,-0.1101682172
2015-09-09,VIXCLS,0.05203599041
2015-09-10,VIXCLS,-0.07355092624
2015-09-11,VIXCLS,-0.04920058896
2015-09-14,VIXCLS,0.04426433871
2015-09-15,VIXCLS,-0.07312510877
2015-09-16,VIXCLS,-0.05423976894
2015-09-17,VIXCLS,-0.009884759233
2015-09-18,VIXCLS,0.05252243462
2015-09-21,VIXCLS,-0.1009815278
2015-09-22,VIXCLS,0.1081371934
2015-09-23,VIXCLS,-0.01391092659
2015-09-24,VIXCLS,0.0587888558
2015-09-25,VIXCLS,0.006370800906
2015-09-28,VIXCLS,0.1568083282
2015-09-29,VIXCLS,-0.0293814745
2015-09-30,VIXCLS,-0.09084754689
2015-10-01,VIXCLS,-0.0829380516
2015-10-02,VIXCLS,-0.07407386051
2015-10-05,VIXCLS,-0.06919755883
2015-10-06,VIXCLS,-0.007190580545
2015-10-07,VIXCLS,-0.05292240145
2015-10-08,VIXCLS,-0.05473169319
2015-10-09,VIXCLS,-0.01971078306
2015-10-13,VIXCLS,0.03396009797
2015-10-14,VIXCLS,0.02016875088
2015-10-15,VIXCLS,-0.1163281876
2015-10-16,VIXCLS,-0.06433085838
2015-10-19,VIXCLS,-0.004662013106
2015-10-20,VIXCLS,0.05012438718
2015-10-21,VIXCLS,0.05856835415
2015-10-22,VIXCLS,-0.1447143049
2015-10-23,VIXCLS,0.0006918021722
2015-10-26,VIXCLS,0.05581280321
2015-10-27,VIXCLS,0.009114646434
2015-10-28,VIXCLS,-0.07395842453
2015-10-29,VIXCLS,0.01935098392
2015-10-30,VIXCLS,0.03099978688
2015-11-02,VIXCLS,-0.06299138855
2015-11-03,VIXCLS,0.02718884802
2015-11-04,VIXCLS,0.06458150508
2015-11-05,VIXCLS,-0.03010698599
2015-11-06,VIXCLS,-0.04902274935
2015-11-09,VIXCLS,0.1422165263
2015-11-10,VIXCLS,-0.07737274815
2015-11-12,VIXCLS,0.1835198793
2015-11-13,VIXCLS,0.0890053956
2015-11-16,VIXCLS,-0.1005029217
2015-11-17,VIXCLS,0.03676089598
2015-11-18,VIXCLS,-0.1116316123
2015-11-19,VIXCLS,0.008274278885
2015-11-20,VIXCLS,-0.0937222711
2015-11-23,VIXCLS,0.009649479827
2015-11-24,VIXCLS,0.01965197951
2015-11-25,VIXCLS,-0.04756680731
2015-11-27,VIXCLS,-0.004618945856
2015-11-30,VIXCLS,0.06466252139
2015-12-01,VIXCLS,-0.09487629998
2015-12-02,VIXCLS,0.08114325019
2015-12-03,VIXCLS,0.1295164295
2015-12-04,VIXCLS,-0.2011616436
2015-12-07,VIXCLS,0.06723575811
2015-12-08,VIXCLS,0.1053605157
2015-12-09,VIXCLS,0.1081407382
2015-12-10,VIXCLS,-0.01386415018
2015-12-11,VIXCLS,0.2319977222
2015-12-14,VIXCLS,-0.07048757436
2015-12-15,VIXCLS,-0.0815469915
2015-12-16,VIXCLS,-0.1595750709
2015-12-17,VIXCLS,0.05871251231
2015-12-18,VIXCLS,0.08885761251
2015-12-21,VIXCLS,-0.1016101764
2015-12-22,VIXCLS,-0.1191208285
2015-12-23,VIXCLS,-0.06405670952
2015-12-24,VIXCLS,0.01085925714
2015-12-28,VIXCLS,0.07169991992
2015-12-29,VIXCLS,-0.05032889916
2015-12-30,VIXCLS,0.07255203594
2015-12-31,VIXCLS,0.05184259404
2016-01-04,VIXCLS,0.1281628065
2016-01-05,VIXCLS,-0.06795821025
2016-01-06,VIXCLS,0.06263003101
2016-01-07,VIXCLS,0.1936702238
2016-01-08,VIXCLS,0.07773142296
2016-01-11,VIXCLS,-0.1057308175
2016-01-12,VIXCLS,-0.07829526415
2016-01-13,VIXCLS,0.1154562443
2016-01-14,VIXCLS,-0.05166900668
2016-01-15,VIXCLS,0.1206090087
2016-01-19,VIXCLS,-0.03655956433
2016-01-20,VIXCLS,0.05743562003
2016-01-21,VIXCLS,-0.03316442481
2016-01-22,VIXCLS,-0.1779101698
2016-01-25,VIXCLS,0.07790558646
2016-01-26,VIXCLS,-0.07076907089
2016-01-27,VIXCLS,0.02675011508
2016-01-28,VIXCLS,-0.03031200664
2016-01-29,VIXCLS,-0.1042708132
2016-02-01,VIXCLS,-0.01095083119
2016-02-02,VIXCLS,0.09540117576
2016-02-03,VIXCLS,-0.01512749453
2016-02-04,VIXCLS,0.008737696428
2016-02-05,VIXCLS,0.06813780517
2016-02-08,VIXCLS,0.106215582
2016-02-09,VIXCLS,0.02055649088
2016-02-10,VIXCLS,-0.009464390162
2016-02-11,VIXCLS,0.06800341294
2016-02-12,VIXCLS,-0.1024428777
2016-02-16,VIXCLS,-0.05212248183
2016-02-17,VIXCLS,-0.07759168375
2016-02-18,VIXCLS,-0.03049155447
2016-02-19,VIXCLS,-0.05265622295
2016-02-22,VIXCLS,-0.05764562457
2016-02-23,VIXCLS,0.07932799651
2016-02-24,VIXCLS,-0.01247018558
2016-02-25,VIXCLS,-0.08088765914
2016-02-26,VIXCLS,0.03597510246
2016-02-29,VIXCLS,0.03667408023
2016-03-01,VIXCLS,-0.1492963014
2016-03-02,VIXCLS,-0.03507114245
2016-03-03,VIXCLS,-0.0230847777
2016-03-04,VIXCLS,0.009535233151
2016-03-07,VIXCLS,0.02864855382
2016-03-08,VIXCLS,0.07332545116
2016-03-09,VIXCLS,-0.01783349073
2016-03-10,VIXCLS,-0.01593878205
2016-03-11,VIXCLS,-0.08978530387
2016-03-14,VIXCLS,0.02513597327
2016-03-15,VIXCLS,-0.004739345364
2016-03-16,VIXCLS,-0.1163736967
2016-03-17,VIXCLS,-0.03738117865
2016-03-18,VIXCLS,-0.02951725186
2016-03-21,VIXCLS,-0.0165411898
2016-03-22,VIXCLS,0.0271833619
2016-03-23,VIXCLS,0.052915126
2016-03-24,VIXCLS,-0.01347729294
2016-03-28,VIXCLS,0.0333586635
2016-03-29,VIXCLS,-0.09780673192
2016-03-30,VIXCLS,-0.01899253583
2016-03-31,VIXCLS,0.02835522576
2016-04-01,VIXCLS,-0.06286727806
2016-04-04,VIXCLS,0.07498000186
2016-04-05,VIXCLS,0.08807313607
2016-04-06,VIXCLS,-0.09020004222
2016-04-07,VIXCLS,0.1370737272
2016-04-08,VIXCLS,-0.05077232537
2016-04-11,VIXCLS,0.0569413764
2016-04-12,VIXCLS,-0.09070823887
2016-04-13,VIXCLS,-0.07043691506
2016-04-14,VIXCLS,-0.008708327892
2016-04-15,VIXCLS,-0.007315321576
2016-04-18,VIXCLS,-0.02002291588
2016-04-19,VIXCLS,-0.008273834337
2016-04-20,VIXCLS,0.003016593539
2016-04-21,VIXCLS,0.04922036422
2016-04-22,VIXCLS,-0.05374867384
2016-04-25,VIXCLS,0.06302451631
2016-04-26,VIXCLS,-0.008559253396
2016-04-27,VIXCLS,-0.01370378459
2016-04-28,VIXCLS,0.1001180397
2016-04-29,VIXCLS,0.03105035992
2016-05-02,VIXCLS,-0.06717468917
2016-05-03,VIXCLS,0.06078489107
2016-05-04,VIXCLS,0.02843793532
2016-05-05,VIXCLS,-0.008761007226
2016-05-06,VIXCLS,-0.07774072905
2016-05-09,VIXCLS,-0.01024249309
2016-05-10,VIXCLS,-0.0666913745
2016-05-11,VIXCLS,0.07489374448
2016-05-12,VIXCLS,-0.01924458017
2016-05-13,VIXCLS,0.04279090851
2016-05-16,VIXCLS,-0.02422729534
2016-05-17,VIXCLS,0.05885996266
2016-05-18,VIXCLS,0.02411284338
2016-05-19,VIXCLS,0.02354507775
2016-05-20,VIXCLS,-0.07170847913
2016-05-23,VIXCLS,0.03997953449
2016-05-24,VIXCLS,-0.09265883048
2016-05-25,VIXCLS,-0.03672729172
2016-05-26,VIXCLS,-0.0343978296
2016-05-27,VIXCLS,-0.02335322702
2016-05-31,VIXCLS,0.07839970766
2016-06-01,VIXCLS,0.0007044734353
2016-06-02,VIXCLS,-0.0409687189
2016-06-03,VIXCLS,-0.01180825529
2016-06-06,VIXCLS,0.01327453121
2016-06-07,VIXCLS,0.02888287415
2016-06-08,VIXCLS,0.00213295495
2016-06-09,VIXCLS,0.0390021578
2016-06-10,VIXCLS,0.1512189861
2016-06-13,VIXCLS,0.2081163502
2016-06-14,VIXCLS,-0.02266795877
2016-06-15,VIXCLS,-0.01771699885
2016-06-16,VIXCLS,-0.03898240987
2016-06-17,VIXCLS,0.002062919762
2016-06-20,VIXCLS,-0.05506949795
2016-06-21,VIXCLS,0.005970166987
2016-06-22,VIXCLS,0.1358960189
2016-06-23,VIXCLS,-0.2047729417
2016-06-24,VIXCLS,0.4010107578
2016-06-27,VIXCLS,-0.0770386839
2016-06-28,VIXCLS,-0.2405904649
2016-06-29,VIXCLS,-0.119384317
2016-06-30,VIXCLS,-0.06261729096
2016-07-01,VIXCLS,-0.05659404789
2016-07-05,VIXCLS,0.0533899439
2016-07-06,VIXCLS,-0.0406080679
2016-07-07,VIXCLS,-0.01345915337
2016-07-08,VIXCLS,-0.1117039896
2016-07-11,VIXCLS,0.02543143789
2016-07-12,VIXCLS,0.0007382798416
2016-07-13,VIXCLS,-0.03836499083
2016-07-14,VIXCLS,-0.01701510501
2016-07-15,VIXCLS,-0.01176945716
2016-07-18,VIXCLS,-0.01831990702
2016-07-19,VIXCLS,-0.03851356774
2016-07-20,VIXCLS,-0.0168495983
2016-07-21,VIXCLS,0.07919272887
2016-07-22,VIXCLS,-0.05817472104
2016-07-25,VIXCLS,0.0683270925
2016-07-26,VIXCLS,0.01388911216
2016-07-27,VIXCLS,-0.01700195514
2016-07-28,VIXCLS,-0.008610620716
2016-07-29,VIXCLS,-0.06916134929
2016-08-01,VIXCLS,0.04690287869
2016-08-02,VIXCLS,0.0720963038
2016-08-03,VIXCLS,-0.0388916723
2016-08-04,VIXCLS,-0.0348136423
2016-08-05,VIXCLS,-0.08657229905
2016-08-08,VIXCLS,0.00961125791
2016-08-09,VIXCLS,0.01381714555
2016-08-10,VIXCLS,0.03290047901
2016-08-11,VIXCLS,-0.03118668254
2016-08-12,VIXCLS,-0.01119254043
2016-08-15,VIXCLS,0.02226119324
2016-08-16,VIXCLS,0.06791975851
2016-08-17,VIXCLS,-0.03625044523
2016-08-18,VIXCLS,-0.06437446569
2016-08-19,VIXCLS,-0.007905179507
2016-08-22,VIXCLS,0.07882096042
2016-08-23,VIXCLS,0.008925008534
2016-08-24,VIXCLS,0.08289683879
2016-08-25,VIXCLS,0.01329413966
2016-08-26,VIXCLS,0.001466275923
2016-08-29,VIXCLS,-0.05341623256
2016-08-30,VIXCLS,0.01381449444
2016-08-31,VIXCLS,0.02260834803
2016-09-01,VIXCLS,0.004460973941
2016-09-02,VIXCLS,-0.1179685128
2016-09-06,VIXCLS,0.00333333642
2016-09-07,VIXCLS,-0.006677821143
2016-09-08,VIXCLS,0.04663421651
2016-09-09,VIXCLS,0.3356725565
2016-09-12,VIXCLS,-0.1435405007
2016-09-13,VIXCLS,0.163343128
2016-09-14,VIXCLS,0.01611593646
2016-09-15,VIXCLS,-0.1069543369
2016-09-16,VIXCLS,-0.05874755026
2016-09-19,VIXCLS,0.01035607961
2016-09-20,VIXCLS,0.02480254326
2016-09-21,VIXCLS,-0.1798121452
2016-09-22,VIXCLS,-0.1011921061
2016-09-23,VIXCLS,0.02221399447
2016-09-26,VIXCLS,0.1653627258
2016-09-27,VIXCLS,-0.1015364192
2016-09-28,VIXCLS,-0.05572253457
2016-09-29,VIXCLS,0.123595186
2016-09-30,VIXCLS,-0.05347300888
2016-10-03,VIXCLS,0.02084960112
2016-10-04,VIXCLS,0.004411771862
2016-10-05,VIXCLS,-0.04809341503
2016-10-06,VIXCLS,-0.01161453242
2016-10-07,VIXCLS,0.04864180722
2016-10-11,VIXCLS,0.1305596222
2016-10-12,VIXCLS,0.03518111463
2016-10-13,VIXCLS,0.04786189532
2016-10-14,VIXCLS,-0.0347490006
2016-10-17,VIXCLS,0.005567598669
2016-10-18,VIXCLS,-0.05908355201
2016-10-19,VIXCLS,-0.05862237373
2016-10-20,VIXCLS,-0.0468835859
2016-10-21,VIXCLS,-0.03027178363
2016-10-24,VIXCLS,-0.02428040371
2016-10-25,VIXCLS,0.03323568744
2016-10-26,VIXCLS,0.05633258177
2016-10-27,VIXCLS,0.07571182174
2016-10-28,VIXCLS,0.05262703997
2016-10-31,VIXCLS,0.05234277437
2016-11-01,VIXCLS,0.08427218529
2016-11-02,VIXCLS,0.04013210143
2016-11-03,VIXCLS,0.1335313926
2016-11-04,VIXCLS,0.01928743351
2016-11-07,VIXCLS,-0.1849015146
2016-11-08,VIXCLS,0.001602136524
2016-11-09,VIXCLS,-0.2648219245
2016-11-10,VIXCLS,0.02472653447
2016-11-14,VIXCLS,-0.0177964998
2016-11-15,VIXCLS,-0.07975499584
2016-11-16,VIXCLS,0.02584123118
2016-11-17,VIXCLS,-0.02733823745
2016-11-18,VIXCLS,-0.03817257351
2016-11-21,VIXCLS,-0.03403573484
2016-11-22,VIXCLS,-0.0008054772888
2016-11-23,VIXCLS,0.001610306306
2016-11-25,VIXCLS,-0.007266887045
2016-11-28,VIXCLS,0.06357574015
2016-11-29,VIXCLS,-0.01919444726
2016-11-30,VIXCLS,0.03278982282
2016-12-01,VIXCLS,0.05402773694
2016-12-02,VIXCLS,0.003547360939
2016-12-05,VIXCLS,-0.1510864464
2016-12-06,VIXCLS,-0.02925407108
2016-12-07,VIXCLS,0.03582223919
2016-12-08,VIXCLS,0.03379243498
2016-12-09,VIXCLS,-0.07301314813
2016-12-12,VIXCLS,0.07301314813
2016-12-13,VIXCLS,0.006309169193
2016-12-14,VIXCLS,0.03628340882
2016-12-15,VIXCLS,-0.03079535114
2016-12-16,VIXCLS,-0.04722766385
2016-12-19,VIXCLS,-0.04099277413
2016-12-20,VIXCLS,-0.02245344761
2016-12-21,VIXCLS,-0.01584540195
2016-12-22,VIXCLS,0.01409714976
2016-12-23,VIXCLS,0.0008745081449
2016-12-27,VIXCLS,0.04695698309
2016-12-28,VIXCLS,0.07702281911
2016-12-29,VIXCLS,0.03191760297
2016-12-30,VIXCLS,0.04889700748
2017-01-03,VIXCLS,-0.08856658726
2017-01-04,VIXCLS,-0.08101594376
2017-01-05,VIXCLS,-0.01530642128
2017-01-06,VIXCLS,-0.03045037352
2017-01-09,VIXCLS,0.02097979047
2017-01-10,VIXCLS,-0.006073771384
2017-01-11,VIXCLS,-0.02022046915
2017-01-12,VIXCLS,0.02456263837
2017-01-13,VIXCLS,-0.02723049233
2017-01-17,VIXCLS,0.05542543987
2017-01-18,VIXCLS,0.05011315432
2017-01-19,VIXCLS,0.02375408601
2017-01-20,VIXCLS,-0.1020621879
2017-01-23,VIXCLS,0.01973466019
2017-01-24,VIXCLS,-0.06131517455
2017-01-25,VIXCLS,-0.02376711507
2017-01-26,VIXCLS,-0.0167914393
2017-01-27,VIXCLS,-0.004714765924
2017-01-30,VIXCLS,0.1158908875
2017-01-31,VIXCLS,0.009216655105
2017-02-01,VIXCLS,-0.01512633883
2017-02-02,VIXCLS,0.0101096059
2017-02-03,VIXCLS,-0.08389196182
2017-02-06,VIXCLS,0.03581403348
2017-02-07,VIXCLS,-0.007060929601
2017-02-08,VIXCLS,0.01407235184
2017-02-09,VIXCLS,-0.05106348857
2017-02-10,VIXCLS,-0.002761161441
2017-02-13,VIXCLS,0.02007366673
2017-02-14,VIXCLS,-0.03026365764
2017-02-15,VIXCLS,0.1084284305
2017-02-16,VIXCLS,-0.0176995771
2017-02-17,VIXCLS,-0.02322685061
2017-02-21,VIXCLS,0.006938449345
2017-02-22,VIXCLS,0.01458627319
2017-02-23,VIXCLS,-0.00255863679
2017-02-24,VIXCLS,-0.02070824647
2017-02-27,VIXCLS,0.05264373349
2017-02-28,VIXCLS,0.06639783373
2017-03-01,VIXCLS,-0.02985296315
2017-03-02,VIXCLS,-0.059976905
2017-03-03,VIXCLS,-0.07469434869
2017-03-06,VIXCLS,0.02522656295
2017-03-07,VIXCLS,0.01851088553
2017-03-08,VIXCLS,0.03518166357
2017-03-09,VIXCLS,0.03642786881
2017-03-10,VIXCLS,-0.05343508146
2017-03-13,VIXCLS,-0.02694643699
2017-03-14,VIXCLS,0.08038151845
2017-03-15,VIXCLS,-0.05601129585
2017-03-16,VIXCLS,-0.03678172945
2017-03-17,VIXCLS,0.006225008986
2017-03-20,VIXCLS,0.00530505223
2017-03-21,VIXCLS,0.09498946139
2017-03-22,VIXCLS,0.02690035622
2017-03-23,VIXCLS,0.02391166761
2017-03-24,VIXCLS,-0.01227009259
2017-03-27,VIXCLS,-0.03613904662
2017-03-28,VIXCLS,-0.08077631003
2017-03-29,VIXCLS,-0.009586130053
2017-03-30,VIXCLS,0.01045305685
2017-03-31,VIXCLS,0.06945492532
2017-04-03,VIXCLS,0.0008080808521
2017-04-04,VIXCLS,-0.04883055271
2017-04-05,VIXCLS,0.0892001024
2017-04-06,VIXCLS,-0.03956212131
2017-04-07,VIXCLS,0.03800932597
2017-04-10,VIXCLS,0.08772337417
2017-04-11,VIXCLS,0.07008361686
2017-04-12,VIXCLS,0.04540338834
2017-04-13,VIXCLS,0.01197619105
2017-04-17,VIXCLS,-0.08496289556
2017-04-18,VIXCLS,-0.0165065646
2017-04-19,VIXCLS,0.03475647969
2017-04-20,VIXCLS,-0.05365798746
2017-04-21,VIXCLS,0.03335959094
2017-04-24,VIXCLS,-0.299831219
2017-04-25,VIXCLS,-0.007407441278
2017-04-26,VIXCLS,0.008329525253
2017-04-27,VIXCLS,-0.04621284316
2017-04-28,VIXCLS,0.04344403659
2017-05-01,VIXCLS,-0.06787124039
2017-05-02,VIXCLS,0.04638512658
2017-05-03,VIXCLS,0.008462673919
2017-05-04,VIXCLS,-0.0208143749
2017-05-05,VIXCLS,0.01046134125
2017-05-08,VIXCLS,-0.07870333383
2017-05-09,VIXCLS,0.01926060554
2017-05-10,VIXCLS,0.02479056058
2017-05-11,VIXCLS,0.03748636894
2017-05-12,VIXCLS,-0.01904819497
2017-05-15,VIXCLS,0.001921230178
2017-05-16,VIXCLS,0.02183285583
2017-05-17,VIXCLS,0.3810697909
2017-05-18,VIXCLS,-0.06150698661
2017-05-19,VIXCLS,-0.1968882566
2017-05-22,VIXCLS,-0.09672313769
2017-05-23,VIXCLS,-0.01940014655
2017-05-24,VIXCLS,-0.06752805999
2017-05-25,VIXCLS,-0.002998502996
2017-05-26,VIXCLS,-0.01818231908
2017-05-30,VIXCLS,0.05647860416
2017-05-31,VIXCLS,0.002886004889
2017-06-01,VIXCLS,-0.05124273699
2017-06-02,VIXCLS,-0.01425686062
2017-06-05,VIXCLS,0.03229342172
2017-06-06,VIXCLS,0.03704127168
2017-06-07,VIXCLS,-0.0057581733
2017-06-08,VIXCLS,-0.02238536296
2017-06-09,VIXCLS,0.05178529932
2017-06-12,VIXCLS,0.06861896982
2017-06-13,VIXCLS,-0.09513567496
2017-06-14,VIXCLS,0.02089344759
2017-06-15,VIXCLS,0.02414230532
2017-06-16,VIXCLS,-0.0488819115
2017-06-19,VIXCLS,-0.0009638554963
2017-06-20,VIXCLS,0.04616929226
2017-06-21,VIXCLS,-0.01018055993
2017-06-22,VIXCLS,-0.02543707568
2017-06-23,VIXCLS,-0.04488558324
2017-06-26,VIXCLS,-0.01204833852
2017-06-27,VIXCLS,0.110800239
2017-06-28,VIXCLS,-0.09775439412
2017-06-29,VIXCLS,0.131535384
2017-06-30,VIXCLS,-0.02298951822
2017-07-03,VIXCLS,0.003571432368
2017-07-05,VIXCLS,-0.01345915337
2017-07-06,VIXCLS,0.1246847885
2017-07-07,VIXCLS,-0.1139030129
2017-07-10,VIXCLS,-0.007174918672
2017-07-11,VIXCLS,-0.02000066671
2017-07-12,VIXCLS,-0.05570104171
2017-07-13,VIXCLS,-0.0396091381
2017-07-14,VIXCLS,-0.04019088058
2017-07-17,VIXCLS,0.03207724581
2017-07-18,VIXCLS,0.007103023268
2017-07-19,VIXCLS,-0.01016268909
2017-07-20,VIXCLS,-0.02168386456
2017-07-21,VIXCLS,-0.02323230149
2017-07-24,VIXCLS,0.007450806156
2017-07-25,VIXCLS,0
2017-07-26,VIXCLS,0.01786700183
2017-07-27,VIXCLS,0.05176193456
2017-07-28,VIXCLS,0.01764751681
2017-07-31,VIXCLS,-0.002919710103
2017-08-01,VIXCLS,-0.01670800538
2017-08-02,VIXCLS,0.01865542566
2017-08-03,VIXCLS,0.01544432243
2017-08-04,VIXCLS,-0.04006398048
2017-08-07,VIXCLS,-0.01002012392
2017-08-08,VIXCLS,0.09869180346
2017-08-09,VIXCLS,0.01359332213
2017-08-10,VIXCLS,0.3672399988
2017-08-11,VIXCLS,-0.03360062525
2017-08-14,VIXCLS,-0.22944966
2017-08-15,VIXCLS,-0.0238008773
2017-08-16,VIXCLS,-0.02523262548
2017-08-17,VIXCLS,0.2810588242
2017-08-18,VIXCLS,-0.08660222364
2017-08-21,VIXCLS,-0.07799944826
2017-08-22,VIXCLS,-0.1502412228
2017-08-23,VIXCLS,0.07630819306
2017-08-24,VIXCLS,-0.001633987292
2017-08-25,VIXCLS,-0.08086070363
2017-08-28,VIXCLS,0.003539826705
2017-08-29,VIXCLS,0.03301776903
2017-08-30,VIXCLS,-0.04189094171
2017-08-31,VIXCLS,-0.05778774048
2017-09-01,VIXCLS,-0.04440884135
2017-09-05,VIXCLS,0.1883906314
2017-09-06,VIXCLS,-0.05030398317
2017-09-07,VIXCLS,-0.006902529563
2017-09-08,VIXCLS,0.04817154367
2017-09-11,VIXCLS,-0.121813424
2017-09-12,VIXCLS,-0.01407813021
2017-09-13,VIXCLS,-0.007590169267
2017-09-14,VIXCLS,-0.005730674709
2017-09-15,VIXCLS,-0.02620237239
2017-09-18,VIXCLS,-0.001968504573
2017-09-19,VIXCLS,0.002951305635
2017-09-20,VIXCLS,-0.04008552708
2017-09-21,VIXCLS,-0.01131117458
2017-09-22,VIXCLS,-0.00830742057
2017-09-25,VIXCLS,0.06264674328
2017-09-26,VIXCLS,-0.003925422116
2017-09-27,VIXCLS,-0.02994235662
2017-09-28,VIXCLS,-0.03295869895
2017-09-29,VIXCLS,-0.004197277935
2017-10-02,VIXCLS,-0.006329135052
2017-10-03,VIXCLS,0.006329135052
2017-10-04,VIXCLS,0.01253934925
2017-10-05,VIXCLS,-0.04676728944
2017-10-06,VIXCLS,0.04884197898
2017-10-10,VIXCLS,0.04359534729
2017-10-11,VIXCLS,-0.02308180746
2017-10-12,VIXCLS,0.006072893158
2017-10-13,VIXCLS,-0.03074012536
2017-10-16,VIXCLS,0.03074012536
2017-10-17,VIXCLS,0.03956994969
2017-10-18,VIXCLS,-0.0235535913
2017-10-19,VIXCLS,-0.001988072225
2017-10-20,VIXCLS,-0.007992050531
2017-10-23,VIXCLS,0.1046581627
2017-10-24,VIXCLS,0.008097210233
2017-10-25,VIXCLS,0.006252811797
2017-10-26,VIXCLS,0.006213956968
2017-10-27,VIXCLS,-0.14242034
2017-10-30,VIXCLS,0.06899287149
2017-10-31,VIXCLS,-0.03095024604
2017-11-01,VIXCLS,0.001962709168
2017-11-02,VIXCLS,-0.02682724223
2017-11-03,VIXCLS,-0.08290009259
2017-11-06,VIXCLS,0.02804930381
2017-11-07,VIXCLS,0.05081445636
2017-11-08,VIXCLS,-0.01118466159
2017-11-09,VIXCLS,0.07103577312
2017-11-10,VIXCLS,0.072542121
2017-11-13,VIXCLS,0.01842965721
2017-11-14,VIXCLS,0.007795621982
2017-11-15,VIXCLS,0.124757031
2017-11-16,VIXCLS,-0.1101957458
2017-11-17,VIXCLS,-0.02846246466
2017-11-20,VIXCLS,-0.07068158565
2017-11-21,VIXCLS,-0.09034599596
2017-11-22,VIXCLS,0.01529861556
2017-11-24,VIXCLS,-0.02148420229
2017-11-27,VIXCLS,0.02047154398
2017-11-28,VIXCLS,0.01608074853
2017-11-29,VIXCLS,0.06466313949
2017-11-30,VIXCLS,0.0527875046
2017-12-01,VIXCLS,0.01321023174
2017-12-04,VIXCLS,0.02163649959
2017-12-05,VIXCLS,-0.03042390236
2017-12-06,VIXCLS,-0.02774227132
2017-12-07,VIXCLS,-0.08125336157
2017-12-08,VIXCLS,-0.05878085017
2017-12-11,VIXCLS,-0.02537133974
2017-12-12,VIXCLS,0.06024666906
2017-12-13,VIXCLS,0.02587208983
2017-12-14,VIXCLS,0.02999741129
2017-12-15,VIXCLS,-0.1075873338
2017-12-18,VIXCLS,0.01160962908
2017-12-19,VIXCLS,0.05113588431
2017-12-20,VIXCLS,-0.0313949835
2017-12-21,VIXCLS,-0.01034135379
2017-12-22,VIXCLS,0.02869049246
2017-12-26,VIXCLS,0.03474294844
2017-12-27,VIXCLS,0.0212363193
2017-12-28,VIXCLS,-0.02808901376
2017-12-29,VIXCLS,0.08110002973
2018-01-02,VIXCLS,-0.1222085748
2018-01-03,VIXCLS,-0.06556258677
2018-01-04,VIXCLS,0.007621158281
2018-01-05,VIXCLS,0
2018-01-08,VIXCLS,0.03201981123
2018-01-09,VIXCLS,0.05715841384
2018-01-10,VIXCLS,-0.02613214028
2018-01-11,VIXCLS,0.006091389393
2018-01-12,VIXCLS,0.02794593039
2018-01-16,VIXCLS,0.1377057388
2018-01-17,VIXCLS,0.02121420244
2018-01-18,VIXCLS,0.02569557038
2018-01-19,VIXCLS,-0.08092962569
2018-01-22,VIXCLS,-0.02152549479
2018-01-23,VIXCLS,0.006326275053
2018-01-24,VIXCLS,0.03278982282
2018-01-25,VIXCLS,0.009544541004
2018-01-26,VIXCLS,-0.04413779083
2018-01-29,VIXCLS,0.2224212689
2018-01-30,VIXCLS,0.06638832653
2018-01-31,VIXCLS,-0.08830300924
2018-02-01,VIXCLS,-0.005183277062
2018-02-02,VIXCLS,0.2508193788
2018-02-05,VIXCLS,0.7682450068
2018-02-06,VIXCLS,-0.2189988833
2018-02-07,VIXCLS,-0.07801563305
2018-02-08,VIXCLS,0.1878358359
2018-02-09,VIXCLS,-0.1409880374
2018-02-12,VIXCLS,-0.1263797579
2018-02-13,VIXCLS,-0.02530779592
2018-02-14,VIXCLS,-0.2596446979
2018-02-15,VIXCLS,-0.006772622918
2018-02-16,VIXCLS,0.01710329331
2018-02-20,VIXCLS,0.05692999904
2018-02-21,VIXCLS,-0.02855930191
2018-02-22,VIXCLS,-0.06713930284
2018-02-23,VIXCLS,-0.1268383345
2018-02-26,VIXCLS,-0.04274419654
2018-02-27,VIXCLS,0.1626138617
2018-02-28,VIXCLS,0.0655802054
2018-03-01,VIXCLS,0.1239770791
2018-03-02,VIXCLS,-0.1371618542
2018-03-05,VIXCLS,-0.0448927155
2018-03-06,VIXCLS,-0.01995213126
2018-03-07,VIXCLS,-0.03322564763
2018-03-08,VIXCLS,-0.07116704797
2018-03-09,VIXCLS,-0.1220241811
2018-03-12,VIXCLS,0.07498580688
2018-03-13,VIXCLS,0.03548458193
2018-03-14,VIXCLS,0.0524241532
2018-03-15,VIXCLS,-0.03785194634
2018-03-16,VIXCLS,-0.04879016417
2018-03-19,VIXCLS,0.1854811171
2018-03-20,VIXCLS,-0.04406946303
2018-03-21,VIXCLS,-0.01885801863
2018-03-22,VIXCLS,0.2676050514
2018-03-23,VIXCLS,0.06349363096
2018-03-26,VIXCLS,-0.1677122681
2018-03-27,VIXCLS,0.0675653195
2018-03-28,VIXCLS,0.01631069882
2018-03-29,VIXCLS,-0.1355948606
2018-04-02,VIXCLS,0.1678626633
2018-04-03,VIXCLS,-0.1128207703
2018-04-04,VIXCLS,-0.05054525795
2018-04-05,VIXCLS,-0.05745169478
2018-04-06,VIXCLS,0.1263116229
2018-04-09,VIXCLS,0.01294516459
2018-04-10,VIXCLS,-0.06157247557
2018-04-11,VIXCLS,-0.01129955525
2018-04-12,VIXCLS,-0.09043079902
2018-04-13,VIXCLS,-0.06018529162
2018-04-16,VIXCLS,-0.05005460482
2018-04-17,VIXCLS,-0.0824106459
2018-04-18,VIXCLS,0.0226914112
2018-04-19,VIXCLS,0.02281467777
2018-04-20,VIXCLS,0.05604389715
2018-04-23,VIXCLS,-0.03251339974
2018-04-24,VIXCLS,0.09786616275
2018-04-25,VIXCLS,-0.01003912503
2018-04-26,VIXCLS,-0.09396579242
2018-04-27,VIXCLS,-0.0524606854
2018-04-30,VIXCLS,0.03318747459
2018-05-01,VIXCLS,-0.02800946949
2018-05-02,VIXCLS,0.0305173078
2018-05-03,VIXCLS,-0.004392853001
2018-05-04,VIXCLS,-0.07372101268
2018-05-07,VIXCLS,-0.001355013757
2018-05-08,VIXCLS,-0.002715548172
2018-05-09,VIXCLS,-0.09178140307
2018-05-10,VIXCLS,-0.01425915342
2018-05-11,VIXCLS,-0.04482976295
2018-05-14,VIXCLS,0.02189297761
2018-05-15,VIXCLS,0.1235240222
2018-05-16,VIXCLS,-0.08632808349
2018-05-17,VIXCLS,0.0007448789916
2018-05-18,VIXCLS,-0.0007448789916
2018-05-21,VIXCLS,-0.02566178551
2018-05-22,VIXCLS,0.01064648839
2018-05-23,VIXCLS,-0.04962258315
2018-05-24,VIXCLS,-0.003982482364
2018-05-25,VIXCLS,0.05360506552
2018-05-29,VIXCLS,0.2526582887
2018-05-30,VIXCLS,-0.1303469434
2018-05-31,VIXCLS,0.03227148667
2018-06-01,VIXCLS,-0.1365913422
2018-06-04,VIXCLS,-0.05497567407
2018-06-05,VIXCLS,-0.02705017753
2018-06-06,VIXCLS,-0.06324903031
2018-06-07,VIXCLS,0.04123428065
2018-06-08,VIXCLS,0.004113539326
2018-06-11,VIXCLS,0.01386080079
2018-06-12,VIXCLS,-0.0008100445967
2018-06-13,VIXCLS,0.0474772706
2018-06-14,VIXCLS,-0.06546630843
2018-06-15,VIXCLS,-0.01161838795
2018-06-18,VIXCLS,0.02717334751
2018-06-19,VIXCLS,0.08110444465
2018-06-20,VIXCLS,-0.04285276926
2018-06-21,VIXCLS,0.1350938929
2018-06-22,VIXCLS,-0.06126519579
2018-06-25,VIXCLS,0.229946791
2018-06-26,VIXCLS,-0.08486292331
2018-06-27,VIXCLS,0.1177830357
2018-06-28,VIXCLS,-0.06100855927
2018-06-29,VIXCLS,-0.04615269579
2018-07-02,VIXCLS,-0.03092704675
2018-07-03,VIXCLS,0.03402974859
2018-07-05,VIXCLS,-0.07525246441
2018-07-06,VIXCLS,-0.1130348073
2018-07-09,VIXCLS,-0.05219910939
2018-07-10,VIXCLS,-0.003947893008
2018-07-11,VIXCLS,0.07540685699
2018-07-12,VIXCLS,-0.08016499444
2018-07-13,VIXCLS,-0.03231298899
2018-07-16,VIXCLS,0.05199091635
2018-07-17,VIXCLS,-0.06189198733
2018-07-18,VIXCLS,0.003311261304
2018-07-19,VIXCLS,0.06169356901
2018-07-20,VIXCLS,-0.0007773027986
2018-07-23,VIXCLS,-0.0188388617
2018-07-24,VIXCLS,-0.0167802579
2018-07-25,VIXCLS,-0.009716675639
2018-07-26,VIXCLS,-0.01228013795
2018-07-27,VIXCLS,0.07074860551
2018-07-30,VIXCLS,0.09020402385
2018-07-31,VIXCLS,-0.1056722364
2018-08-01,VIXCLS,0.02463558
2018-08-02,VIXCLS,-0.07580581513
2018-08-03,VIXCLS,-0.04616850119
2018-08-06,VIXCLS,-0.03230311425
2018-08-07,VIXCLS,-0.03063302586
2018-08-08,VIXCLS,-0.007346222202
2018-08-09,VIXCLS,0.03797924807
2018-08-10,VIXCLS,0.1550375978
2018-08-13,VIXCLS,0.1160929896
2018-08-14,VIXCLS,-0.1047592831
2018-08-15,VIXCLS,0.09524187613
2018-08-16,VIXCLS,-0.08477840249
2018-08-17,VIXCLS,-0.06211271733
2018-08-20,VIXCLS,-0.01193806458
2018-08-21,VIXCLS,0.02919339467
2018-08-22,VIXCLS,-0.04859578182
2018-08-23,VIXCLS,0.01297666223
2018-08-24,VIXCLS,-0.03442963018
2018-08-27,VIXCLS,0.0140789075
2018-08-28,VIXCLS,0.02757676777
2018-08-29,VIXCLS,-0.02020270732
2018-08-30,VIXCLS,0.09938350519
2018-08-31,VIXCLS,-0.05078772337
2018-09-04,VIXCLS,0.02306020709
2018-09-05,VIXCLS,0.05542608004
2018-09-06,VIXCLS,0.05183232953
2018-09-07,VIXCLS,0.01557769394
2018-09-10,VIXCLS,-0.04959694114
2018-09-11,VIXCLS,-0.06869025384
2018-09-12,VIXCLS,-0.006069821367
2018-09-13,VIXCLS,-0.06038682665
2018-09-14,VIXCLS,-0.02455115129
2018-09-17,VIXCLS,0.1252118771
2018-09-18,VIXCLS,-0.0672712966
2018-09-19,VIXCLS,-0.084810375
2018-09-20,VIXCLS,0.004246290881
2018-09-21,VIXCLS,-0.01022155407
2018-09-24,VIXCLS,0.04355797434
2018-09-25,VIXCLS,0.01787212477
2018-09-26,VIXCLS,0.03714374045
2018-09-27,VIXCLS,-0.03794921773
2018-09-28,VIXCLS,-0.02364561858
2018-10-01,VIXCLS,-0.009950330853
2018-10-02,VIXCLS,0.004158010149
2018-10-03,VIXCLS,-0.03719786423
2018-10-04,VIXCLS,0.2027826287
2018-10-05,VIXCLS,0.04132819549
2018-10-09,VIXCLS,0.07348120936
2018-10-10,VIXCLS,0.3642947422
2018-10-11,VIXCLS,0.08432193325
2018-10-12,VIXCLS,-0.1588990586
2018-10-15,VIXCLS,-0.0004693733951
2018-10-16,VIXCLS,-0.1896724522
2018-10-17,VIXCLS,-0.01256441429
2018-10-18,VIXCLS,0.1422575763
2018-10-19,VIXCLS,-0.008510689668
2018-10-22,VIXCLS,-0.01264878994
2018-10-23,VIXCLS,0.05304837248
2018-10-24,VIXCLS,0.1974170872
2018-10-25,VIXCLS,-0.04085502453
2018-10-26,VIXCLS,-0.002480365058
2018-10-29,VIXCLS,0.02210487057
2018-10-30,VIXCLS,-0.05620625952
2018-10-31,VIXCLS,-0.0951817084
2018-11-01,VIXCLS,-0.09323978569
2018-11-02,VIXCLS,0.00875166461
2018-11-05,VIXCLS,0.02280311625
2018-11-06,VIXCLS,-0.002508152807
2018-11-07,VIXCLS,-0.1963827869
2018-11-08,VIXCLS,0.02176627648
2018-11-09,VIXCLS,0.03756310158
2018-11-13,VIXCLS,0.1425630647
2018-11-14,VIXCLS,0.05962512148
2018-11-15,VIXCLS,-0.06162512215
2018-11-16,VIXCLS,-0.09661232853
2018-11-19,VIXCLS,0.1026003704
2018-11-20,VIXCLS,0.11190621
2018-11-21,VIXCLS,-0.07767303832
2018-11-23,VIXCLS,0.03402974859
2018-11-26,VIXCLS,-0.1298208132
2018-11-27,VIXCLS,0.006329135052
2018-11-28,VIXCLS,-0.02826101172
2018-11-29,VIXCLS,0.01609476803
2018-11-30,VIXCLS,-0.03907170882
2018-12-03,VIXCLS,-0.09453571498
2018-12-04,VIXCLS,0.2323468132
2018-12-06,VIXCLS,0.02146516948
2018-12-07,VIXCLS,0.0919151745
2018-12-10,VIXCLS,-0.02572629345
2018-12-11,VIXCLS,-0.03964483135
2018-12-12,VIXCLS,-0.01388268479
2018-12-13,VIXCLS,-0.0384754178
2018-12-14,VIXCLS,0.04636592056
2018-12-17,VIXCLS,0.1254078711
2018-12-18,VIXCLS,0.04232168508
2018-12-19,VIXCLS,0
2018-12-20,VIXCLS,0.1038738756
2018-12-21,VIXCLS,0.05917267076
2018-12-24,VIXCLS,0.1806041524
2018-12-26,VIXCLS,-0.1706899932
2018-12-27,VIXCLS,-0.01490834304
2018-12-28,VIXCLS,-0.05558892439
2018-12-31,VIXCLS,-0.1087379685
2019-01-02,VIXCLS,-0.09052228949
2019-01-03,VIXCLS,0.09170176673
2019-01-04,VIXCLS,-0.1742598374
2019-01-07,VIXCLS,0.0009350164309
2019-01-08,VIXCLS,-0.04443052235
2019-01-09,VIXCLS,-0.02422862645
2019-01-10,VIXCLS,-0.02431730765
2019-01-11,VIXCLS,-0.06954247304
2019-01-14,VIXCLS,0.04724442708
2019-01-15,VIXCLS,-0.02495483889
2019-01-16,VIXCLS,0.02338044864
2019-01-17,VIXCLS,-0.05284248137
2019-01-18,VIXCLS,-0.01450109069
2019-01-22,VIXCLS,0.1557545294
2019-01-23,VIXCLS,-0.06351340572
2019-01-24,VIXCLS,-0.03280689947
2019-01-25,VIXCLS,-0.08101371009
2019-01-28,VIXCLS,0.07995438796
2019-01-29,VIXCLS,0.01368442407
2019-01-30,VIXCLS,-0.07995558828
2019-01-31,VIXCLS,-0.06370836374
2019-02-01,VIXCLS,-0.0262931686
2019-02-04,VIXCLS,-0.02573094577
2019-02-05,VIXCLS,-0.01022373122
2019-02-06,VIXCLS,-0.01227802177
2019-02-07,VIXCLS,0.06238242731
2019-02-08,VIXCLS,-0.04051660438
2019-02-11,VIXCLS,0.01577817523
2019-02-12,VIXCLS,-0.03439829585
2019-02-13,VIXCLS,0.01415725061
2019-02-14,VIXCLS,0.0357741317
2019-02-15,VIXCLS,-0.08421291991
2019-02-19,VIXCLS,-0.002014099372
2019-02-20,VIXCLS,-0.0595331478
2019-02-21,VIXCLS,0.03090133512
2019-02-22,VIXCLS,-0.06795606476
2019-02-25,VIXCLS,0.09456971328
2019-02-26,VIXCLS,0.02131992811
2019-02-27,VIXCLS,-0.03147229958
2019-02-28,VIXCLS,0.005427421735
2019-03-01,VIXCLS,-0.08541344167
2019-03-04,VIXCLS,0.07521274119
2019-03-05,VIXCLS,0.007490671729
2019-03-06,VIXCLS,0.06564035623
2019-03-07,VIXCLS,0.05259486121
2019-03-08,VIXCLS,-0.03309125463
2019-03-11,VIXCLS,-0.1133536077
2019-03-12,VIXCLS,-0.0398629291
2019-03-13,VIXCLS,-0.02649161545
2019-03-14,VIXCLS,0.006688988151
2019-03-15,VIXCLS,-0.04701396477
2019-03-18,VIXCLS,0.01693650953
2019-03-19,VIXCLS,0.03451205231
2019-03-20,VIXCLS,0.02548372342
2019-03-21,VIXCLS,-0.02033476023
2019-03-22,VIXCLS,0.1898742788
2019-03-25,VIXCLS,-0.009143617499
2019-03-26,VIXCLS,-0.1065178838
2019-03-27,VIXCLS,0.03151450877
2019-03-28,VIXCLS,-0.04869115917
2019-03-29,VIXCLS,-0.05118387921
2019-04-01,VIXCLS,-0.02287078662
2019-04-02,VIXCLS,-0.002989538848
2019-04-03,VIXCLS,0.02804611869
2019-04-04,VIXCLS,-0.01171316466
2019-04-05,VIXCLS,-0.05759167064
2019-04-08,VIXCLS,0.02769407758
2019-04-09,VIXCLS,0.08015942784
2019-04-10,VIXCLS,-0.07109592168
2019-04-11,VIXCLS,-0.02127739845
2019-04-12,VIXCLS,-0.08074700069
2019-04-15,VIXCLS,0.02548432201
2019-04-16,VIXCLS,-0.01142869582
2019-04-17,VIXCLS,0.03390155168
2019-04-18,VIXCLS,-0.04131814933
2019-04-22,VIXCLS,0.02692941188
2019-04-23,VIXCLS,-0.01133615379
2019-04-24,VIXCLS,0.06768909034
2019-04-25,VIXCLS,0.008336539376
2019-04-26,VIXCLS,-0.04003613986
2019-04-29,VIXCLS,0.02941388521
2019-04-30,VIXCLS,0.0007624857403
2019-05-01,VIXCLS,0.1204893973
2019-05-02,VIXCLS,-0.02601104891
2019-05-03,VIXCLS,-0.1137171102
2019-05-06,VIXCLS,0.182062523
2019-05-07,VIXCLS,0.2241792842
2019-05-08,VIXCLS,0.004132237285
2019-05-09,VIXCLS,-0.01558473102
2019-05-10,VIXCLS,-0.1746027326
2019-05-13,VIXCLS,0.2477753385
2019-05-14,VIXCLS,-0.129161393
2019-05-15,VIXCLS,-0.09398215836
2019-05-16,VIXCLS,-0.07251836969
2019-05-17,VIXCLS,0.04288657208
2019-05-20,VIXCLS,0.02169282461
2019-05-21,VIXCLS,-0.0870671168
2019-05-22,VIXCLS,-0.01346821705
2019-05-23,VIXCLS,0.1372532714
2019-05-24,VIXCLS,-0.06532685385
2019-05-28,VIXCLS,0.09903138061
2019-05-29,VIXCLS,0.02259983192
2019-05-30,VIXCLS,-0.03409421134
2019-05-31,VIXCLS,0.07835163878
2019-06-03,VIXCLS,0.007985136919
2019-06-04,VIXCLS,-0.105596198
2019-06-05,VIXCLS,-0.05324911824
2019-06-06,VIXCLS,-0.009993837082
2019-06-07,VIXCLS,0.02296098389
2019-06-10,VIXCLS,-0.02233343445
2019-06-11,VIXCLS,0.003131853484
2019-06-12,VIXCLS,-0.005015684496
2019-06-13,VIXCLS,-0.00567288001
2019-06-14,VIXCLS,-0.0347301786
2019-06-17,VIXCLS,0.004570690295
2019-06-18,VIXCLS,-0.01311494208
2019-06-19,VIXCLS,-0.05564529012
2019-06-20,VIXCLS,0.02888784095
2019-06-21,VIXCLS,0.04312442663
2019-06-24,VIXCLS,-0.009132483563
2019-06-25,VIXCLS,0.06470233472
2019-06-26,VIXCLS,-0.004309024827
2019-06-27,VIXCLS,-0.02435337341
2019-06-28,VIXCLS,-0.04790559976
2019-07-01,VIXCLS,-0.0700354762
2019-07-02,VIXCLS,-0.0837836936
2019-07-03,VIXCLS,-0.02823717018
2019-07-05,VIXCLS,0.05494612145
2019-07-08,VIXCLS,0.04993695329
2019-07-09,VIXCLS,0.009269228576
2019-07-10,VIXCLS,-0.07821093477
2019-07-11,VIXCLS,-0.007704198353
2019-07-12,VIXCLS,-0.04266049714
2019-07-15,VIXCLS,0.02313625337
2019-07-16,VIXCLS,0.0140957698
2019-07-17,VIXCLS,0.08279045446
2019-07-18,VIXCLS,-0.03200273109
2019-07-19,VIXCLS,0.06578497238
2019-07-22,VIXCLS,-0.06578497238
2019-07-23,VIXCLS,-0.07041929221
2019-07-24,VIXCLS,-0.04376711487
2019-07-25,VIXCLS,0.05402361503
2019-07-26,VIXCLS,-0.04659477361
2019-07-29,VIXCLS,0.05363430209
2019-07-30,VIXCLS,0.0829762267
2019-07-31,VIXCLS,0.1452983317
2019-08-01,VIXCLS,0.1030625921
2019-08-02,VIXCLS,-0.01465640666
2019-08-05,VIXCLS,0.3338729337
2019-08-06,VIXCLS,-0.1981435043
2019-08-07,VIXCLS,-0.03429483845
2019-08-08,VIXCLS,-0.1419963506
2019-08-09,VIXCLS,0.06079853788
2019-08-12,VIXCLS,0.1600952937
2019-08-13,VIXCLS,-0.185455909
2019-08-14,VIXCLS,0.232234523
2019-08-15,VIXCLS,-0.04252026835
2019-08-16,VIXCLS,-0.136909546
2019-08-19,VIXCLS,-0.09001830504
2019-08-20,VIXCLS,0.03607139176
2019-08-21,VIXCLS,-0.1021909409
2019-08-22,VIXCLS,0.0542004569
2019-08-23,VIXCLS,0.1750006596
2019-08-26,VIXCLS,-0.02807022778
2019-08-27,VIXCLS,0.04997254681
2019-08-28,VIXCLS,-0.04842095612
2019-08-29,VIXCLS,-0.07900964973
2019-08-30,VIXCLS,0.05970302344
2019-09-03,VIXCLS,0.03520032154
2019-09-04,VIXCLS,-0.126147011
2019-09-05,VIXCLS,-0.0631161825
2019-09-06,VIXCLS,-0.08127272013
2019-09-09,VIXCLS,0.01783991813
2019-09-10,VIXCLS,-0.004594691378
2019-09-11,VIXCLS,-0.03958920209
2019-09-12,VIXCLS,-0.02705680139
2019-09-13,VIXCLS,-0.03433813758
2019-09-16,VIXCLS,0.06549330536
2019-09-17,VIXCLS,-0.01580245869
2019-09-18,VIXCLS,-0.0345226252
2019-09-19,VIXCLS,0.007142887512
2019-09-20,VIXCLS,0.08653676853
2019-09-23,VIXCLS,-0.02712703554
2019-09-24,VIXCLS,0.134118075
2019-09-25,VIXCLS,-0.06606461171
2019-09-26,VIXCLS,0.006868587728
2019-09-27,VIXCLS,0.06911731925
2019-09-30,VIXCLS,-0.05859416427
2019-10-01,VIXCLS,0.1335313926
2019-10-02,VIXCLS,0.1023387132
2019-10-03,VIXCLS,-0.07261253296
2019-10-04,VIXCLS,-0.1151713862
2019-10-07,VIXCLS,0.04700005405
2019-10-08,VIXCLS,0.1270716033
2019-10-09,VIXCLS,-0.08432536947
2019-10-10,VIXCLS,-0.05911690706
2019-10-11,VIXCLS,-0.1202048618
2019-10-15,VIXCLS,-0.140339773
2019-10-16,VIXCLS,0.01028664471
2019-10-17,VIXCLS,0.008008779611
2019-10-18,VIXCLS,0.03281321491
2019-10-21,VIXCLS,-0.0176995771
2019-10-22,VIXCLS,0.03232888712
2019-10-23,VIXCLS,-0.03161485638
2019-10-24,VIXCLS,-0.02164586677
2019-10-25,VIXCLS,-0.0804682784
2019-10-28,VIXCLS,0.0357180826
2019-10-29,VIXCLS,0.006841531817
2019-10-30,VIXCLS,-0.06818151242
2019-10-31,VIXCLS,0.06969551725
2019-11-01,VIXCLS,-0.07213157205
2019-11-04,VIXCLS,0.04218691625
2019-11-05,VIXCLS,0.02082605158
2019-11-06,VIXCLS,-0.03732937309
2019-11-07,VIXCLS,0.008678555456
2019-11-08,VIXCLS,-0.05323837746
2019-11-12,VIXCLS,0.0493029139
2019-11-13,VIXCLS,0.02492340845
2019-11-14,VIXCLS,0.003838776307
2019-11-15,VIXCLS,-0.07972347383
2019-11-18,VIXCLS,0.03345885342
2019-11-19,VIXCLS,0.03159820545
2019-11-20,VIXCLS,-0.00624026986
2019-11-21,VIXCLS,0.02701823937
2019-11-22,VIXCLS,-0.06205366984
2019-11-25,VIXCLS,-0.03883180986
2019-11-26,VIXCLS,-0.02819494754
2019-11-27,VIXCLS,0.01803397951
2019-11-29,VIXCLS,0.07142961652
2019-12-02,VIXCLS,0.1667492717
2019-12-03,VIXCLS,0.06805346325
2019-12-04,VIXCLS,-0.07545841125
2019-12-05,VIXCLS,-0.01910017137
2019-12-06,VIXCLS,-0.06398770868
2019-12-09,VIXCLS,0.1522609155
2019-12-10,VIXCLS,-0.01141420128
2019-12-11,VIXCLS,-0.04500270281
2019-12-12,VIXCLS,-0.07262090678
2019-12-13,VIXCLS,-0.09868746897
2019-12-16,VIXCLS,-0.03956915073
2019-12-17,VIXCLS,0.01228013795
2019-12-18,VIXCLS,0.02332232769
2019-12-19,VIXCLS,-0.006379606964
2019-12-20,VIXCLS,0.0007996801706
2019-12-23,VIXCLS,0.007961825498
2019-12-24,VIXCLS,0.004746844356
2019-12-26,VIXCLS,-0.00157977916
2019-12-27,VIXCLS,0.05983379536
2019-12-30,VIXCLS,0.09848660933
2019-12-31,VIXCLS,-0.07275935428
2020-01-02,VIXCLS,-0.09989250589
2020-01-03,VIXCLS,0.1171591219
2020-01-06,VIXCLS,-0.01219964897
2020-01-07,VIXCLS,-0.004341540828
2020-01-08,VIXCLS,-0.02496458576
2020-01-09,VIXCLS,-0.07005557084
2020-01-10,VIXCLS,0.001593625835
2020-01-13,VIXCLS,-0.01929320293
2020-01-14,VIXCLS,0.005665737536
2020-01-15,VIXCLS,0.002418380864
2020-01-16,VIXCLS,-0.0080841184
2020-01-17,VIXCLS,-0.0180185055
2020-01-21,VIXCLS,0.06013835874
2020-01-22,VIXCLS,0.004658393517
2020-01-23,VIXCLS,0.005407506417
2020-01-24,VIXCLS,0.1148683315
2020-01-27,VIXCLS,0.2247905459
2020-01-28,VIXCLS,-0.1131312281
2020-01-29,VIXCLS,0.006734032181
2020-01-30,VIXCLS,-0.05647673833
2020-01-31,VIXCLS,0.1957876147
2020-02-03,VIXCLS,-0.04727856835
2020-02-04,VIXCLS,-0.1129948512
2020-02-05,VIXCLS,-0.05770831762
2020-02-06,VIXCLS,-0.01262055941
2020-02-07,VIXCLS,0.03352269204
2020-02-10,VIXCLS,-0.02818934606
2020-02-11,VIXCLS,0.009265453446
2020-02-12,VIXCLS,-0.09966748517
2020-02-13,VIXCLS,0.0294033373
2020-02-14,VIXCLS,-0.03377971189
2020-02-18,VIXCLS,0.08071724396
2020-02-19,VIXCLS,-0.03081380386
2020-02-20,VIXCLS,0.07886516646
2020-02-21,VIXCLS,0.09320466961
2020-02-24,VIXCLS,0.3821669171
2020-02-25,VIXCLS,0.1067578609
2020-02-26,VIXCLS,-0.01046752023
2020-02-27,VIXCLS,0.3512903715
2020-02-28,VIXCLS,0.02396986212
2020-03-02,VIXCLS,-0.1824711566
2020-03-03,VIXCLS,0.09688665264
2020-03-04,VIXCLS,-0.1406178218
2020-03-05,VIXCLS,0.2139106873
2020-03-06,VIXCLS,0.0569059842
2020-03-09,VIXCLS,0.2612264618
2020-03-10,VIXCLS,-0.1409561917
2020-03-11,VIXCLS,0.1306201824
2020-03-12,VIXCLS,0.3366047484
2020-03-13,VIXCLS,-0.2662275541
2020-03-16,VIXCLS,0.3575910036
2020-03-17,VIXCLS,-0.08555024771
2020-03-18,VIXCLS,0.007088504346
2020-03-19,VIXCLS,-0.05997081336
2020-03-20,VIXCLS,-0.08640549996
2020-03-23,VIXCLS,-0.06976109935
2020-03-24,VIXCLS,0.001298069304
2020-03-25,VIXCLS,0.03630393902
2020-03-26,VIXCLS,-0.04722766385
2020-03-27,VIXCLS,0.0717867791
2020-03-30,VIXCLS,-0.1382068507
2020-03-31,VIXCLS,-0.06402475452
2020-04-01,VIXCLS,0.06367430769
2020-04-02,VIXCLS,-0.1140439779
2020-04-03,VIXCLS,-0.08417616499
2020-04-06,VIXCLS,-0.03390155168
2020-04-07,VIXCLS,0.03176251343
2020-04-08,VIXCLS,-0.07443746145
2020-04-09,VIXCLS,-0.03952525779
2020-04-13,VIXCLS,-0.01207160965
2020-04-14,VIXCLS,-0.0864594945
2020-04-15,VIXCLS,0.07841165202
2020-04-16,VIXCLS,-0.01803631351
2020-04-17,VIXCLS,-0.05009992205
2020-04-20,VIXCLS,0.1387927567
2020-04-21,VIXCLS,0.03541383068
2020-04-22,VIXCLS,-0.07853903072
2020-04-23,VIXCLS,-0.01439564208
2020-04-24,VIXCLS,-0.1412250712
2020-04-27,VIXCLS,-0.07631554954
2020-04-28,VIXCLS,0.008375759405
2020-04-29,VIXCLS,-0.0722536397
2020-04-30,VIXCLS,0.08938341472
2020-05-01,VIXCLS,0.08527732192
2020-05-04,VIXCLS,-0.03335465023
2020-05-05,VIXCLS,-0.06786161597
2020-05-06,VIXCLS,0.01506008089
2020-05-07,VIXCLS,-0.08180275506
2020-05-08,VIXCLS,-0.1165909983
2020-05-11,VIXCLS,-0.0147617442
2020-05-12,VIXCLS,0.1809907236
2020-05-13,VIXCLS,0.06559728249
2020-05-14,VIXCLS,-0.07869724134
2020-05-15,VIXCLS,-0.02232650878
2020-05-18,VIXCLS,-0.084704965
2020-05-19,VIXCLS,0.04112229072
2020-05-20,VIXCLS,-0.08686250322
2020-05-21,VIXCLS,0.05355939223
2020-05-22,VIXCLS,-0.04750416447
2020-05-26,VIXCLS,-0.005340942018
2020-05-27,VIXCLS,-0.01402144129
2020-05-28,VIXCLS,0.03451685835
2020-05-29,VIXCLS,-0.0385074314
2020-06-01,VIXCLS,0.02583566733
2020-06-02,VIXCLS,-0.05049193016
2020-06-03,VIXCLS,-0.04495995292
2020-06-04,VIXCLS,0.005828654543
2020-06-05,VIXCLS,-0.05127290266
2020-06-08,VIXCLS,0.05127290266
2020-06-09,VIXCLS,0.06596621131
2020-06-10,VIXCLS,0
2020-06-11,VIXCLS,0.3917087283
2020-06-12,VIXCLS,-0.1224211347
2020-06-15,VIXCLS,-0.04795925428
2020-06-16,VIXCLS,-0.02144933121
2020-06-17,VIXCLS,-0.00595771795
2020-06-18,VIXCLS,-0.01596179047
2020-06-19,VIXCLS,0.06408304402
2020-06-22,VIXCLS,-0.1002483205
2020-06-23,VIXCLS,-0.01267042608
2020-06-24,VIXCLS,0.07579151254
2020-06-25,VIXCLS,-0.04905615699
2020-06-26,VIXCLS,0.07501648901
2020-06-29,VIXCLS,-0.08876670565
2020-06-30,VIXCLS,-0.0434081972
2020-07-01,VIXCLS,-0.06132318978
2020-07-02,VIXCLS,-0.03339564338
2020-07-06,VIXCLS,0.009349223079
2020-07-07,VIXCLS,0.05195520842
2020-07-08,VIXCLS,-0.04695698309
2020-07-09,VIXCLS,0.04116381643
2020-07-10,VIXCLS,-0.06970106087
2020-07-13,VIXCLS,0.1651355106
2020-07-14,VIXCLS,-0.08658784558
2020-07-15,VIXCLS,-0.06147186409
2020-07-16,VIXCLS,0.008608374537
2020-07-17,VIXCLS,-0.08649203135
2020-07-20,VIXCLS,-0.04867334856
2020-07-21,VIXCLS,0.01541612681
2020-07-22,VIXCLS,-0.02115619997
2020-07-23,VIXCLS,0.06986967996
2020-07-24,VIXCLS,-0.009245058144
2020-07-27,VIXCLS,-0.04350231195
2020-07-28,VIXCLS,0.02790137151
2020-07-29,VIXCLS,-0.05411089798
2020-07-30,VIXCLS,0.02701760732
2020-07-31,VIXCLS,-0.01219031756
2020-08-03,VIXCLS,-0.007386164068
2020-08-04,VIXCLS,-0.0216494717
2020-08-05,VIXCLS,-0.03294415572
2020-08-06,VIXCLS,-0.01489948685
2020-08-07,VIXCLS,-0.01961721402
2020-08-10,VIXCLS,-0.003608483843
2020-08-11,VIXCLS,0.08236889569
2020-08-12,VIXCLS,-0.07561363469
2020-08-13,VIXCLS,-0.006755260996
2020-08-14,VIXCLS,-0.00362155217
2020-08-17,VIXCLS,-0.03226086222
2020-08-18,VIXCLS,0.007466203605
2020-08-19,VIXCLS,0.04677356533
2020-08-20,VIXCLS,0.007954085241
2020-08-21,VIXCLS,-0.007954085241
2020-08-24,VIXCLS,-0.00757073311
2020-08-25,VIXCLS,-0.01531561469
2020-08-26,VIXCLS,0.0547598165
2020-08-27,VIXCLS,0.05028290014
2020-08-28,VIXCLS,-0.063694306
2020-08-31,VIXCLS,0.1399891549
2020-09-01,VIXCLS,-0.0110414219
2020-09-02,VIXCLS,0.01708145536
2020-09-03,VIXCLS,0.2347433072
2020-09-04,VIXCLS,-0.08863607272
2020-09-08,VIXCLS,0.02282690338
2020-09-09,VIXCLS,-0.08799434853
2020-09-10,VIXCLS,0.03076114038
2020-09-11,VIXCLS,-0.1004732668
2020-09-14,VIXCLS,-0.03869982167
2020-09-15,VIXCLS,-0.01010895078
2020-09-16,VIXCLS,0.01743216717
2020-09-17,VIXCLS,0.01600034135
2020-09-18,VIXCLS,-0.02409755158
2020-09-21,VIXCLS,0.07277973022
2020-09-22,VIXCLS,-0.03367814623
2020-09-23,VIXCLS,0.06206898141
2020-09-24,VIXCLS,-0.002452269577
2020-09-25,VIXCLS,-0.07764875564
2020-09-28,VIXCLS,-0.00722848877
2020-09-29,VIXCLS,0.003049945178
2020-09-30,VIXCLS,0.003799396668
2020-10-01,VIXCLS,0.01243656504
2020-10-02,VIXCLS,0.03423857353
2020-10-05,VIXCLS,0.01187277843
2020-10-06,VIXCLS,0.05293714996
2020-10-07,VIXCLS,-0.04936699265
2020-10-08,VIXCLS,-0.06249736504
2020-10-09,VIXCLS,-0.05297188477
2020-10-13,VIXCLS,0.04190940308
2020-10-14,VIXCLS,0.01257878221
2020-10-15,VIXCLS,0.021361127
2020-10-16,VIXCLS,0.01618277316
2020-10-19,VIXCLS,0.06257563278
2020-10-20,VIXCLS,0.005809003179
2020-10-21,VIXCLS,-0.02413910311
2020-10-22,VIXCLS,-0.01902805824
2020-10-23,VIXCLS,-0.02012284932
2020-10-26,VIXCLS,0.1640060265
2020-10-27,VIXCLS,0.02704921028
2020-10-28,VIXCLS,0.1887972955
2020-10-29,VIXCLS,-0.06911701027
2020-10-30,VIXCLS,0.01137427948
2020-11-02,VIXCLS,-0.02368706887
2020-11-03,VIXCLS,-0.04348511194
2020-11-04,VIXCLS,-0.1841798224
2020-11-05,VIXCLS,-0.0696694615
2020-11-06,VIXCLS,-0.1038307863
2020-11-09,VIXCLS,0.03517454103
2020-11-10,VIXCLS,-0.03759097394
2020-11-12,VIXCLS,0.02193507687
2020-11-13,VIXCLS,-0.09294611251
2020-11-16,VIXCLS,-0.02854200334
2020-11-17,VIXCLS,0.01151474193
2020-11-18,VIXCLS,0.04855948608
2020-11-19,VIXCLS,-0.03109941791
2020-11-20,VIXCLS,0.02520962385
2020-11-23,VIXCLS,-0.04487379254
2020-11-24,VIXCLS,-0.04605780162
2020-11-25,VIXCLS,-0.01818655861
2020-11-27,VIXCLS,-0.01948267849
2020-11-30,VIXCLS,-0.01304051322
2020-12-01,VIXCLS,0.009675934223
2020-12-02,VIXCLS,0.01907544726
2020-12-03,VIXCLS,0.005182579327
2020-12-04,VIXCLS,-0.0232955626
2020-12-07,VIXCLS,0.02423497085
2020-12-08,VIXCLS,-0.02954002308
2020-12-09,VIXCLS,0.07407343163
2020-12-10,VIXCLS,0.011163322
2020-12-11,VIXCLS,0.03447864978
2020-12-14,VIXCLS,0.05873017954
2020-12-15,VIXCLS,-0.07691249863
2020-12-16,VIXCLS,-0.01718482475
2020-12-17,VIXCLS,-0.02565974678
2020-12-18,VIXCLS,-0.01655210203
2020-12-21,VIXCLS,0.1539519714
2020-12-22,VIXCLS,-0.037663897
2020-12-23,VIXCLS,-0.03870908178
2020-12-24,VIXCLS,-0.07943514167
2020-12-28,VIXCLS,0.00786494917
2020-12-29,VIXCLS,0.06165418109
2020-12-30,VIXCLS,-0.01352256156
2020-12-31,VIXCLS,-0.0008787346787
2021-01-04,VIXCLS,0.1701599918
2021-01-05,VIXCLS,-0.06234096226
2021-01-06,VIXCLS,-0.01071226272
2021-01-07,VIXCLS,-0.1139511367
2021-01-08,VIXCLS,-0.03688102946
2021-01-11,VIXCLS,0.1105418744
2021-01-12,VIXCLS,-0.03164153441
2021-01-13,VIXCLS,-0.04919744813
2021-01-14,VIXCLS,0.04576249413
2021-01-15,VIXCLS,0.04581595553
2021-01-19,VIXCLS,-0.04624615558
2021-01-20,VIXCLS,-0.07410797215
2021-01-21,VIXCLS,-0.01212136053
2021-01-22,VIXCLS,0.02729755431
2021-01-25,VIXCLS,0.05677799766
2021-01-26,VIXCLS,-0.007357747974
2021-01-27,VIXCLS,0.4802141391
2021-01-28,VIXCLS,-0.208404547
2021-01-29,VIXCLS,0.09105812653
2021-02-01,VIXCLS,-0.09006557062
2021-02-02,VIXCLS,-0.1681369218
2021-02-03,VIXCLS,-0.109455133
2021-02-04,VIXCLS,-0.05104062122
2021-02-05,VIXCLS,-0.04222015416
2021-02-08,VIXCLS,0.01757347528
2021-02-09,VIXCLS,0.01819504359
2021-02-10,VIXCLS,0.0165065646
2021-02-11,VIXCLS,-0.0342309092
2021-02-12,VIXCLS,-0.06212574794
2021-02-16,VIXCLS,0.07195958977
2021-02-17,VIXCLS,0.001862197931
2021-02-18,VIXCLS,0.04501783084
2021-02-19,VIXCLS,-0.01975816408
2021-02-22,VIXCLS,0.061557893
2021-02-23,VIXCLS,-0.01460507061
2021-02-24,VIXCLS,-0.07968217841
2021-02-25,VIXCLS,0.3029122686
2021-02-26,VIXCLS,-0.03307831488
2021-03-01,VIXCLS,-0.1798202155
2021-03-02,VIXCLS,0.03161485638
2021-03-03,VIXCLS,0.1013274977
2021-03-04,VIXCLS,0.06881787805
2021-03-05,VIXCLS,-0.1471747185
2021-03-08,VIXCLS,0.03231879126
2021-03-09,VIXCLS,-0.05819823924
2021-03-10,VIXCLS,-0.06312462312
2021-03-11,VIXCLS,-0.02923527302
2021-03-12,VIXCLS,-0.05729266185
2021-03-15,VIXCLS,-0.03241934208
2021-03-16,VIXCLS,-0.01205439006
2021-03-17,VIXCLS,-0.02870520001
2021-03-18,VIXCLS,0.1152954002
2021-03-19,VIXCLS,-0.02962831346
2021-03-22,VIXCLS,-0.1040354857
2021-03-23,VIXCLS,0.07251772533
2021-03-24,VIXCLS,0.04338029563
2021-03-25,VIXCLS,-0.06781432097
2021-03-26,VIXCLS,-0.04914358351
2021-03-29,VIXCLS,0.0950209256
2021-03-30,VIXCLS,-0.05602456259
2021-03-31,VIXCLS,-0.01076657414
2021-04-01,VIXCLS,-0.1128339623
2021-04-05,VIXCLS,0.03292011235
2021-04-06,VIXCLS,0.01165708454
2021-04-07,VIXCLS,-0.05443520656
2021-04-08,VIXCLS,-0.01231326023
2021-04-09,VIXCLS,-0.01545809615
2021-04-12,VIXCLS,0.01309542524
2021-04-13,VIXCLS,-0.01549494648
2021-04-14,VIXCLS,0.02021471926
2021-04-15,VIXCLS,-0.02503110425
2021-04-16,VIXCLS,-0.01950092266
2021-04-19,VIXCLS,0.06203539092
2021-04-20,VIXCLS,0.07732513311
2021-04-21,VIXCLS,-0.06525255187
2021-04-22,VIXCLS,0.06685725936
2021-04-23,VIXCLS,-0.07661903656
2021-04-26,VIXCLS,0.01772994685
2021-04-27,VIXCLS,-0.004545462372
2021-04-28,VIXCLS,-0.01607382483
2021-04-29,VIXCLS,0.01891715913
2021-04-30,VIXCLS,0.05523214815
2021-05-03,VIXCLS,-0.01625171197
2021-05-04,VIXCLS,0.06194093953
2021-05-05,VIXCLS,-0.01708558259
2021-05-06,VIXCLS,-0.04049567701
2021-05-07,VIXCLS,-0.09699730094
2021-05-10,VIXCLS,0.163776377
2021-05-11,VIXCLS,0.1051570362
2021-05-12,VIXCLS,0.2337102374
2021-05-13,VIXCLS,-0.176322912
2021-05-14,VIXCLS,-0.2067418329
2021-05-17,VIXCLS,0.04724470586
2021-05-18,VIXCLS,0.0789498967
2021-05-19,VIXCLS,0.03860773605
2021-05-20,VIXCLS,-0.07050760823
2021-05-21,VIXCLS,-0.0254790853
2021-05-24,VIXCLS,-0.09085362378
2021-05-25,VIXCLS,0.02363160453
2021-05-26,VIXCLS,-0.08181355992
2021-05-27,VIXCLS,-0.03636764417
2021-05-28,VIXCLS,0.001194029993
2021-06-01,VIXCLS,0.06580561779
2021-06-02,VIXCLS,-0.02374334262
2021-06-03,VIXCLS,0.03153414441
2021-06-04,VIXCLS,-0.09409141061
2021-06-07,VIXCLS,0
2021-06-08,VIXCLS,0.03882243278
2021-06-09,VIXCLS,0.04691936071
2021-06-10,VIXCLS,-0.1054226255
2021-06-11,VIXCLS,-0.028348355
2021-06-14,VIXCLS,0.04620047577
2021-06-15,VIXCLS,0.03771773039
2021-06-16,VIXCLS,0.06428143757
2021-06-17,VIXCLS,-0.02228504479
2021-06-18,VIXCLS,0.1537481843
2021-06-21,VIXCLS,-0.1458918028
2021-06-22,VIXCLS,-0.07123126078
2021-06-23,VIXCLS,-0.0206192872
2021-06-24,VIXCLS,-0.02167938731
2021-06-25,VIXCLS,-0.02215981782
2021-06-28,VIXCLS,0.008922940018
2021-06-29,VIXCLS,0.01636285721
2021-06-30,VIXCLS,-0.01193106775
2021-07-01,VIXCLS,-0.02235800573
2021-07-02,VIXCLS,-0.02684285552
2021-07-06,VIXCLS,0.08701137699
2021-07-07,VIXCLS,-0.01470614739
2021-07-08,VIXCLS,0.1594277369
2021-07-09,VIXCLS,-0.1606630675
2021-07-12,VIXCLS,-0.0006182380413
2021-07-13,VIXCLS,0.05708969712
2021-07-14,VIXCLS,-0.04724346373
2021-07-15,VIXCLS,0.04079749943
2021-07-16,VIXCLS,0.08126296408
2021-07-19,VIXCLS,0.1984509387
2021-07-20,VIXCLS,-0.1313749892
2021-07-21,VIXCLS,-0.09678110396
2021-07-22,VIXCLS,-0.0123597079
2021-07-23,VIXCLS,-0.02809012435
2021-07-26,VIXCLS,0.02185250844
2021-07-27,VIXCLS,0.09644718959
2021-07-28,VIXCLS,-0.05576172316
2021-07-29,VIXCLS,-0.03388271911
2021-07-30,VIXCLS,0.03005234507
2021-08-02,VIXCLS,0.06474409211
2021-08-03,VIXCLS,-0.07576956212
2021-08-04,VIXCLS,-0.003887813839
2021-08-05,VIXCLS,-0.03915393742
2021-08-06,VIXCLS,-0.06762971371
2021-08-09,VIXCLS,0.03468555799
2021-08-10,VIXCLS,0.004177863433
2021-08-11,VIXCLS,-0.04445176257
2021-08-12,VIXCLS,-0.02970202545
2021-08-13,VIXCLS,-0.009020679726
2021-08-16,VIXCLS,0.04245173373
2021-08-17,VIXCLS,0.105298479
2021-08-18,VIXCLS,0.1859442443
2021-08-19,VIXCLS,0.004625355147
2021-08-20,VIXCLS,-0.1549200882
2021-08-23,VIXCLS,-0.07901055375
2021-08-24,VIXCLS,0.004073325388
2021-08-25,VIXCLS,-0.02528802791
2021-08-26,VIXCLS,0.1151987981
2021-08-27,VIXCLS,-0.1393108764
2021-08-30,VIXCLS,-0.01227762507
2021-08-31,VIXCLS,0.01775375679
2021-09-01,VIXCLS,-0.02270732729
2021-09-02,VIXCLS,0.01845070791
2021-09-03,VIXCLS,0
2021-09-07,VIXCLS,0.1002285396
2021-09-08,VIXCLS,-0.009972381813
2021-09-09,VIXCLS,0.04570980696
2021-09-10,VIXCLS,0.1082817765
2021-09-13,VIXCLS,-0.07841316895
2021-09-14,VIXCLS,0.004635599339
2021-09-15,VIXCLS,-0.06803898801
2021-09-16,VIXCLS,0.02766653272
2021-09-17,VIXCLS,0.1074450189
2021-09-20,VIXCLS,0.2114463809
2021-09-21,VIXCLS,-0.05393757844
2021-09-22,VIXCLS,-0.1546297218
2021-09-23,VIXCLS,-0.1135395365
2021-09-24,VIXCLS,-0.04838766869
2021-09-27,VIXCLS,0.05534142766
2021-09-28,VIXCLS,0.2145781885
2021-09-29,VIXCLS,-0.0301267054
2021-09-30,VIXCLS,0.02538429514
2021-10-01,VIXCLS,-0.08992281627
2021-10-04,VIXCLS,0.08211366596
2021-10-05,VIXCLS,-0.07504649874
2021-10-06,VIXCLS,-0.01418463499
2021-10-07,VIXCLS,-0.07205879111
2021-10-08,VIXCLS,-0.04020379602
2021-10-12,VIXCLS,0.05594415653
2021-10-13,VIXCLS,-0.06289419788
2021-10-14,VIXCLS,-0.1003658567
2021-10-15,VIXCLS,-0.03377884476
2021-10-18,VIXCLS,0.0006133088202
2021-10-19,VIXCLS,-0.03811770428
2021-10-20,VIXCLS,-0.01346605793
2021-10-21,VIXCLS,-0.03147800878
2021-10-22,VIXCLS,0.02759702073
2021-10-25,VIXCLS,-0.01239011612
2021-10-26,VIXCLS,0.04741439008
2021-10-27,VIXCLS,0.06069824055
2021-10-28,VIXCLS,-0.02685926905
2021-10-29,VIXCLS,-0.01646880771
2021-11-01,VIXCLS,0.009182800982
2021-11-02,VIXCLS,-0.02342893848
2021-11-03,VIXCLS,-0.0597672228
2021-11-04,VIXCLS,0.02226680078
2021-11-05,VIXCLS,0.06518597988
2021-11-08,VIXCLS,0.04392397452
2021-11-09,VIXCLS,0.03200273109
2021-11-10,VIXCLS,0.05205228637
2021-11-12,VIXCLS,-0.1395750938
2021-11-15,VIXCLS,0.01220271396
2021-11-16,VIXCLS,-0.007303745188
2021-11-17,VIXCLS,0.04421269652
2021-11-18,VIXCLS,0.02766747085
2021-11-19,VIXCLS,0.01802865732
2021-11-22,VIXCLS,0.06798734098
2021-11-23,VIXCLS,0.01089504941
2021-11-24,VIXCLS,-0.04215587308
2021-11-26,VIXCLS,0.4320200407
2021-11-29,VIXCLS,-0.2203522027
2021-11-30,VIXCLS,0.1690956872
2021-12-01,VIXCLS,0.1350014407
2021-12-02,VIXCLS,-0.1074334997
2021-12-03,VIXCLS,0.09286777853
2021-12-06,VIXCLS,-0.1208035694
2021-12-07,VIXCLS,-0.2164514972
2021-12-08,VIXCLS,-0.0953101798
2021-12-09,VIXCLS,0.0810472281
2021-12-10,VIXCLS,-0.1437783384
2021-12-13,VIXCLS,0.08312475412
2021-12-14,VIXCLS,0.07491653594
2021-12-15,VIXCLS,-0.1264430846
2021-12-16,VIXCLS,0.06424687675
2021-12-17,VIXCLS,0.04746975674
2021-12-20,VIXCLS,0.05852254763
2021-12-21,VIXCLS,-0.08482749318
2021-12-22,VIXCLS,-0.1202253302
2021-12-23,VIXCLS,-0.03662612174
2021-12-27,VIXCLS,-0.01571300566
2021-12-28,VIXCLS,-0.007950070265
2021-12-29,VIXCLS,-0.03421615312
2021-12-30,VIXCLS,0.0221712699
2021-12-31,VIXCLS,-0.006367604728
2022-01-03,VIXCLS,-0.03666880364
2022-01-04,VIXCLS,0.01850246755
2022-01-05,VIXCLS,0.1542351571
2022-01-06,VIXCLS,-0.006100679826
2022-01-07,VIXCLS,-0.04431269663
2022-01-10,VIXCLS,0.03354612249
2022-01-11,VIXCLS,-0.05237907082
2022-01-12,VIXCLS,-0.04385937474
2022-01-13,VIXCLS,0.1420787551
2022-01-14,VIXCLS,-0.05672406557
2022-01-18,VIXCLS,0.1719325332
2022-01-19,VIXCLS,0.04546237408
2022-01-20,VIXCLS,0.07041743284
2022-01-21,VIXCLS,0.1199083428
2022-01-24,VIXCLS,0.03574848744
2022-01-25,VIXCLS,0.04127674061
2022-01-26,VIXCLS,0.0253498999
2022-01-27,VIXCLS,-0.0470863599
2022-01-28,VIXCLS,-0.09741143476
2022-01-31,VIXCLS,-0.1079347267
2022-02-01,VIXCLS,-0.1228299829
2022-02-02,VIXCLS,0.005902400791
2022-02-03,VIXCLS,0.0974068321
2022-02-04,VIXCLS,-0.04751787326
2022-02-07,VIXCLS,-0.0156253179
2022-02-08,VIXCLS,-0.06413032216
2022-02-09,VIXCLS,-0.07152806532
2022-02-10,VIXCLS,0.1805665106
2022-02-11,VIXCLS,0.1347853113
2022-02-14,VIXCLS,0.03483922109
2022-02-15,VIXCLS,-0.09743032194
2022-02-16,VIXCLS,-0.05642624889
2022-02-17,VIXCLS,0.1460606419
2022-02-18,VIXCLS,-0.01288954473
2022-02-22,VIXCLS,0.0374867089
2022-02-23,VIXCLS,0.07390960865
2022-02-24,VIXCLS,-0.02282459697
2022-02-25,VIXCLS,-0.09435417254
2022-02-28,VIXCLS,0.08873153494
2022-03-01,VIXCLS,0.09997289413
2022-03-02,VIXCLS,-0.08059307919
2022-03-03,VIXCLS,-0.008494007292
2022-03-04,VIXCLS,0.04803997659
2022-03-07,VIXCLS,0.130830751
2022-03-08,VIXCLS,-0.03688599218
2022-03-09,VIXCLS,-0.07935502313
2022-03-10,VIXCLS,-0.07086563436
2022-03-11,VIXCLS,0.01705518546
2022-03-14,VIXCLS,0.03263245403
2022-03-15,VIXCLS,-0.06300784975
2022-03-16,VIXCLS,-0.1119752603
2022-03-17,VIXCLS,-0.03821634331
2022-03-18,VIXCLS,-0.07270055453
2022-03-21,VIXCLS,-0.01434623761
2022-03-22,VIXCLS,-0.02539409104
2022-03-23,VIXCLS,0.02709260525
2022-03-24,VIXCLS,-0.0840459014
2022-03-25,VIXCLS,-0.04049517514
2022-03-28,VIXCLS,-0.05837463212
2022-03-29,VIXCLS,-0.03789708622
2022-03-30,VIXCLS,0.02249637115
2022-03-31,VIXCLS,0.06168914737
2022-04-01,VIXCLS,-0.0462884323
2022-04-04,VIXCLS,-0.05551163292
2022-04-05,VIXCLS,0.1244026143
2022-04-06,VIXCLS,0.04962761881
2022-04-07,VIXCLS,-0.02520179197
2022-04-08,VIXCLS,-0.01826320956
2022-04-11,VIXCLS,0.1412402606
2022-04-12,VIXCLS,-0.004523964121
2022-04-13,VIXCLS,-0.1060019231
2022-04-14,VIXCLS,0.03953794408
2022-04-18,VIXCLS,-0.02362490086
2022-04-19,VIXCLS,-0.0367519543
2022-04-20,VIXCLS,-0.05038244662
2022-04-21,VIXCLS,0.1098778561
2022-04-22,VIXCLS,0.2181930462
2022-04-25,VIXCLS,-0.04309919248
2022-04-26,VIXCLS,0.2155649431
2022-04-27,VIXCLS,-0.05898515502
2022-04-28,VIXCLS,-0.05229312783
2022-04-29,VIXCLS,0.1076919072
2022-05-02,VIXCLS,-0.03225104583
2022-05-03,VIXCLS,-0.1004252805
2022-05-04,VIXCLS,-0.1403433079
2022-05-05,VIXCLS,0.2048818291
2022-05-06,VIXCLS,-0.0329073511
2022-05-09,VIXCLS,0.1406688283
2022-05-10,VIXCLS,-0.05197508677
2022-05-11,VIXCLS,-0.01311994411
2022-05-12,VIXCLS,-0.02456209285
2022-05-13,VIXCLS,-0.09571945461
2022-05-16,VIXCLS,-0.04970849357
2022-05-17,VIXCLS,-0.05115918578
2022-05-18,VIXCLS,0.1707607344
2022-05-19,VIXCLS,-0.05340350245
2022-05-20,VIXCLS,0.002722015971
2022-05-23,VIXCLS,-0.0328124757
2022-05-24,VIXCLS,0.03349182355
2022-05-25,VIXCLS,-0.03736166128
2022-05-26,VIXCLS,-0.03114624415
2022-05-27,VIXCLS,-0.0669171053
2022-05-31,VIXCLS,0.01810875915
2022-06-01,VIXCLS,-0.0192758474
2022-06-02,VIXCLS,-0.03848917853
2022-06-03,VIXCLS,0.002827713458
2022-06-06,VIXCLS,0.01123156612
2022-06-07,VIXCLS,-0.04278509552
2022-06-08,VIXCLS,-0.002501043405
2022-06-09,VIXCLS,0.0851663259
2022-06-10,VIXCLS,0.06168374104
2022-06-13,VIXCLS,0.2037127468
2022-06-14,VIXCLS,-0.03987936623
2022-06-15,VIXCLS,-0.0986194119
2022-06-16,VIXCLS,0.1065414521
2022-06-17,VIXCLS,-0.05681927649
2022-06-21,VIXCLS,-0.03066124073
2022-06-22,VIXCLS,-0.0419405397
2022-06-23,VIXCLS,0.003448279279
2022-06-24,VIXCLS,-0.06469917661
2022-06-27,VIXCLS,-0.01033600933
2022-06-28,VIXCLS,0.05099640431
2022-06-29,VIXCLS,-0.007077170374
2022-06-30,VIXCLS,0.01934296284
2022-07-01,VIXCLS,-0.07258192873
2022-07-05,VIXCLS,0.03097592789
2022-07-06,VIXCLS,-0.02985296315
2022-07-07,VIXCLS,-0.02461779309
2022-07-08,VIXCLS,-0.05679759839
2022-07-11,VIXCLS,0.06024257788
2022-07-12,VIXCLS,0.04190661818
2022-07-13,VIXCLS,-0.01737245687
2022-07-14,VIXCLS,-0.0157838677
2022-07-15,VIXCLS,-0.08577247532
2022-07-18,VIXCLS,0.04321286091
2022-07-19,VIXCLS,-0.03213127818
2022-07-20,VIXCLS,-0.02563182903
2022-07-21,VIXCLS,-0.03277586424
2022-07-22,VIXCLS,-0.003467710454
2022-07-25,VIXCLS,0.01422744413
2022-07-26,VIXCLS,0.0553731454
2022-07-27,VIXCLS,-0.06052337137
2022-07-28,VIXCLS,-0.03994386613
2022-07-29,VIXCLS,-0.04581653337
2022-08-01,VIXCLS,0.0683988523
2022-08-02,VIXCLS,0.04661951713
2022-08-03,VIXCLS,-0.0863657624
2022-08-04,VIXCLS,-0.02350880332
2022-08-05,VIXCLS,-0.01361843071
2022-08-08,VIXCLS,0.006597573413
2022-08-09,VIXCLS,0.02229539634
2022-08-10,VIXCLS,-0.09788584124
2022-08-11,VIXCLS,0.0230355704
2022-08-12,VIXCLS,-0.03373085952
2022-08-15,VIXCLS,0.02127739845
2022-08-16,VIXCLS,-0.01311825068
2022-08-17,VIXCLS,0.01060883908
2022-08-18,VIXCLS,-0.01723306712
2022-08-19,VIXCLS,0.05180441119
2022-08-22,VIXCLS,0.1443945049
2022-08-23,VIXCLS,0.01294111152
2022-08-24,VIXCLS,-0.05498934776
2022-08-25,VIXCLS,-0.04664522693
2022-08-26,VIXCLS,0.160036512
2022-08-29,VIXCLS,0.02511238783
2022-08-30,VIXCLS,0
2022-08-31,VIXCLS,-0.01305702114
2022-09-01,VIXCLS,-0.01205536669
2022-09-02,VIXCLS,-0.003527340518
2022-09-06,VIXCLS,0.05499667575
2022-09-07,VIXCLS,-0.08812682607
2022-09-08,VIXCLS,-0.04270078757
2022-09-09,VIXCLS,-0.03534850784
2022-09-12,VIXCLS,0.04630059709
2022-09-13,VIXCLS,0.1331647565
2022-09-14,VIXCLS,-0.04155567027
2022-09-15,VIXCLS,0.004196077108
2022-09-16,VIXCLS,0.001141335486
2022-09-19,VIXCLS,-0.02074603795
2022-09-20,VIXCLS,0.05292240145
2022-09-21,VIXCLS,0.03010200084
2022-09-22,VIXCLS,-0.02313077466
2022-09-23,VIXCLS,0.08981062424
2022-09-26,VIXCLS,0.07530091959
2022-09-27,VIXCLS,0.01048421568
2022-09-28,VIXCLS,-0.07713283503
2022-09-29,VIXCLS,0.05354390764
2022-09-30,VIXCLS,-0.006933529195
2022-10-03,VIXCLS,-0.04926466003
2022-10-04,VIXCLS,-0.03481845718
2022-10-05,VIXCLS,-0.01804977847
2022-10-06,VIXCLS,0.06672527031
2022-10-07,VIXCLS,0.02715098907
2022-10-11,VIXCLS,0.06988533027
2022-10-12,VIXCLS,-0.00178571476
2022-10-13,VIXCLS,-0.04977366821
2022-10-14,VIXCLS,0.002501564782
2022-10-17,VIXCLS,-0.02050868537
2022-10-18,VIXCLS,-0.02812533859
2022-10-19,VIXCLS,0.008488461024
2022-10-20,VIXCLS,-0.02568465196
2022-10-21,VIXCLS,-0.009720203899
2022-10-24,VIXCLS,0.005374551063
2022-10-25,VIXCLS,-0.04768524718
2022-10-26,VIXCLS,-0.04234575969
2022-10-27,VIXCLS,0.0040241503
2022-10-28,VIXCLS,-0.06174335617
2022-10-31,VIXCLS,0.005035842523
2022-11-01,VIXCLS,-0.002708455902
2022-11-02,VIXCLS,0.001935359613
2022-11-03,VIXCLS,-0.02189297761
2022-11-04,VIXCLS,-0.03009254149
2022-11-07,VIXCLS,-0.008180004712
2022-11-08,VIXCLS,0.04771400108
2022-11-09,VIXCLS,0.02130624854
2022-11-10,VIXCLS,-0.1032758964
2022-11-14,VIXCLS,0.008463867708
2022-11-15,VIXCLS,0.03356436884
2022-11-16,VIXCLS,-0.01767774709
2022-11-17,VIXCLS,-0.007493790273
2022-11-18,VIXCLS,-0.03443485812
2022-11-21,VIXCLS,-0.03342439552
2022-11-22,VIXCLS,-0.04903616938
2022-11-23,VIXCLS,-0.04515656702
2022-11-25,VIXCLS,0.007343974256
2022-11-28,VIXCLS,0.08011775176
2022-11-29,VIXCLS,-0.01451272637
2022-11-30,VIXCLS,-0.06171018113
2022-12-01,VIXCLS,-0.03661962855
2022-12-02,VIXCLS,-0.04010820363
2022-12-05,VIXCLS,0.08495434845
2022-12-06,VIXCLS,0.06619377695
2022-12-07,VIXCLS,0.02274345523
2022-12-08,VIXCLS,-0.01734533146
2022-12-09,VIXCLS,0.02393731314
2022-12-12,VIXCLS,0.09080036433
2022-12-13,VIXCLS,-0.1031407589
2022-12-14,VIXCLS,-0.06456808551
2022-12-15,VIXCLS,0.0769084801
2022-12-16,VIXCLS,-0.009240989854
2022-12-19,VIXCLS,-0.008881053044
2022-12-20,VIXCLS,-0.042831148
2022-12-21,VIXCLS,-0.06789610683
2022-12-22,VIXCLS,0.09045172359
2022-12-23,VIXCLS,-0.05136516531
2022-12-27,VIXCLS,0.03669273336
2022-12-28,VIXCLS,0.02238047283
2022-12-29,VIXCLS,-0.03212759108
2022-12-30,VIXCLS,0.01067047935
2023-01-03,VIXCLS,0.05520809501
2023-01-04,VIXCLS,-0.03964001502
2023-01-05,VIXCLS,0.02023905377
2023-01-06,VIXCLS,-0.06104211768
2023-01-09,VIXCLS,0.03898405477
2023-01-10,VIXCLS,-0.06535815599
2023-01-11,VIXCLS,0.02447926408
2023-01-12,VIXCLS,-0.1133476518
2023-01-13,VIXCLS,-0.02582176817
2023-01-17,VIXCLS,0.05357950735
2023-01-18,VIXCLS,0.04938030877
2023-01-19,VIXCLS,0.008810629682
2023-01-20,VIXCLS,-0.03319601317
2023-01-23,VIXCLS,-0.002017146423
2023-01-24,VIXCLS,-0.03127658168
2023-01-25,VIXCLS,-0.006269613014
2023-01-26,VIXCLS,-0.01851414956
2023-01-27,VIXCLS,-0.01181538987
2023-01-30,VIXCLS,0.07441663795
2023-01-31,VIXCLS,-0.02745469846
2023-02-01,VIXCLS,-0.0821497369
2023-02-02,VIXCLS,0.04700318728
2023-02-03,VIXCLS,-0.0215874546
2023-02-06,VIXCLS,0.05827920154
2023-02-07,VIXCLS,-0.04043606797
2023-02-08,VIXCLS,0.05067681287
2023-02-09,VIXCLS,0.05355766712
2023-02-10,VIXCLS,-0.008729444377
2023-02-13,VIXCLS,-0.00929784041
2023-02-14,VIXCLS,-0.07289850795
2023-02-15,VIXCLS,-0.03662229398
2023-02-16,VIXCLS,0.1011277633
2023-02-17,VIXCLS,-0.007464578079
2023-02-21,VIXCLS,0.1330942341
2023-02-22,VIXCLS,-0.02568786064
2023-02-23,VIXCLS,-0.05297116696
2023-02-24,VIXCLS,0.02476183511
2023-02-27,VIXCLS,-0.03379016918
2023-02-28,VIXCLS,-0.0120049461
2023-03-01,VIXCLS,-0.005813969865
2023-03-02,VIXCLS,-0.04930049845
2023-03-03,VIXCLS,-0.05778918656
2023-03-06,VIXCLS,0.006469025255
2023-03-07,VIXCLS,0.0513201613
2023-03-08,VIXCLS,-0.0248074737
2023-03-09,VIXCLS,0.168180528
2023-03-10,VIXCLS,0.09245136688
2023-03-13,VIXCLS,0.06705551215
2023-03-14,VIXCLS,-0.1111590949
2023-03-15,VIXCLS,0.09672663775
2023-03-16,VIXCLS,-0.1284073694
2023-03-17,VIXCLS,0.1040111934
2023-03-20,VIXCLS,-0.05478615206
2023-03-21,VIXCLS,-0.1218284745
2023-03-22,VIXCLS,0.04033544025
2023-03-23,VIXCLS,0.01560094044
2023-03-24,VIXCLS,-0.0392384046
2023-03-27,VIXCLS,-0.0538628059
2023-03-28,VIXCLS,-0.03105992837
2023-03-29,VIXCLS,-0.0434962398
2023-03-30,VIXCLS,-0.005243850506
2023-03-31,VIXCLS,-0.01696753326
2023-04-03,VIXCLS,-0.008053734807
2023-04-04,VIXCLS,0.02396919011
2023-04-05,VIXCLS,0.004201686854
2023-04-06,VIXCLS,-0.03629000141
2023-04-10,VIXCLS,0.03050811933
2023-04-11,VIXCLS,0.006829551106
2023-04-12,VIXCLS,-0.0005236973149
2023-04-13,VIXCLS,-0.06996618044
2023-04-14,VIXCLS,-0.04187592049
2023-04-17,VIXCLS,-0.00705470298
2023-04-18,VIXCLS,-0.007104825624
2023-04-19,VIXCLS,-0.02222981295
2023-04-20,VIXCLS,0.04223047966
2023-04-21,VIXCLS,-0.02357209907
2023-04-24,VIXCLS,0.007130154985
2023-04-25,VIXCLS,0.1050052128
2023-04-26,VIXCLS,0.00425532557
2023-04-27,VIXCLS,-0.1010057745
2023-04-28,VIXCLS,-0.07623317926
2023-05-01,VIXCLS,0.01883294833
2023-05-02,VIXCLS,0.1004979663
2023-05-03,VIXCLS,0.03101023674
2023-05-04,VIXCLS,0.091137712
2023-05-05,VIXCLS,-0.1558943594
2023-05-08,VIXCLS,-0.01229163851
2023-05-09,VIXCLS,0.04209327091
2023-05-10,VIXCLS,-0.04445176257
2023-05-11,VIXCLS,-0.0005904930789
2023-05-12,VIXCLS,0.00588929853
2023-05-15,VIXCLS,0.005270876039
2023-05-16,VIXCLS,0.04956867725
2023-05-17,VIXCLS,-0.0642791514
2023-05-18,VIXCLS,-0.04982804698
2023-05-19,VIXCLS,0.04626509784
2023-05-22,VIXCLS,0.0235166628
2023-05-23,VIXCLS,0.07390043007
2023-05-24,VIXCLS,0.07784010938
2023-05-25,VIXCLS,-0.04545076365
2023-05-26,VIXCLS,-0.06419027109
2023-05-30,VIXCLS,-0.02767756452
2023-05-31,VIXCLS,0.02712030622
2023-06-01,VIXCLS,-0.1365619396
2023-06-02,VIXCLS,-0.06944938827
2023-06-05,VIXCLS,0.00886470176
2023-06-06,VIXCLS,-0.05369013314
2023-06-07,VIXCLS,-0.001433692002
2023-06-08,VIXCLS,-0.0210228837
2023-06-09,VIXCLS,0.01310062405
2023-06-12,VIXCLS,0.08187649997
2023-06-13,VIXCLS,-0.02701041988
2023-06-14,VIXCLS,-0.05125727068
2023-06-15,VIXCLS,0.04369969435
2023-06-16,VIXCLS,-0.06850038194
2023-06-20,VIXCLS,0.02480068759
2023-06-21,VIXCLS,-0.05023212549
2023-06-22,VIXCLS,-0.02221462473
2023-06-23,VIXCLS,0.04023313024
2023-06-26,VIXCLS,0.05852157162
2023-06-27,VIXCLS,-0.03644561992
2023-06-28,VIXCLS,-0.02282027626
2023-06-29,VIXCLS,0.008157256949
2023-06-30,VIXCLS,0.003685960679
2023-07-03,VIXCLS,-0.001472754316
2023-07-05,VIXCLS,0.04397104726
2023-07-06,VIXCLS,0.08512902349
2023-07-07,VIXCLS,-0.04030938845
2023-07-10,VIXCLS,0.01605385649
2023-07-11,VIXCLS,-0.0153797749
2023-07-12,VIXCLS,-0.09167797026
2023-07-13,VIXCLS,0.005156549179
2023-07-14,VIXCLS,-0.02003777618
2023-07-17,VIXCLS,0.010440065
2023-07-18,VIXCLS,-0.01344307026
2023-07-19,VIXCLS,0.03400179728
2023-07-20,VIXCLS,0.01657695617
2023-07-21,VIXCLS,-0.02827299594
2023-07-24,VIXCLS,0.02253821319
2023-07-25,VIXCLS,-0.003601012174
2023-07-26,VIXCLS,-0.04954802703
2023-07-27,VIXCLS,0.08846344328
2023-07-28,VIXCLS,-0.07790527582
2023-07-31,VIXCLS,0.02225611152
2023-08-01,VIXCLS,0.02177154208
2023-08-02,VIXCLS,0.1441531732
2023-08-03,VIXCLS,-0.01062178059
2023-08-04,VIXCLS,0.07150228309
2023-08-07,VIXCLS,-0.08096906253
2023-08-08,VIXCLS,0.01385412587
2023-08-09,VIXCLS,-0.001877934824
2023-08-10,VIXCLS,-0.006916091698
2023-08-11,VIXCLS,-0.06584326258
2023-08-14,VIXCLS,-0.001348617871
2023-08-15,VIXCLS,0.1049555754
2023-08-16,VIXCLS,0.01925450579
2023-08-17,VIXCLS,0.06405419648
2023-08-18,VIXCLS,-0.03353539602
2023-08-21,VIXCLS,-0.009875189168
2023-08-22,VIXCLS,-0.00938423309
2023-08-23,VIXCLS,-0.06010913891
2023-08-24,VIXCLS,0.07357144348
2023-08-25,VIXCLS,-0.0925233689
2023-08-28,VIXCLS,-0.03901665234
2023-08-29,VIXCLS,-0.04267494802
2023-08-30,VIXCLS,-0.04024545948
2023-08-31,VIXCLS,-0.02258748123
2023-09-01,VIXCLS,-0.03601289392
2023-09-05,VIXCLS,0.06792278043
2023-09-06,VIXCLS,0.03092305421
2023-09-07,VIXCLS,-0.003466207976
2023-09-08,VIXCLS,-0.03966525639
2023-09-11,VIXCLS,-0.002894358026
2023-09-12,VIXCLS,0.03068381994
2023-09-13,VIXCLS,-0.05414530662
2023-09-14,VIXCLS,-0.05020065399
2023-09-15,VIXCLS,0.07293724031
2023-09-18,VIXCLS,0.01511363781
2023-09-19,VIXCLS,0.007826436249
2023-09-20,VIXCLS,0.07045648214
2023-09-21,VIXCLS,0.1471437389
2023-09-22,VIXCLS,-0.01957460312
2023-09-25,VIXCLS,-0.01759576189
2023-09-26,VIXCLS,0.1139624658
2023-09-27,VIXCLS,-0.03875619593
2023-09-28,VIXCLS,-0.04950392048
2023-09-29,VIXCLS,0.01032711416
2023-10-02,VIXCLS,0.005123837
2023-10-03,VIXCLS,0.1162044037
2023-10-04,VIXCLS,-0.06258559281
2023-10-05,VIXCLS,-0.004855687987
2023-10-06,VIXCLS,-0.05789039675
2023-10-10,VIXCLS,-0.02436315397
2023-10-11,VIXCLS,-0.05677853367
2023-10-12,VIXCLS,0.03661177667
2023-10-13,VIXCLS,0.1463310911
2023-10-16,VIXCLS,-0.1156502186
2023-10-17,VIXCLS,0.03819215952
2023-10-18,VIXCLS,0.0722686338
2023-10-19,VIXCLS,0.1074395185
2023-10-20,VIXCLS,0.01438206186
2023-10-23,VIXCLS,-0.06370975365
2023-10-24,VIXCLS,-0.07120444629
2023-10-25,VIXCLS,0.06232864838
2023-10-26,VIXCLS,0.02397961732
2023-10-27,VIXCLS,0.02813057957
2023-10-30,VIXCLS,-0.07414413787
2023-10-31,VIXCLS,-0.08503404666
2023-11-01,VIXCLS,-0.07258254813
2023-11-02,VIXCLS,-0.074427206
2023-11-03,VIXCLS,-0.04907756179
2023-11-06,VIXCLS,-0.001342282081
2023-11-07,VIXCLS,-0.005387218416
2023-11-08,VIXCLS,-0.02460821372
2023-11-09,VIXCLS,0.05650460538
2023-11-10,VIXCLS,-0.07607196624
2023-11-13,VIXCLS,0.04079376547
2023-11-14,VIXCLS,-0.04149973091
2023-11-15,VIXCLS,0.001411432838
2023-11-16,VIXCLS,0.009824640429
2023-11-17,VIXCLS,-0.03698856937
2023-11-20,VIXCLS,-0.02866789487
2023-11-21,VIXCLS,-0.004484312447
2023-11-22,VIXCLS,-0.03817257351
2023-11-24,VIXCLS,-0.03082029798
2023-11-27,VIXCLS,0.01829076837
2023-11-28,VIXCLS,0
2023-11-29,VIXCLS,0.02259542955
2023-11-30,VIXCLS,-0.004633212921
2023-12-01,VIXCLS,-0.02270156199
2023-12-04,VIXCLS,0.03500940967
2023-12-05,VIXCLS,-0.01774053469
2023-12-06,VIXCLS,0.009295186987
2023-12-07,VIXCLS,0.00691512552
2023-12-08,VIXCLS,-0.05589806077
2023-12-11,VIXCLS,0.02241887329
2023-12-12,VIXCLS,-0.04535190125
2023-12-13,VIXCLS,0.009892908384
2023-12-14,VIXCLS,0.02351141945
2023-12-15,VIXCLS,-0.01615544022
2023-12-18,VIXCLS,0.02254523832
2023-12-19,VIXCLS,-0.002391392132
2023-12-20,VIXCLS,0.08707788183
2023-12-21,VIXCLS,-0.001464129105
2023-12-22,VIXCLS,-0.04648513049
2023-12-26,VIXCLS,-0.003074560454
2023-12-27,VIXCLS,-0.04406692516
2023-12-28,VIXCLS,0.003212854169
2023-12-29,VIXCLS,-0.001605136781
2024-01-02,VIXCLS,0.05849620668
2024-01-03,VIXCLS,0.06169356901
2024-01-04,VIXCLS,0.006389798099
2024-01-05,VIXCLS,-0.05678381185
2024-01-08,VIXCLS,-0.02043203882
2024-01-09,VIXCLS,-0.02476906811
2024-01-10,VIXCLS,-0.00550099619
2024-01-11,VIXCLS,-0.01989719442
2024-01-12,VIXCLS,0.02068490615
2024-01-16,VIXCLS,0.08596095672
2024-01-17,VIXCLS,0.06638832653
2024-01-18,VIXCLS,-0.04565108003
2024-01-19,VIXCLS,-0.06053616147
2024-01-22,VIXCLS,-0.008305068498
2024-01-23,VIXCLS,-0.04973830115
2024-01-24,VIXCLS,0.04594034748
2024-01-25,VIXCLS,0.02331809299
2024-01-26,VIXCLS,-0.01422712129
2024-01-29,VIXCLS,0.02531780798
2024-01-30,VIXCLS,-0.02155416033
2024-01-31,VIXCLS,0.0752343098
2024-02-01,VIXCLS,-0.03330098713
2024-02-02,VIXCLS,-0.002163722445
2024-02-05,VIXCLS,-0.0130815819
2024-02-06,VIXCLS,-0.04564952689
2024-02-07,VIXCLS,-0.01776794522
2024-02-08,VIXCLS,-0.003122563037
2024-02-09,VIXCLS,0.01088657719
2024-02-12,VIXCLS,0.07449459501
2024-02-13,VIXCLS,0.1291247125
2024-02-14,VIXCLS,-0.09733114803
2024-02-15,VIXCLS,-0.02606699194
2024-02-16,VIXCLS,0.01628354563
2024-02-20,VIXCLS,0.07961046215
2024-02-21,VIXCLS,-0.005201572196
2024-02-22,VIXCLS,-0.05356032383
2024-02-23,VIXCLS,-0.05586464799
2024-02-26,VIXCLS,-0.0007275373184
2024-02-27,VIXCLS,-0.02282027626
2024-02-28,VIXCLS,0.03007193965
2024-02-29,VIXCLS,-0.03230824323
2024-03-01,VIXCLS,-0.02187940918
2024-03-04,VIXCLS,0.02857337244
2024-03-05,VIXCLS,0.06943754651
2024-03-06,VIXCLS,0.002762432696
2024-03-07,VIXCLS,-0.004146515962
2024-03-08,VIXCLS,0.0205627533
2024-03-11,VIXCLS,0.03204546567
2024-03-12,VIXCLS,-0.09504740224
2024-03-13,VIXCLS,-0.006524126077
2024-03-14,VIXCLS,0.04618938247
2024-03-15,VIXCLS,0.0006942034295
2024-03-18,VIXCLS,-0.005567168171
2024-03-19,VIXCLS,-0.0362384235
2024-03-20,VIXCLS,-0.05809526184
2024-03-21,VIXCLS,-0.009245058144
2024-03-22,VIXCLS,0.01077762549
2024-03-25,VIXCLS,0.009904842881
2024-03-26,VIXCLS,0.00378358378
2024-03-27,VIXCLS,-0.03536110156
2024-03-28,VIXCLS,0.01783684358
2024-04-01,VIXCLS,0.04802122911
2024-04-02,VIXCLS,0.06796670413
2024-04-03,VIXCLS,-0.01935098392
2024-04-04,VIXCLS,0.1318726555
2024-04-05,VIXCLS,-0.01976593072
2024-04-08,VIXCLS,-0.05382465001
2024-04-09,VIXCLS,-0.01392133852
2024-04-10,VIXCLS,0.05329396194
2024-04-11,VIXCLS,-0.05797781126
2024-04-12,VIXCLS,0.1492522404
2024-04-15,VIXCLS,0.1051871904
2024-04-16,VIXCLS,-0.04412089499
2024-04-17,VIXCLS,-0.01037977088
2024-04-18,VIXCLS,-0.01159913584
2024-04-19,VIXCLS,0.03868638239
2024-04-22,VIXCLS,-0.09938045106
2024-04-23,VIXCLS,-0.07665412248
2024-04-24,VIXCLS,0.01768839548
2024-04-25,VIXCLS,-0.03829440468
2024-04-26,VIXCLS,-0.02236935379
2024-04-29,VIXCLS,-0.02424361161
2024-04-30,VIXCLS,0.06466632483
2024-05-01,VIXCLS,-0.01675296914
2024-05-02,VIXCLS,-0.04723192466
2024-05-03,VIXCLS,-0.08453735297
2024-05-06,VIXCLS,0
2024-05-07,VIXCLS,-0.01946169209
2024-05-08,VIXCLS,-0.01753762067
2024-05-09,VIXCLS,-0.02413507574
2024-05-10,VIXCLS,-0.01109361615
2024-05-13,VIXCLS,0.08034912716
2024-05-14,VIXCLS,-0.0133236612
2024-05-15,VIXCLS,-0.07502550863
2024-05-16,VIXCLS,-0.002412546405
2024-05-17,VIXCLS,-0.03523510747
2024-05-20,VIXCLS,0.01325620075
2024-05-21,VIXCLS,-0.02415777622
2024-05-22,VIXCLS,0.03561453001
2024-05-23,VIXCLS,0.03831274647
2024-05-24,VIXCLS,-0.06804243393
2024-05-28,VIXCLS,0.07972026224
2024-05-29,VIXCLS,0.1000834586
2024-05-30,VIXCLS,0.01321758373
2024-05-31,VIXCLS,-0.1133010423
2024-06-03,VIXCLS,0.01459879942
2024-06-04,VIXCLS,0.003806628122
2024-06-05,VIXCLS,-0.04110698953
2024-06-06,VIXCLS,-0.00396668509
2024-06-07,VIXCLS,-0.02903429753
2024-06-10,VIXCLS,0.0416726964
2024-06-11,VIXCLS,0.008597161197
2024-06-12,VIXCLS,-0.06510937146
2024-06-13,VIXCLS,-0.008340331916
2024-06-14,VIXCLS,0.05855330875
2024-06-17,VIXCLS,0.007083854888
2024-06-18,VIXCLS,-0.03593200923
2024-06-20,VIXCLS,0.07665988167
2024-06-21,VIXCLS,-0.006042314456
2024-06-24,VIXCLS,0.009800304598
2024-06-25,VIXCLS,-0.03745183593
2024-06-26,VIXCLS,-0.02284463268
2024-06-27,VIXCLS,-0.02501138849
2024-06-28,VIXCLS,0.01620781023
2024-07-01,VIXCLS,-0.01784313357
2024-07-02,VIXCLS,-0.01567042376
2024-07-03,VIXCLS,0.00497513464
2024-07-05,VIXCLS,0.03174869831
2024-07-08,VIXCLS,-0.008853176537
2024-07-09,VIXCLS,0.01125413807
2024-07-10,VIXCLS,0.02681548686
2024-07-11,VIXCLS,0.005432687013
2024-07-12,VIXCLS,-0.036252985
2024-07-15,VIXCLS,0.05161427016
2024-07-16,VIXCLS,0.005321183213
2024-07-17,VIXCLS,0.09330942023
2024-07-18,VIXCLS,0.09543573696
2024-07-19,VIXCLS,0.03636764417
2024-07-22,VIXCLS,-0.1025396393
2024-07-23,VIXCLS,-0.01282501548
2024-07-24,VIXCLS,0.2033844013
2024-07-25,VIXCLS,0.02301471444
2024-07-26,VIXCLS,-0.1189348363
2024-07-29,VIXCLS,0.01273130261
2024-07-30,VIXCLS,0.06359681281
2024-07-31,VIXCLS,-0.078160177
2024-08-01,VIXCLS,0.1277844706
2024-08-02,VIXCLS,0.2296847789
2024-08-05,VIXCLS,0.5001661916
2024-08-06,VIXCLS,-0.3306814133
2024-08-07,VIXCLS,0.005039607498
2024-08-08,VIXCLS,-0.1575676421
2024-08-09,VIXCLS,-0.1552020941
2024-08-12,VIXCLS,0.01655344517
2024-08-13,VIXCLS,-0.1336003748
2024-08-14,VIXCLS,-0.1126225329
2024-08-15,VIXCLS,-0.06112660078
2024-08-16,VIXCLS,-0.02863998614
2024-08-19,VIXCLS,-0.01018684531
2024-08-20,VIXCLS,0.08062012036
2024-08-21,VIXCLS,0.02426246541
2024-08-22,VIXCLS,0.07573102868
2024-08-23,VIXCLS,-0.1012537337
2024-08-26,VIXCLS,0.01811983346
2024-08-27,VIXCLS,-0.04560638329
2024-08-28,VIXCLS,0.1033494215
2024-08-29,VIXCLS,-0.08919217092
2024-08-30,VIXCLS,-0.04242071588
2024-09-03,VIXCLS,0.3230492163
2024-09-04,VIXCLS,0.02854618191
2024-09-05,VIXCLS,-0.06892586757
2024-09-06,VIXCLS,0.1174479712
2024-09-09,VIXCLS,-0.1403206328
2024-09-10,VIXCLS,-0.01920640404
2024-09-11,VIXCLS,-0.07564115785
2024-09-12,VIXCLS,-0.03567697137
2024-09-13,VIXCLS,-0.03033238785
2024-09-16,VIXCLS,0.03442476421
2024-09-17,VIXCLS,0.02705200934
2024-09-18,VIXCLS,0.03460166618
2024-09-19,VIXCLS,-0.1100646817
2024-09-20,VIXCLS,-0.01108385731
2024-09-23,VIXCLS,-0.01623006912
2024-09-24,VIXCLS,-0.0319720327
2024-09-25,VIXCLS,0.001298701481
2024-09-26,VIXCLS,-0.002599091782
2024-09-27,VIXCLS,0.09844007281
2024-09-30,VIXCLS,-0.01365411537
2024-10-01,VIXCLS,0.1408268914
2024-10-02,VIXCLS,-0.0188684843
2024-10-03,VIXCLS,0.08077504019
2024-10-04,VIXCLS,-0.06450598547
2024-10-07,VIXCLS,0.1642872766
2024-10-08,VIXCLS,-0.05539318832
2024-10-09,VIXCLS,-0.02649161545
2024-10-10,VIXCLS,0.003350086885
2024-10-11,VIXCLS,-0.02271177593
2024-10-15,VIXCLS,0.00875918009
2024-10-16,VIXCLS,-0.05272230351
2024-10-17,VIXCLS,-0.02429687885
2024-10-18,VIXCLS,-0.05817472104
2024-10-21,VIXCLS,0.01868186201
2024-10-22,VIXCLS,-0.009297305144
2024-10-23,VIXCLS,0.05556985115
2024-10-24,VIXCLS,-0.008350779217
2024-10-25,VIXCLS,0.06345696162
2024-10-28,VIXCLS,-0.02641568994
2024-10-29,VIXCLS,-0.02350644768
2024-10-30,VIXCLS,0.05090542186
2024-10-31,VIXCLS,0.1293457408
2024-11-01,VIXCLS,-0.05685367515
2024-11-04,VIXCLS,0.004559971422
2024-11-05,VIXCLS,-0.07019598672
2024-11-06,VIXCLS,-0.230614041
2024-11-07,VIXCLS,-0.06802749338
2024-11-08,VIXCLS,-0.01725324815
2024-11-12,VIXCLS,-0.01551464509
2024-11-13,VIXCLS,-0.04804265301
2024-11-14,VIXCLS,0.02047371196
2024-11-15,VIXCLS,0.1203420693
2024-11-18,VIXCLS,-0.0353126224
2024-11-19,VIXCLS,0.0482398569
2024-11-20,VIXCLS,0.04835319672
2024-11-21,VIXCLS,-0.0170441975
2024-11-22,VIXCLS,-0.1016133463
2024-11-25,VIXCLS,-0.04290202154
2024-11-26,VIXCLS,-0.03484673133
2024-11-27,VIXCLS,0
2024-11-29,VIXCLS,-0.04274464541
2024-12-02,VIXCLS,-0.01266311148
2024-12-03,VIXCLS,-0.00300300526
2024-12-04,VIXCLS,0.01121507082
2024-12-05,VIXCLS,0.006669161436
2024-12-06,VIXCLS,-0.05854959744
2024-12-09,VIXCLS,0.1054388211
2024-12-10,VIXCLS,-0.000704970068
2024-12-11,VIXCLS,-0.04323439897
2024-12-12,VIXCLS,0.02472853278
2024-12-13,VIXCLS,-0.007933687485
2024-12-16,VIXCLS,0.06177402276
2024-12-17,VIXCLS,0.07726354435
2024-12-18,VIXCLS,0.5541096134
2024-12-19,VIXCLS,-0.1367433314
2024-12-20,VIXCLS,-0.2716224314
2024-12-23,VIXCLS,-0.08998668415
2024-12-24,VIXCLS,-0.1620282696
2024-12-26,VIXCLS,0.03172679899
2024-12-27,VIXCLS,0.07957259876
2024-12-30,VIXCLS,0.08701137699
2024-12-31,VIXCLS,-0.002877699828
2025-01-02,VIXCLS,0.03288278122
2025-01-03,VIXCLS,-0.1057943955
2025-01-06,VIXCLS,-0.005595289699
2025-01-07,VIXCLS,0.1052358196
2025-01-08,VIXCLS,-0.006756782463
2025-01-09,VIXCLS,0.02068846502
2025-01-10,VIXCLS,0.07821054201
2025-01-13,VIXCLS,-0.0180743366
2025-01-14,VIXCLS,-0.02533116973
2025-01-15,VIXCLS,-0.1489974032
2025-01-16,VIXCLS,0.02934195828
2025-01-17,VIXCLS,-0.03869073314
2025-01-21,VIXCLS,-0.05866973986
2025-01-22,VIXCLS,0.002652521449
2025-01-23,VIXCLS,-0.005312097485
2025-01-24,VIXCLS,-0.01138278109
2025-01-27,VIXCLS,0.1868008476
2025-01-28,VIXCLS,-0.08690980774
2025-01-29,VIXCLS,0.009099243855
2025-01-30,VIXCLS,-0.04445176257
2025-01-31,VIXCLS,0.03657054566
2025-02-03,VIXCLS,0.1251273398
2025-02-04,VIXCLS,-0.07874566163
2025-02-05,VIXCLS,-0.08738120925
2025-02-06,VIXCLS,-0.01726937705
2025-02-07,VIXCLS,0.06494166567
2025-02-10,VIXCLS,-0.04513903837
2025-02-11,VIXCLS,0.01319529042
2025-02-12,VIXCLS,-0.008147961092
2025-02-13,VIXCLS,-0.05099523673
2025-02-14,VIXCLS,-0.02209664728
2025-02-18,VIXCLS,0.03851737749
2025-02-19,VIXCLS,-0.005225354803
2025-02-20,VIXCLS,0.02521957133
2025-02-21,VIXCLS,0.1508612032
2025-02-24,VIXCLS,0.04141489944
2025-02-25,VIXCLS,0.02343247021
2025-02-26,VIXCLS,-0.01712992834
2025-02-27,VIXCLS,0.1010054966
2025-02-28,VIXCLS,-0.07363482334
2025-03-03,VIXCLS,0.1488239497
2025-03-04,VIXCLS,0.03154290453
2025-03-05,VIXCLS,-0.06957030012
2025-03-06,VIXCLS,0.1258066954
2025-03-07,VIXCLS,-0.06220910926
2025-03-10,VIXCLS,0.1757388198
2025-03-11,VIXCLS,-0.03432246358
2025-03-12,VIXCLS,-0.1052779699
2025-03-13,VIXCLS,0.01759096291
2025-03-14,VIXCLS,-0.1246496225
2025-03-17,VIXCLS,-0.05962030316
2025-03-18,VIXCLS,0.05639968846
2025-03-19,VIXCLS,-0.08659252882
2025-03-20,VIXCLS,-0.00503779403
2025-03-21,VIXCLS,-0.02661364852
2025-03-24,VIXCLS,-0.09801091896
2025-03-25,VIXCLS,-0.01905919662
2025-03-26,VIXCLS,0.06654088824
2025-03-27,VIXCLS,0.01944955962
2025-03-28,VIXCLS,0.147016833
2025-03-31,VIXCLS,0.02868396061
2025-04-01,VIXCLS,-0.02315653981
2025-04-02,VIXCLS,-0.01201493197
2025-04-03,VIXCLS,0.3333458829
2025-04-04,VIXCLS,0.4116639325
2025-04-07,VIXCLS,0.03619422055
2025-04-08,VIXCLS,0.1078478412
2025-04-09,VIXCLS,-0.4424486924
2025-04-10,VIXCLS,0.1915982443
2025-04-11,VIXCLS,-0.0807797179
2025-04-14,VIXCLS,-0.1955071474
2025-04-15,VIXCLS,-0.025243104
2025-04-16,VIXCLS,0.08034912716
2025-04-17,VIXCLS,-0.09607640465
2025-04-21,VIXCLS,0.131590218
2025-04-22,VIXCLS,-0.1010332076
2025-04-23,VIXCLS,-0.07187097533
2025-04-24,VIXCLS,-0.07213614433
2025-04-25,VIXCLS,-0.06355675917
2025-04-28,VIXCLS,0.01240263948
2025-04-29,VIXCLS,-0.03974570183
2025-04-30,VIXCLS,0.02169104892
2025-05-01,VIXCLS,-0.004056800696
2025-05-02,VIXCLS,-0.08126296408
2025-05-05,VIXCLS,0.04145671368
2025-05-06,VIXCLS,0.04628925528
2025-05-07,VIXCLS,-0.05010362735
2025-05-08,VIXCLS,-0.04649979544
2025-05-09,VIXCLS,-0.0261393882
2025-05-12,VIXCLS,-0.1746795982
2025-05-13,VIXCLS,-0.009287146784
2025-05-14,VIXCLS,0.02171638002
2025-05-15,VIXCLS,-0.04335383997
2025-05-16,VIXCLS,-0.03365016664
2025-05-19,VIXCLS,0.05088717945
2025-05-20,VIXCLS,-0.00276014528
2025-05-21,VIXCLS,0.1429534217
2025-05-22,VIXCLS,-0.02867754237
2025-05-23,VIXCLS,0.09450296867
2025-05-27,VIXCLS,-0.1618066506
2025-05-28,VIXCLS,0.01829159961
2025-05-29,VIXCLS,-0.006755026985
2025-05-30,VIXCLS,-0.03232069409
2025-06-02,VIXCLS,-0.01137299017
2025-06-03,VIXCLS,-0.03717487702
2025-06-04,VIXCLS,-0.004532585664
2025-06-05,VIXCLS,0.04822214371
2025-06-06,VIXCLS,-0.09709749038
2025-06-09,VIXCLS,0.02298951822
2025-06-10,VIXCLS,-0.01231326023
2025-06-11,VIXCLS,0.01812385183
2025-06-12,VIXCLS,0.04309056652
2025-06-13,VIXCLS,0.144431811
2025-06-16,VIXCLS,-0.08570230493
2025-06-17,VIXCLS,0.1224815564
2025-06-18,VIXCLS,-0.0699854274
2025-06-20,VIXCLS,0.0235535913
2025-06-23,VIXCLS,-0.03906553606
2025-06-24,VIXCLS,-0.1261385723
2025-06-25,VIXCLS,-0.04206227517
2025-06-26,VIXCLS,-0.01019499085
2025-06-27,VIXCLS,-0.01640875467
2025-06-30,VIXCLS,0.02481216546
2025-07-01,VIXCLS,0.005959493204
2025-07-02,VIXCLS,-0.01135357281
2025-07-03,VIXCLS,-0.01574835697
2025-07-07,VIXCLS,0.08257542325
2025-07-08,VIXCLS,-0.05666255426
2025-07-09,VIXCLS,-0.05314227406
2025-07-10,VIXCLS,-0.01008835794
2025-07-11,VIXCLS,0.03853801941
2025-07-14,VIXCLS,0.04762804899
2025-07-15,VIXCLS,0.01041073602
2025-07-16,VIXCLS,-0.01273902578
2025-07-17,VIXCLS,-0.03800932597
2025-07-18,VIXCLS,-0.006680862991
2025-07-21,VIXCLS,0.01451931132
2025-07-22,VIXCLS,-0.00904983552
2025-07-23,VIXCLS,-0.07094282336
2025-07-24,VIXCLS,0.0013003903
2025-07-25,VIXCLS,-0.0303453363
2025-07-28,VIXCLS,0.006675592214
2025-07-29,VIXCLS,0.06128973657
2025-07-30,VIXCLS,-0.03178907218
2025-07-31,VIXCLS,0.07705673949
2025-08-01,VIXCLS,0.1979484201
2025-08-04,VIXCLS,-0.1512109423
2025-08-05,VIXCLS,0.01866042272
2025-08-06,VIXCLS,-0.06241193239
2025-08-07,VIXCLS,-0.0119977444
2025-08-08,VIXCLS,-0.08959329948
2025-08-11,VIXCLS,0.07009237682
2025-08-12,VIXCLS,-0.0982066783
2025-08-13,VIXCLS,-0.01642747414
2025-08-14,VIXCLS,0.02319339982
2025-08-15,VIXCLS,0.01738011663
2025-08-18,VIXCLS,-0.006648960665
2025-08-19,VIXCLS,0.03796267373
2025-08-20,VIXCLS,0.007677580899
2025-08-21,VIXCLS,0.05637912862
2025-08-22,VIXCLS,-0.154753271
2025-08-25,VIXCLS,0.03930185235
2025-08-26,VIXCLS,-0.0115608224
2025-08-27,VIXCLS,0.01560941093
2025-08-28,VIXCLS,-0.02869049246
2025-08-29,VIXCLS,0.06245735493
2025-09-02,VIXCLS,0.1113969472
2025-09-03,VIXCLS,-0.04893577757
2025-09-04,VIXCLS,-0.06637506894
2025-09-05,VIXCLS,-0.007874056431
2025-09-08,VIXCLS,-0.004621995683
2025-09-09,VIXCLS,-0.004643457763
2025-09-10,VIXCLS,0.02040215551
2025-09-11,VIXCLS,-0.04258793942
2025-09-12,VIXCLS,0.003393284559
2025-09-15,VIXCLS,0.06110274757
2025-09-16,VIXCLS,0.04181576443
2025-09-17,VIXCLS,-0.03990554417
2025-09-18,VIXCLS,-0.001273074647
2025-09-19,VIXCLS,-0.01605170901
2025-09-22,VIXCLS,0.04121026865
2025-09-23,VIXCLS,0.0329901634
2025-09-24,VIXCLS,-0.02803352376
2025-09-25,VIXCLS,0.03402515343
2025-09-26,VIXCLS,-0.09060204512
2025-09-29,VIXCLS,0.05286171714
2025-09-30,VIXCLS,0.009876623496
2025-10-01,VIXCLS,0.0006140620396
2025-10-02,VIXCLS,0.02065687059
2025-10-03,VIXCLS,0.001201923222
2025-10-06,VIXCLS,-0.01695982504
2025-10-07,VIXCLS,0.05178187385
2025-10-08,VIXCLS,-0.05606715742
2025-10-09,VIXCLS,0.007943824236
2025-10-10,VIXCLS,0.2763583095
2025-10-14,VIXCLS,-0.04003360117
2025-10-15,VIXCLS,-0.008202699792
2025-10-16,VIXCLS,0.2039686339
2025-10-17,VIXCLS,-0.1972085889
2025-10-20,VIXCLS,-0.130922397
2025-10-21,VIXCLS,-0.01994525952
2025-10-22,VIXCLS,0.04003825155
2025-10-23,VIXCLS,-0.07245507922
2025-10-24,VIXCLS,-0.05525611012
2025-10-27,VIXCLS,-0.03607356312
2025-10-28,VIXCLS,0.03912327576
2025-10-29,VIXCLS,0.02999625015
2025-10-30,VIXCLS,-0.0005911912676
2025-10-31,VIXCLS,0.03086125557
2025-11-03,VIXCLS,-0.01560274357
2025-11-04,VIXCLS,0.1012753043
2025-11-05,VIXCLS,-0.05351181998
2025-11-06,VIXCLS,0.07948730638
2025-11-07,VIXCLS,-0.02177379955
2025-11-10,VIXCLS,-0.08074176398
2025-11-12,VIXCLS,-0.005126755746
2025-11-13,VIXCLS,0.1329601273
2025-11-14,VIXCLS,-0.008536331022
2025-11-17,VIXCLS,0.1209717604
2025-11-18,VIXCLS,0.09823060047
2025-11-19,VIXCLS,-0.04261244481
2025-11-20,VIXCLS,0.1103354405
2025-11-21,VIXCLS,-0.1201040466
2025-11-24,VIXCLS,-0.1326172322
2025-11-25,VIXCLS,-0.1003912929
2025-11-26,VIXCLS,-0.07668090796
2025-11-28,VIXCLS,-0.05009992205
2025-12-01,VIXCLS,0.05300436789
2025-12-02,VIXCLS,-0.03843216103
2025-12-03,VIXCLS,-0.03122384045
2025-12-04,VIXCLS,-0.01883294833
2025-12-05,VIXCLS,-0.02372666609
2025-12-08,VIXCLS,0.07799398741
2025-12-09,VIXCLS,0.01607655941
2025-12-10,VIXCLS,-0.07097779517
2025-12-11,VIXCLS,-0.06010953573
2025-12-12,VIXCLS,0.05820537774
2025-12-15,VIXCLS,0.04715513792
2025-12-16,VIXCLS,-0.001212856425
2025-12-17,VIXCLS,0.06688709603
2025-12-18,VIXCLS,-0.04349772395
2025-12-19,VIXCLS,-0.1235047678
2025-12-22,VIXCLS,-0.05727677805
2025-12-23,VIXCLS,-0.005698021115
2025-12-24,VIXCLS,-0.03859233919
2025-12-26,VIXCLS,0.00960480232
2025-12-29,VIXCLS,0.04317217187
2025-12-30,VIXCLS,0.009113277233
2025-12-31,VIXCLS,0.042356058
2026-01-02,VIXCLS,-0.02987323294
2026-01-05,VIXCLS,0.02652314606
2026-01-06,VIXCLS,-0.01011813017
2026-01-07,VIXCLS,0.04182488129
2026-01-08,VIXCLS,0.004541039266
2026-01-09,VIXCLS,-0.06415024701
2026-01-12,VIXCLS,0.04255961442
2026-01-13,VIXCLS,0.05531956959
2026-01-14,VIXCLS,0.04706031793
2026-01-15,VIXCLS,-0.05585987188
2026-01-16,VIXCLS,0.00126182982
2026-01-20,VIXCLS,0.2364219626
2026-01-21,VIXCLS,-0.1729085569
2026-01-22,VIXCLS,-0.07748188681
2026-01-23,VIXCLS,0.02836622589
2026-01-26,VIXCLS,0.003722088664
2026-01-27,VIXCLS,0.01230784767
2026-01-28,VIXCLS,0
2026-01-29,VIXCLS,0.03190159182
2026-01-30,VIXCLS,0.03263692931
2026-02-02,VIXCLS,-0.06515032905
2026-02-03,VIXCLS,0.09675566846
2026-02-04,VIXCLS,0.03493805136
2026-02-05,VIXCLS,0.155223066
2026-02-06,VIXCLS,-0.2035841377
2026-02-09,VIXCLS,-0.02278002833
2026-02-10,VIXCLS,0.02446779245
2026-02-11,VIXCLS,-0.007900718298
2026-02-12,VIXCLS,0.1651782798
2026-02-13,VIXCLS,-0.01062298739
2026-02-17,VIXCLS,-0.01516292196
2026-02-18,VIXCLS,-0.0335786997
2026-02-19,VIXCLS,0.03061719704
2026-02-20,VIXCLS,-0.05800201344
2026-02-23,VIXCLS,0.09583387712
2026-02-24,VIXCLS,-0.07202322843
2026-02-25,VIXCLS,-0.08649999881
2026-02-26,VIXCLS,0.038297897
2026-02-27,VIXCLS,0.063934474
2026-03-02,VIXCLS,0.07655067759
2026-03-03,VIXCLS,0.09471638075
2026-03-04,VIXCLS,-0.1083348115
2026-03-05,VIXCLS,0.115942625
2026-03-06,VIXCLS,0.2164686923
2026-03-09,VIXCLS,-0.1453727707
2026-03-10,VIXCLS,-0.02260655463
2026-03-11,VIXCLS,-0.02848036271
2026-03-12,VIXCLS,0.1189287999
2026-03-13,VIXCLS,-0.003671076076
2026-03-16,VIXCLS,-0.1454233961
2026-03-17,VIXCLS,-0.04970508705
2026-03-18,VIXCLS,0.1147485849
2026-03-19,VIXCLS,-0.04191864983
2026-03-20,VIXCLS,0.1071046297
2026-03-23,VIXCLS,-0.02380614975
2026-03-24,VIXCLS,0.03013410684
2026-03-25,VIXCLS,-0.06199383334
2026-03-26,VIXCLS,0.08001233884
2026-03-27,VIXCLS,0.1235970055
2026-03-30,VIXCLS,-0.01427205542
2026-03-31,VIXCLS,-0.1925005972
2026-04-01,VIXCLS,-0.02852171644
2026-04-02,VIXCLS,-0.02768199893
2026-04-06,VIXCLS,0.01248975436
2026-04-07,VIXCLS,0.0644868028
2026-04-08,VIXCLS,-0.2031736096
2026-04-09,VIXCLS,-0.07652387435
2026-04-10,VIXCLS,-0.01342995392
2026-04-13,VIXCLS,-0.005736651977
2026-04-14,VIXCLS,-0.04056052243
2026-04-15,VIXCLS,-0.01040250278
2026-04-16,VIXCLS,-0.01273902578
2026-04-17,VIXCLS,-0.0259754864
2026-04-20,VIXCLS,0.07651598915
2026-04-21,VIXCLS,0.03284110619
2026-04-22,VIXCLS,-0.03019490195
2026-04-23,VIXCLS,0.02040353282
2026-04-24,VIXCLS,-0.03156495615
2026-04-27,VIXCLS,-0.03757588811
2026-04-28,VIXCLS,-0.01059982031
2026-04-29,VIXCLS,0.05350621144
2026-04-30,VIXCLS,-0.1076669125
2026-05-01,VIXCLS,0.005903204864
2026-05-04,VIXCLS,0.07372952672
2026-05-05,VIXCLS,-0.05103434257
2026-05-06,VIXCLS,0.0005752085289
2026-05-07,VIXCLS,-0.01798714001
2026-05-08,VIXCLS,0.006419631034
2026-05-11,VIXCLS,0.06693529753
2026-05-12,VIXCLS,-0.02144706897
2026-05-13,VIXCLS,-0.006692718791
2026-05-14,VIXCLS,-0.03473164352
2026-05-15,VIXCLS,0.06558808603
2026-05-18,VIXCLS,-0.03365834964
2026-05-19,VIXCLS,0.01337812595
2026-05-20,VIXCLS,-0.03493312951
2026-05-21,VIXCLS,-0.03977132343
2026-05-22,VIXCLS,-0.003586375631
2026-05-26,VIXCLS,0.01839268699
2026-05-27,VIXCLS,-0.04324998379
2026-05-28,VIXCLS,-0.03434617962
2026-05-29,VIXCLS,-0.02704607868
2026-06-01,VIXCLS,0.04654968526
2026-06-02,VIXCLS,-0.0175994486
2026-06-03,VIXCLS,0.01822230754
2026-06-04,VIXCLS,-0.0419641991
2026-06-05,VIXCLS,0.3341504339
2026-06-08,VIXCLS,-0.1282983797
2026-06-09,VIXCLS,0.04899149294
2026-06-10,VIXCLS,0.1117817276
2026-06-11,VIXCLS,-0.1336599852
2026-06-12,VIXCLS,-0.09489874182
2026-06-15,VIXCLS,-0.08742281497
2026-06-16,VIXCLS,0.01287966286
2026-06-17,VIXCLS,0.116631313
2026-06-18,VIXCLS,-0.1172408833
2026-06-22,VIXCLS,0.05226842855
2026-06-23,VIXCLS,0.1203517501
2026-06-24,VIXCLS,-0.04512832891
2026-06-25,VIXCLS,0.0138594969
2026-06-26,VIXCLS,-0.02573868627
2026-06-29,VIXCLS,-0.04215821187
2026-06-30,VIXCLS,-0.07041030617
2026-07-01,VIXCLS,0.008474626991
2026-07-02,VIXCLS,-0.02688005453
2026-07-06,VIXCLS,-0.03657406382
2026-07-07,VIXCLS,0.03533490629
2026-07-08,VIXCLS,0.04663272979
2026-07-09,VIXCLS,-0.06477523554
2026-07-10,VIXCLS,-0.05249018262
2026-07-13,VIXCLS,0.1325328903
2026-07-14,VIXCLS,-0.03922071315
2026-07-15,VIXCLS,-0.05161232454
2026-07-16,VIXCLS,0.06545545863
2026-07-17,VIXCLS,0.1150563356
2026-07-20,VIXCLS,-0.006413704509
2026-07-21,VIXCLS,-0.08969594236
2026-07-22,VIXCLS,-0.02434076834
2026-07-23,VIXCLS,0.1167140885
2026-07-24,VIXCLS,-0.006437790475
2026-07-27,VIXCLS,0.004832224168
2026-07-28,VIXCLS,-0.02494706381
2026-07-29,VIXCLS,0.12622857
2026-07-30,VIXCLS,-0.1897059666
2026-07-31,VIXCLS,-0.06652997028
2026-08-03,VIXCLS,-0.008163310639
2026-08-04,VIXCLS,0.0395601647
2026-08-05,VIXCLS,-0.04271772969
2026-08-06,VIXCLS,-0.04264211927
2026-08-07,VIXCLS,-0.016639319
2026-08-10,VIXCLS,0.03689483021
2026-08-11,VIXCLS,-0.01171125942
2026-08-12,VIXCLS,-0.04895379012
2026-08-13,VIXCLS,0.005483221415
2026-08-14,VIXCLS,-0.02631730832
2026-08-17,VIXCLS,0.06388040989
2026-08-18,VIXCLS,0.04190106978
2026-08-19,VIXCLS,-0.06184853969
2026-08-20,VIXCLS,0.07252368031
2026-08-21,VIXCLS,-0.05653399921
2026-08-24,VIXCLS,0.04648997252
2026-08-25,VIXCLS,-0.02556049698
2026-08-26,VIXCLS,-0.01565589707
2026-08-27,VIXCLS,-0.04711503938
2026-08-28,VIXCLS,-0.00552869411
2026-08-31,VIXCLS,0.03339322199
2026-09-01,VIXCLS,0.09091349466
2026-09-02,VIXCLS,-0.07232066158
2026-09-03,VIXCLS,-0.05963826632
2026-09-04,VIXCLS,0.01455831605
2026-09-08,VIXCLS,0.07871830942
2026-09-09,VIXCLS,0.04599940825
2026-09-10,VIXCLS,0.0805099319
2026-09-11,VIXCLS,-0.1189047408
2026-09-14,VIXCLS,0.07654007712
2026-09-15,VIXCLS,0.005830920311
2026-09-16,VIXCLS,0.02922006798
2026-09-17,VIXCLS,-0.1371679072
2026-09-18,VIXCLS,-0.04165891632
2026-09-21,VIXCLS,0.004043132192
2026-09-22,VIXCLS,-0.04539981836
